2026-02-10 11:00:44.071 [main] DEBUG org.jboss.logging - Logging Provider: org.jboss.logging.Log4j2LoggerProvider
2026-02-10 11:00:44.085 [main] DEBUG org.hibernate.integrator.internal.IntegratorServiceImpl - Adding Integrator [org.hibernate.boot.beanvalidation.BeanValidationIntegrator].
2026-02-10 11:00:44.090 [main] DEBUG org.hibernate.integrator.internal.IntegratorServiceImpl - Adding Integrator [org.hibernate.cache.internal.CollectionCacheInvalidator].
2026-02-10 11:00:44.122 [main] INFO  org.hibernate.Version - HHH000412: Hibernate ORM core version 6.4.4.Final
2026-02-10 11:00:44.124 [main] DEBUG org.hibernate.cfg.Environment - HHH000206: 'hibernate.properties' not found
2026-02-10 11:00:44.174 [main] DEBUG org.hibernate.boot.jaxb.internal.stax.LocalXmlResourceResolver - Checking public/system identifiers `-//Hibernate/Hibernate Configuration DTD 3.0//EN`/`https://hibernate.org/dtd/hibernate-configuration-3.0.dtd` as DTD references
2026-02-10 11:00:44.182 [main] DEBUG org.hibernate.boot.cfgxml.internal.JaxbCfgProcessor - cfg.xml document did not define namespaces; wrapping in custom event reader to introduce namespace information
2026-02-10 11:00:44.374 [main] DEBUG org.hibernate.orm.idgen.factory - Ignoring CDI for resolving IdentifierGenerator instances as extended or delayed CDI support was enabled
2026-02-10 11:00:44.378 [main] DEBUG org.hibernate.orm.idgen.factory - Registering IdentifierGenerator strategy [uuid2] -> [org.hibernate.id.UUIDGenerator]
2026-02-10 11:00:44.379 [main] DEBUG org.hibernate.orm.idgen.factory - Registering IdentifierGenerator strategy [guid] -> [org.hibernate.id.GUIDGenerator]
2026-02-10 11:00:44.380 [main] DEBUG org.hibernate.orm.idgen.factory - Registering IdentifierGenerator strategy [uuid] -> [org.hibernate.id.UUIDHexGenerator]
2026-02-10 11:00:44.380 [main] DEBUG org.hibernate.orm.idgen.factory - Registering IdentifierGenerator strategy [uuid.hex] -> [org.hibernate.id.UUIDHexGenerator]
2026-02-10 11:00:44.381 [main] DEBUG org.hibernate.orm.idgen.factory - Registering IdentifierGenerator strategy [assigned] -> [org.hibernate.id.Assigned]
2026-02-10 11:00:44.382 [main] DEBUG org.hibernate.orm.idgen.factory - Registering IdentifierGenerator strategy [identity] -> [org.hibernate.id.IdentityGenerator]
2026-02-10 11:00:44.382 [main] DEBUG org.hibernate.orm.idgen.factory - Registering IdentifierGenerator strategy [select] -> [org.hibernate.id.SelectGenerator]
2026-02-10 11:00:44.383 [main] DEBUG org.hibernate.orm.idgen.factory - Registering IdentifierGenerator strategy [sequence] -> [org.hibernate.id.enhanced.SequenceStyleGenerator]
2026-02-10 11:00:44.383 [main] DEBUG org.hibernate.orm.idgen.factory - Registering IdentifierGenerator strategy [increment] -> [org.hibernate.id.IncrementGenerator]
2026-02-10 11:00:44.384 [main] DEBUG org.hibernate.orm.idgen.factory - Registering IdentifierGenerator strategy [foreign] -> [org.hibernate.id.ForeignGenerator]
2026-02-10 11:00:44.384 [main] DEBUG org.hibernate.orm.idgen.factory - Registering IdentifierGenerator strategy [enhanced-sequence] -> [org.hibernate.id.enhanced.SequenceStyleGenerator]
2026-02-10 11:00:44.384 [main] DEBUG org.hibernate.orm.idgen.factory - Registering IdentifierGenerator strategy [enhanced-table] -> [org.hibernate.id.enhanced.TableGenerator]
2026-02-10 11:00:44.393 [main] DEBUG org.hibernate.cache.internal.RegionFactoryInitiator - Cannot default RegionFactory based on registered strategies as `[]` RegionFactory strategies were registered
2026-02-10 11:00:44.394 [main] INFO  org.hibernate.cache.internal.RegionFactoryInitiator - HHH000026: Second-level cache disabled
2026-02-10 11:00:44.486 [main] DEBUG org.hibernate.type.BasicTypeRegistry - Adding type registration boolean -> org.hibernate.type.BasicTypeReference@74f7d1d2
2026-02-10 11:00:44.486 [main] DEBUG org.hibernate.type.BasicTypeRegistry - Adding type registration boolean -> org.hibernate.type.BasicTypeReference@74f7d1d2
2026-02-10 11:00:44.486 [main] DEBUG org.hibernate.type.BasicTypeRegistry - Adding type registration java.lang.Boolean -> org.hibernate.type.BasicTypeReference@74f7d1d2
2026-02-10 11:00:44.486 [main] DEBUG org.hibernate.type.BasicTypeRegistry - Adding type registration numeric_boolean -> org.hibernate.type.BasicTypeReference@4b4dd216
2026-02-10 11:00:44.486 [main] DEBUG org.hibernate.type.BasicTypeRegistry - Adding type registration org.hibernate.type.NumericBooleanConverter -> org.hibernate.type.BasicTypeReference@4b4dd216
2026-02-10 11:00:44.486 [main] DEBUG org.hibernate.type.BasicTypeRegistry - Adding type registration true_false -> org.hibernate.type.BasicTypeReference@5ca17ab0
2026-02-10 11:00:44.486 [main] DEBUG org.hibernate.type.BasicTypeRegistry - Adding type registration org.hibernate.type.TrueFalseConverter -> org.hibernate.type.BasicTypeReference@5ca17ab0
2026-02-10 11:00:44.486 [main] DEBUG org.hibernate.type.BasicTypeRegistry - Adding type registration yes_no -> org.hibernate.type.BasicTypeReference@5a62b2a4
2026-02-10 11:00:44.486 [main] DEBUG org.hibernate.type.BasicTypeRegistry - Adding type registration org.hibernate.type.YesNoConverter -> org.hibernate.type.BasicTypeReference@5a62b2a4
2026-02-10 11:00:44.486 [main] DEBUG org.hibernate.type.BasicTypeRegistry - Adding type registration byte -> org.hibernate.type.BasicTypeReference@1051817b
2026-02-10 11:00:44.486 [main] DEBUG org.hibernate.type.BasicTypeRegistry - Adding type registration byte -> org.hibernate.type.BasicTypeReference@1051817b
2026-02-10 11:00:44.488 [main] DEBUG org.hibernate.type.BasicTypeRegistry - Adding type registration java.lang.Byte -> org.hibernate.type.BasicTypeReference@1051817b
2026-02-10 11:00:44.488 [main] DEBUG org.hibernate.type.BasicTypeRegistry - Adding type registration binary -> org.hibernate.type.BasicTypeReference@35293c05
2026-02-10 11:00:44.488 [main] DEBUG org.hibernate.type.BasicTypeRegistry - Adding type registration byte[] -> org.hibernate.type.BasicTypeReference@35293c05
2026-02-10 11:00:44.488 [main] DEBUG org.hibernate.type.BasicTypeRegistry - Adding type registration [B -> org.hibernate.type.BasicTypeReference@35293c05
2026-02-10 11:00:44.488 [main] DEBUG org.hibernate.type.BasicTypeRegistry - Adding type registration binary_wrapper -> org.hibernate.type.BasicTypeReference@620aa4ea
2026-02-10 11:00:44.488 [main] DEBUG org.hibernate.type.BasicTypeRegistry - Adding type registration wrapper-binary -> org.hibernate.type.BasicTypeReference@620aa4ea
2026-02-10 11:00:44.488 [main] DEBUG org.hibernate.type.BasicTypeRegistry - Adding type registration image -> org.hibernate.type.BasicTypeReference@2db2dd9d
2026-02-10 11:00:44.488 [main] DEBUG org.hibernate.type.BasicTypeRegistry - Adding type registration blob -> org.hibernate.type.BasicTypeReference@3174cb09
2026-02-10 11:00:44.488 [main] DEBUG org.hibernate.type.BasicTypeRegistry - Adding type registration java.sql.Blob -> org.hibernate.type.BasicTypeReference@3174cb09
2026-02-10 11:00:44.488 [main] DEBUG org.hibernate.type.BasicTypeRegistry - Adding type registration materialized_blob -> org.hibernate.type.BasicTypeReference@4d411036
2026-02-10 11:00:44.489 [main] DEBUG org.hibernate.type.BasicTypeRegistry - Adding type registration materialized_blob_wrapper -> org.hibernate.type.BasicTypeReference@7adbd080
2026-02-10 11:00:44.489 [main] DEBUG org.hibernate.type.BasicTypeRegistry - Adding type registration short -> org.hibernate.type.BasicTypeReference@41beb473
2026-02-10 11:00:44.489 [main] DEBUG org.hibernate.type.BasicTypeRegistry - Adding type registration short -> org.hibernate.type.BasicTypeReference@41beb473
2026-02-10 11:00:44.489 [main] DEBUG org.hibernate.type.BasicTypeRegistry - Adding type registration java.lang.Short -> org.hibernate.type.BasicTypeReference@41beb473
2026-02-10 11:00:44.489 [main] DEBUG org.hibernate.type.BasicTypeRegistry - Adding type registration integer -> org.hibernate.type.BasicTypeReference@560513ce
2026-02-10 11:00:44.489 [main] DEBUG org.hibernate.type.BasicTypeRegistry - Adding type registration int -> org.hibernate.type.BasicTypeReference@560513ce
2026-02-10 11:00:44.489 [main] DEBUG org.hibernate.type.BasicTypeRegistry - Adding type registration java.lang.Integer -> org.hibernate.type.BasicTypeReference@560513ce
2026-02-10 11:00:44.489 [main] DEBUG org.hibernate.type.BasicTypeRegistry - Adding type registration long -> org.hibernate.type.BasicTypeReference@13006998
2026-02-10 11:00:44.490 [main] DEBUG org.hibernate.type.BasicTypeRegistry - Adding type registration long -> org.hibernate.type.BasicTypeReference@13006998
2026-02-10 11:00:44.490 [main] DEBUG org.hibernate.type.BasicTypeRegistry - Adding type registration java.lang.Long -> org.hibernate.type.BasicTypeReference@13006998
2026-02-10 11:00:44.490 [main] DEBUG org.hibernate.type.BasicTypeRegistry - Adding type registration float -> org.hibernate.type.BasicTypeReference@37fbe4a8
2026-02-10 11:00:44.490 [main] DEBUG org.hibernate.type.BasicTypeRegistry - Adding type registration float -> org.hibernate.type.BasicTypeReference@37fbe4a8
2026-02-10 11:00:44.490 [main] DEBUG org.hibernate.type.BasicTypeRegistry - Adding type registration java.lang.Float -> org.hibernate.type.BasicTypeReference@37fbe4a8
2026-02-10 11:00:44.490 [main] DEBUG org.hibernate.type.BasicTypeRegistry - Adding type registration double -> org.hibernate.type.BasicTypeReference@352c308
2026-02-10 11:00:44.490 [main] DEBUG org.hibernate.type.BasicTypeRegistry - Adding type registration double -> org.hibernate.type.BasicTypeReference@352c308
2026-02-10 11:00:44.490 [main] DEBUG org.hibernate.type.BasicTypeRegistry - Adding type registration java.lang.Double -> org.hibernate.type.BasicTypeReference@352c308
2026-02-10 11:00:44.490 [main] DEBUG org.hibernate.type.BasicTypeRegistry - Adding type registration big_integer -> org.hibernate.type.BasicTypeReference@7d373bcf
2026-02-10 11:00:44.491 [main] DEBUG org.hibernate.type.BasicTypeRegistry - Adding type registration java.math.BigInteger -> org.hibernate.type.BasicTypeReference@7d373bcf
2026-02-10 11:00:44.491 [main] DEBUG org.hibernate.type.BasicTypeRegistry - Adding type registration big_decimal -> org.hibernate.type.BasicTypeReference@6d6bc158
2026-02-10 11:00:44.491 [main] DEBUG org.hibernate.type.BasicTypeRegistry - Adding type registration java.math.BigDecimal -> org.hibernate.type.BasicTypeReference@6d6bc158
2026-02-10 11:00:44.491 [main] DEBUG org.hibernate.type.BasicTypeRegistry - Adding type registration character -> org.hibernate.type.BasicTypeReference@5dda6f9
2026-02-10 11:00:44.491 [main] DEBUG org.hibernate.type.BasicTypeRegistry - Adding type registration char -> org.hibernate.type.BasicTypeReference@5dda6f9
2026-02-10 11:00:44.491 [main] DEBUG org.hibernate.type.BasicTypeRegistry - Adding type registration java.lang.Character -> org.hibernate.type.BasicTypeReference@5dda6f9
2026-02-10 11:00:44.491 [main] DEBUG org.hibernate.type.BasicTypeRegistry - Adding type registration character_nchar -> org.hibernate.type.BasicTypeReference@10027fc9
2026-02-10 11:00:44.491 [main] DEBUG org.hibernate.type.BasicTypeRegistry - Adding type registration string -> org.hibernate.type.BasicTypeReference@54afd745
2026-02-10 11:00:44.491 [main] DEBUG org.hibernate.type.BasicTypeRegistry - Adding type registration java.lang.String -> org.hibernate.type.BasicTypeReference@54afd745
2026-02-10 11:00:44.492 [main] DEBUG org.hibernate.type.BasicTypeRegistry - Adding type registration nstring -> org.hibernate.type.BasicTypeReference@677dbd89
2026-02-10 11:00:44.492 [main] DEBUG org.hibernate.type.BasicTypeRegistry - Adding type registration characters -> org.hibernate.type.BasicTypeReference@fff25f1
2026-02-10 11:00:44.492 [main] DEBUG org.hibernate.type.BasicTypeRegistry - Adding type registration char[] -> org.hibernate.type.BasicTypeReference@fff25f1
2026-02-10 11:00:44.492 [main] DEBUG org.hibernate.type.BasicTypeRegistry - Adding type registration [C -> org.hibernate.type.BasicTypeReference@fff25f1
2026-02-10 11:00:44.492 [main] DEBUG org.hibernate.type.BasicTypeRegistry - Adding type registration wrapper-characters -> org.hibernate.type.BasicTypeReference@c00fff0
2026-02-10 11:00:44.492 [main] DEBUG org.hibernate.type.BasicTypeRegistry - Adding type registration text -> org.hibernate.type.BasicTypeReference@263f04ca
2026-02-10 11:00:44.492 [main] DEBUG org.hibernate.type.BasicTypeRegistry - Adding type registration ntext -> org.hibernate.type.BasicTypeReference@2ca47471
2026-02-10 11:00:44.492 [main] DEBUG org.hibernate.type.BasicTypeRegistry - Adding type registration clob -> org.hibernate.type.BasicTypeReference@5a021cb9
2026-02-10 11:00:44.492 [main] DEBUG org.hibernate.type.BasicTypeRegistry - Adding type registration java.sql.Clob -> org.hibernate.type.BasicTypeReference@5a021cb9
2026-02-10 11:00:44.492 [main] DEBUG org.hibernate.type.BasicTypeRegistry - Adding type registration nclob -> org.hibernate.type.BasicTypeReference@51768776
2026-02-10 11:00:44.493 [main] DEBUG org.hibernate.type.BasicTypeRegistry - Adding type registration java.sql.NClob -> org.hibernate.type.BasicTypeReference@51768776
2026-02-10 11:00:44.493 [main] DEBUG org.hibernate.type.BasicTypeRegistry - Adding type registration materialized_clob -> org.hibernate.type.BasicTypeReference@f31c0c6
2026-02-10 11:00:44.493 [main] DEBUG org.hibernate.type.BasicTypeRegistry - Adding type registration materialized_clob_char_array -> org.hibernate.type.BasicTypeReference@b93aad
2026-02-10 11:00:44.493 [main] DEBUG org.hibernate.type.BasicTypeRegistry - Adding type registration materialized_clob_character_array -> org.hibernate.type.BasicTypeReference@4a9419d7
2026-02-10 11:00:44.493 [main] DEBUG org.hibernate.type.BasicTypeRegistry - Adding type registration materialized_nclob -> org.hibernate.type.BasicTypeReference@2f3c6ac4
2026-02-10 11:00:44.493 [main] DEBUG org.hibernate.type.BasicTypeRegistry - Adding type registration materialized_nclob_character_array -> org.hibernate.type.BasicTypeReference@2e8ab815
2026-02-10 11:00:44.493 [main] DEBUG org.hibernate.type.BasicTypeRegistry - Adding type registration materialized_nclob_char_array -> org.hibernate.type.BasicTypeReference@67af833b
2026-02-10 11:00:44.493 [main] DEBUG org.hibernate.type.BasicTypeRegistry - Adding type registration Duration -> org.hibernate.type.BasicTypeReference@d1f74b8
2026-02-10 11:00:44.493 [main] DEBUG org.hibernate.type.BasicTypeRegistry - Adding type registration java.time.Duration -> org.hibernate.type.BasicTypeReference@d1f74b8
2026-02-10 11:00:44.494 [main] DEBUG org.hibernate.type.BasicTypeRegistry - Adding type registration LocalDateTime -> org.hibernate.type.BasicTypeReference@41394595
2026-02-10 11:00:44.494 [main] DEBUG org.hibernate.type.BasicTypeRegistry - Adding type registration java.time.LocalDateTime -> org.hibernate.type.BasicTypeReference@41394595
2026-02-10 11:00:44.494 [main] DEBUG org.hibernate.type.BasicTypeRegistry - Adding type registration LocalDate -> org.hibernate.type.BasicTypeReference@3a0807b7
2026-02-10 11:00:44.494 [main] DEBUG org.hibernate.type.BasicTypeRegistry - Adding type registration java.time.LocalDate -> org.hibernate.type.BasicTypeReference@3a0807b7
2026-02-10 11:00:44.494 [main] DEBUG org.hibernate.type.BasicTypeRegistry - Adding type registration LocalTime -> org.hibernate.type.BasicTypeReference@21a5fd96
2026-02-10 11:00:44.494 [main] DEBUG org.hibernate.type.BasicTypeRegistry - Adding type registration java.time.LocalTime -> org.hibernate.type.BasicTypeReference@21a5fd96
2026-02-10 11:00:44.494 [main] DEBUG org.hibernate.type.BasicTypeRegistry - Adding type registration OffsetDateTime -> org.hibernate.type.BasicTypeReference@5769e7ae
2026-02-10 11:00:44.494 [main] DEBUG org.hibernate.type.BasicTypeRegistry - Adding type registration java.time.OffsetDateTime -> org.hibernate.type.BasicTypeReference@5769e7ae
2026-02-10 11:00:44.494 [main] DEBUG org.hibernate.type.BasicTypeRegistry - Adding type registration OffsetDateTimeWithTimezone -> org.hibernate.type.BasicTypeReference@5c77053b
2026-02-10 11:00:44.494 [main] DEBUG org.hibernate.type.BasicTypeRegistry - Adding type registration OffsetDateTimeWithoutTimezone -> org.hibernate.type.BasicTypeReference@26b894bd
2026-02-10 11:00:44.494 [main] DEBUG org.hibernate.type.BasicTypeRegistry - Adding type registration OffsetTime -> org.hibernate.type.BasicTypeReference@287f94b1
2026-02-10 11:00:44.495 [main] DEBUG org.hibernate.type.BasicTypeRegistry - Adding type registration java.time.OffsetTime -> org.hibernate.type.BasicTypeReference@287f94b1
2026-02-10 11:00:44.495 [main] DEBUG org.hibernate.type.BasicTypeRegistry - Adding type registration OffsetTimeUtc -> org.hibernate.type.BasicTypeReference@30b34287
2026-02-10 11:00:44.495 [main] DEBUG org.hibernate.type.BasicTypeRegistry - Adding type registration OffsetTimeWithTimezone -> org.hibernate.type.BasicTypeReference@5489c777
2026-02-10 11:00:44.495 [main] DEBUG org.hibernate.type.BasicTypeRegistry - Adding type registration OffsetTimeWithoutTimezone -> org.hibernate.type.BasicTypeReference@3676ac27
2026-02-10 11:00:44.495 [main] DEBUG org.hibernate.type.BasicTypeRegistry - Adding type registration ZonedDateTime -> org.hibernate.type.BasicTypeReference@62f87c44
2026-02-10 11:00:44.495 [main] DEBUG org.hibernate.type.BasicTypeRegistry - Adding type registration java.time.ZonedDateTime -> org.hibernate.type.BasicTypeReference@62f87c44
2026-02-10 11:00:44.495 [main] DEBUG org.hibernate.type.BasicTypeRegistry - Adding type registration ZonedDateTimeWithTimezone -> org.hibernate.type.BasicTypeReference@48f5bde6
2026-02-10 11:00:44.495 [main] DEBUG org.hibernate.type.BasicTypeRegistry - Adding type registration ZonedDateTimeWithoutTimezone -> org.hibernate.type.BasicTypeReference@525d79f0
2026-02-10 11:00:44.496 [main] DEBUG org.hibernate.type.BasicTypeRegistry - Adding type registration date -> org.hibernate.type.BasicTypeReference@5149f008
2026-02-10 11:00:44.496 [main] DEBUG org.hibernate.type.BasicTypeRegistry - Adding type registration java.sql.Date -> org.hibernate.type.BasicTypeReference@5149f008
2026-02-10 11:00:44.496 [main] DEBUG org.hibernate.type.BasicTypeRegistry - Adding type registration time -> org.hibernate.type.BasicTypeReference@7072bc39
2026-02-10 11:00:44.496 [main] DEBUG org.hibernate.type.BasicTypeRegistry - Adding type registration java.sql.Time -> org.hibernate.type.BasicTypeReference@7072bc39
2026-02-10 11:00:44.496 [main] DEBUG org.hibernate.type.BasicTypeRegistry - Adding type registration timestamp -> org.hibernate.type.BasicTypeReference@158d255c
2026-02-10 11:00:44.496 [main] DEBUG org.hibernate.type.BasicTypeRegistry - Adding type registration java.sql.Timestamp -> org.hibernate.type.BasicTypeReference@158d255c
2026-02-10 11:00:44.496 [main] DEBUG org.hibernate.type.BasicTypeRegistry - Adding type registration java.util.Date -> org.hibernate.type.BasicTypeReference@158d255c
2026-02-10 11:00:44.496 [main] DEBUG org.hibernate.type.BasicTypeRegistry - Adding type registration calendar -> org.hibernate.type.BasicTypeReference@2ca65ce4
2026-02-10 11:00:44.496 [main] DEBUG org.hibernate.type.BasicTypeRegistry - Adding type registration java.util.Calendar -> org.hibernate.type.BasicTypeReference@2ca65ce4
2026-02-10 11:00:44.496 [main] DEBUG org.hibernate.type.BasicTypeRegistry - Adding type registration java.util.GregorianCalendar -> org.hibernate.type.BasicTypeReference@2ca65ce4
2026-02-10 11:00:44.496 [main] DEBUG org.hibernate.type.BasicTypeRegistry - Adding type registration calendar_date -> org.hibernate.type.BasicTypeReference@327120c8
2026-02-10 11:00:44.496 [main] DEBUG org.hibernate.type.BasicTypeRegistry - Adding type registration calendar_time -> org.hibernate.type.BasicTypeReference@5707c1cb
2026-02-10 11:00:44.496 [main] DEBUG org.hibernate.type.BasicTypeRegistry - Adding type registration instant -> org.hibernate.type.BasicTypeReference@2b5cb9b2
2026-02-10 11:00:44.496 [main] DEBUG org.hibernate.type.BasicTypeRegistry - Adding type registration java.time.Instant -> org.hibernate.type.BasicTypeReference@2b5cb9b2
2026-02-10 11:00:44.498 [main] DEBUG org.hibernate.type.BasicTypeRegistry - Adding type registration uuid -> org.hibernate.type.BasicTypeReference@35038141
2026-02-10 11:00:44.498 [main] DEBUG org.hibernate.type.BasicTypeRegistry - Adding type registration java.util.UUID -> org.hibernate.type.BasicTypeReference@35038141
2026-02-10 11:00:44.498 [main] DEBUG org.hibernate.type.BasicTypeRegistry - Adding type registration pg-uuid -> org.hibernate.type.BasicTypeReference@35038141
2026-02-10 11:00:44.498 [main] DEBUG org.hibernate.type.BasicTypeRegistry - Adding type registration uuid-binary -> org.hibernate.type.BasicTypeReference@ecf9049
2026-02-10 11:00:44.498 [main] DEBUG org.hibernate.type.BasicTypeRegistry - Adding type registration uuid-char -> org.hibernate.type.BasicTypeReference@672f11c2
2026-02-10 11:00:44.498 [main] DEBUG org.hibernate.type.BasicTypeRegistry - Adding type registration class -> org.hibernate.type.BasicTypeReference@2970a5bc
2026-02-10 11:00:44.498 [main] DEBUG org.hibernate.type.BasicTypeRegistry - Adding type registration java.lang.Class -> org.hibernate.type.BasicTypeReference@2970a5bc
2026-02-10 11:00:44.499 [main] DEBUG org.hibernate.type.BasicTypeRegistry - Adding type registration currency -> org.hibernate.type.BasicTypeReference@50305a
2026-02-10 11:00:44.499 [main] DEBUG org.hibernate.type.BasicTypeRegistry - Adding type registration Currency -> org.hibernate.type.BasicTypeReference@50305a
2026-02-10 11:00:44.499 [main] DEBUG org.hibernate.type.BasicTypeRegistry - Adding type registration java.util.Currency -> org.hibernate.type.BasicTypeReference@50305a
2026-02-10 11:00:44.499 [main] DEBUG org.hibernate.type.BasicTypeRegistry - Adding type registration locale -> org.hibernate.type.BasicTypeReference@72efb5c1
2026-02-10 11:00:44.499 [main] DEBUG org.hibernate.type.BasicTypeRegistry - Adding type registration java.util.Locale -> org.hibernate.type.BasicTypeReference@72efb5c1
2026-02-10 11:00:44.499 [main] DEBUG org.hibernate.type.BasicTypeRegistry - Adding type registration serializable -> org.hibernate.type.BasicTypeReference@6d511b5f
2026-02-10 11:00:44.499 [main] DEBUG org.hibernate.type.BasicTypeRegistry - Adding type registration java.io.Serializable -> org.hibernate.type.BasicTypeReference@6d511b5f
2026-02-10 11:00:44.499 [main] DEBUG org.hibernate.type.BasicTypeRegistry - Adding type registration timezone -> org.hibernate.type.BasicTypeReference@41200e0c
2026-02-10 11:00:44.499 [main] DEBUG org.hibernate.type.BasicTypeRegistry - Adding type registration java.util.TimeZone -> org.hibernate.type.BasicTypeReference@41200e0c
2026-02-10 11:00:44.499 [main] DEBUG org.hibernate.type.BasicTypeRegistry - Adding type registration ZoneOffset -> org.hibernate.type.BasicTypeReference@40f33492
2026-02-10 11:00:44.499 [main] DEBUG org.hibernate.type.BasicTypeRegistry - Adding type registration java.time.ZoneOffset -> org.hibernate.type.BasicTypeReference@40f33492
2026-02-10 11:00:44.499 [main] DEBUG org.hibernate.type.BasicTypeRegistry - Adding type registration url -> org.hibernate.type.BasicTypeReference@4fbdc0f0
2026-02-10 11:00:44.499 [main] DEBUG org.hibernate.type.BasicTypeRegistry - Adding type registration java.net.URL -> org.hibernate.type.BasicTypeReference@4fbdc0f0
2026-02-10 11:00:44.500 [main] DEBUG org.hibernate.type.BasicTypeRegistry - Adding type registration vector -> org.hibernate.type.BasicTypeReference@2ad3a1bb
2026-02-10 11:00:44.500 [main] DEBUG org.hibernate.type.BasicTypeRegistry - Adding type registration row_version -> org.hibernate.type.BasicTypeReference@6bc28a83
2026-02-10 11:00:44.504 [main] DEBUG org.hibernate.type.BasicTypeRegistry - Adding type registration object -> org.hibernate.type.JavaObjectType@3e587920
2026-02-10 11:00:44.504 [main] DEBUG org.hibernate.type.BasicTypeRegistry - Adding type registration java.lang.Object -> org.hibernate.type.JavaObjectType@3e587920
2026-02-10 11:00:44.504 [main] DEBUG org.hibernate.type.BasicTypeRegistry - Adding type registration null -> org.hibernate.type.NullType@82c57b3
2026-02-10 11:00:44.505 [main] DEBUG org.hibernate.type.BasicTypeRegistry - Adding type registration imm_date -> org.hibernate.type.BasicTypeReference@5be82d43
2026-02-10 11:00:44.505 [main] DEBUG org.hibernate.type.BasicTypeRegistry - Adding type registration imm_time -> org.hibernate.type.BasicTypeReference@600b0b7
2026-02-10 11:00:44.505 [main] DEBUG org.hibernate.type.BasicTypeRegistry - Adding type registration imm_timestamp -> org.hibernate.type.BasicTypeReference@345e5a17
2026-02-10 11:00:44.505 [main] DEBUG org.hibernate.type.BasicTypeRegistry - Adding type registration imm_calendar -> org.hibernate.type.BasicTypeReference@5ea502e0
2026-02-10 11:00:44.505 [main] DEBUG org.hibernate.type.BasicTypeRegistry - Adding type registration imm_calendar_date -> org.hibernate.type.BasicTypeReference@443dbe42
2026-02-10 11:00:44.505 [main] DEBUG org.hibernate.type.BasicTypeRegistry - Adding type registration imm_calendar_time -> org.hibernate.type.BasicTypeReference@473b3b7a
2026-02-10 11:00:44.505 [main] DEBUG org.hibernate.type.BasicTypeRegistry - Adding type registration imm_binary -> org.hibernate.type.BasicTypeReference@1734f68
2026-02-10 11:00:44.505 [main] DEBUG org.hibernate.type.BasicTypeRegistry - Adding type registration imm_serializable -> org.hibernate.type.BasicTypeReference@77b7ffa4
2026-02-10 11:00:44.536 [main] WARN  org.hibernate.orm.connections.pooling - HHH10001002: Using built-in connection pool (not intended for production use)
2026-02-10 11:00:44.541 [main] INFO  org.hibernate.orm.connections.pooling - HHH10001005: Loaded JDBC driver class: com.mysql.cj.jdbc.Driver
2026-02-10 11:00:44.542 [main] INFO  org.hibernate.orm.connections.pooling - HHH10001012: Connecting with JDBC URL [jdbc:mysql://localhost:3307/cineexamen?useSSL=false&allowPublicKeyRetrieval=true]
2026-02-10 11:00:44.542 [main] INFO  org.hibernate.orm.connections.pooling - HHH10001001: Connection properties: {password=parradito, user=parradoexamen}
2026-02-10 11:00:44.542 [main] INFO  org.hibernate.orm.connections.pooling - HHH10001003: Autocommit mode: false
2026-02-10 11:00:44.544 [main] DEBUG org.hibernate.orm.connections.pooling - Initializing Connection pool with 1 Connections
2026-02-10 11:00:44.544 [main] INFO  org.hibernate.orm.connections.pooling - HHH10001115: Connection pool size: 20 (min=1)
2026-02-10 11:00:44.719 [main] DEBUG org.hibernate.engine.jdbc.env.internal.JdbcEnvironmentInitiator - Database ->
       name : MySQL
    version : 8.4.7
      major : 8
      minor : 4
2026-02-10 11:00:44.719 [main] DEBUG org.hibernate.engine.jdbc.env.internal.JdbcEnvironmentInitiator - Driver ->
       name : MySQL Connector/J
    version : mysql-connector-j-8.4.0 (Revision: 1c3f5c149e0bfe31c7fbeb24e2d260cd890972c4)
      major : 8
      minor : 4
2026-02-10 11:00:44.719 [main] DEBUG org.hibernate.engine.jdbc.env.internal.JdbcEnvironmentInitiator - JDBC version : 4.2
2026-02-10 11:00:44.816 [main] WARN  org.hibernate.orm.deprecation - HHH90000025: MySQLDialect does not need to be specified explicitly using 'hibernate.dialect' (remove the property setting and it will be selected by default)
2026-02-10 11:00:44.817 [main] DEBUG org.hibernate.orm.dialect - HHH035001: Using dialect: org.hibernate.dialect.MySQLDialect, version: 8.4.7
2026-02-10 11:00:44.823 [main] DEBUG org.hibernate.engine.jdbc.env.spi.IdentifierHelperBuilder - JDBC driver metadata reported database stores quoted identifiers in more than one case
2026-02-10 11:00:44.824 [main] DEBUG org.hibernate.engine.jdbc.env.spi.IdentifierHelperBuilder - IdentifierCaseStrategy for both quoted and unquoted identifiers was set to the same strategy [MIXED]; that will likely lead to problems in schema update and validation if using quoted identifiers
2026-02-10 11:00:44.838 [main] DEBUG org.hibernate.type.descriptor.sql.spi.DdlTypeRegistry - addDescriptor(12, org.hibernate.type.descriptor.sql.internal.CapacityDependentDdlType@3bb8aabc) replaced previous registration(org.hibernate.type.descriptor.sql.internal.CapacityDependentDdlType@6e1d4137)
2026-02-10 11:00:44.838 [main] DEBUG org.hibernate.type.descriptor.sql.spi.DdlTypeRegistry - addDescriptor(-9, org.hibernate.type.descriptor.sql.internal.CapacityDependentDdlType@256a1825) replaced previous registration(org.hibernate.type.descriptor.sql.internal.CapacityDependentDdlType@29a4f594)
2026-02-10 11:00:44.839 [main] DEBUG org.hibernate.type.descriptor.sql.spi.DdlTypeRegistry - addDescriptor(-3, org.hibernate.type.descriptor.sql.internal.CapacityDependentDdlType@57b75756) replaced previous registration(org.hibernate.type.descriptor.sql.internal.CapacityDependentDdlType@5327a06e)
2026-02-10 11:00:44.839 [main] DEBUG org.hibernate.type.descriptor.sql.spi.DdlTypeRegistry - addDescriptor(4003, org.hibernate.type.descriptor.sql.internal.DdlTypeImpl@2679311f) replaced previous registration(org.hibernate.type.descriptor.sql.internal.DdlTypeImpl@287f7811)
2026-02-10 11:00:44.839 [main] DEBUG org.hibernate.type.descriptor.sql.spi.DdlTypeRegistry - addDescriptor(4001, org.hibernate.type.descriptor.sql.internal.DdlTypeImpl@451f87af) replaced previous registration(org.hibernate.type.descriptor.sql.internal.DdlTypeImpl@2b556bb2)
2026-02-10 11:00:44.839 [main] DEBUG org.hibernate.type.descriptor.sql.spi.DdlTypeRegistry - addDescriptor(4002, org.hibernate.type.descriptor.sql.internal.DdlTypeImpl@44cb460e) replaced previous registration(org.hibernate.type.descriptor.sql.internal.DdlTypeImpl@17271176)
2026-02-10 11:00:44.839 [main] DEBUG org.hibernate.type.descriptor.sql.spi.DdlTypeRegistry - addDescriptor(2004, org.hibernate.type.descriptor.sql.internal.CapacityDependentDdlType@2e3cdec2) replaced previous registration(org.hibernate.type.descriptor.sql.internal.DdlTypeImpl@2e34384c)
2026-02-10 11:00:44.839 [main] DEBUG org.hibernate.type.descriptor.sql.spi.DdlTypeRegistry - addDescriptor(2005, org.hibernate.type.descriptor.sql.internal.CapacityDependentDdlType@3051e0b2) replaced previous registration(org.hibernate.type.descriptor.sql.internal.DdlTypeImpl@1f52eb6f)
2026-02-10 11:00:44.839 [main] DEBUG org.hibernate.type.descriptor.sql.spi.DdlTypeRegistry - addDescriptor(2011, org.hibernate.type.descriptor.sql.internal.CapacityDependentDdlType@57d0fc89) replaced previous registration(org.hibernate.type.descriptor.sql.internal.DdlTypeImpl@58294867)
2026-02-10 11:00:44.840 [main] DEBUG org.hibernate.type.descriptor.jdbc.spi.JdbcTypeRegistry - addDescriptor(NCharTypeDescriptor) replaced previous registration(CharTypeDescriptor)
2026-02-10 11:00:44.840 [main] DEBUG org.hibernate.type.descriptor.jdbc.spi.JdbcTypeRegistry - addDescriptor(NVarcharTypeDescriptor) replaced previous registration(VarcharTypeDescriptor)
2026-02-10 11:00:44.841 [main] DEBUG org.hibernate.type.descriptor.jdbc.spi.JdbcTypeRegistry - addDescriptor(LongNVarcharTypeDescriptor) replaced previous registration(LongVarcharTypeDescriptor)
2026-02-10 11:00:44.842 [main] DEBUG org.hibernate.type.descriptor.jdbc.spi.JdbcTypeRegistry - addDescriptor(NClobTypeDescriptor(DEFAULT)) replaced previous registration(ClobTypeDescriptor(DEFAULT))
2026-02-10 11:00:44.842 [main] DEBUG org.hibernate.type.descriptor.jdbc.spi.JdbcTypeRegistry - addDescriptor(2005, ClobTypeDescriptor(STREAM_BINDING)) replaced previous registration(ClobTypeDescriptor(DEFAULT))
2026-02-10 11:00:44.845 [main] DEBUG org.hibernate.type.BasicTypeRegistry - Adding type registration null -> org.hibernate.type.NullType@29a69a35
2026-02-10 11:00:44.845 [main] DEBUG org.hibernate.type.BasicTypeRegistry - Type registration key [null] overrode previous entry : `org.hibernate.type.NullType@82c57b3`
2026-02-10 11:00:44.850 [main] DEBUG org.hibernate.type.BasicTypeRegistry - Adding type registration org.hibernate.type.DurationType -> basicType@1(java.time.Duration,3015)
2026-02-10 11:00:44.850 [main] DEBUG org.hibernate.type.BasicTypeRegistry - Adding type registration Duration -> basicType@1(java.time.Duration,3015)
2026-02-10 11:00:44.850 [main] DEBUG org.hibernate.type.BasicTypeRegistry - Adding type registration java.time.Duration -> basicType@1(java.time.Duration,3015)
2026-02-10 11:00:44.854 [main] DEBUG org.hibernate.type.BasicTypeRegistry - Adding type registration org.hibernate.type.OffsetDateTimeType -> basicType@2(java.time.OffsetDateTime,3003)
2026-02-10 11:00:44.854 [main] DEBUG org.hibernate.type.BasicTypeRegistry - Adding type registration OffsetDateTime -> basicType@2(java.time.OffsetDateTime,3003)
2026-02-10 11:00:44.854 [main] DEBUG org.hibernate.type.BasicTypeRegistry - Adding type registration java.time.OffsetDateTime -> basicType@2(java.time.OffsetDateTime,3003)
2026-02-10 11:00:44.855 [main] DEBUG org.hibernate.type.BasicTypeRegistry - Adding type registration org.hibernate.type.ZonedDateTimeType -> basicType@3(java.time.ZonedDateTime,3003)
2026-02-10 11:00:44.855 [main] DEBUG org.hibernate.type.BasicTypeRegistry - Adding type registration ZonedDateTime -> basicType@3(java.time.ZonedDateTime,3003)
2026-02-10 11:00:44.855 [main] DEBUG org.hibernate.type.BasicTypeRegistry - Adding type registration java.time.ZonedDateTime -> basicType@3(java.time.ZonedDateTime,3003)
2026-02-10 11:00:44.856 [main] DEBUG org.hibernate.type.BasicTypeRegistry - Adding type registration org.hibernate.type.OffsetTimeType -> basicType@4(java.time.OffsetTime,3007)
2026-02-10 11:00:44.856 [main] DEBUG org.hibernate.type.BasicTypeRegistry - Adding type registration OffsetTime -> basicType@4(java.time.OffsetTime,3007)
2026-02-10 11:00:44.856 [main] DEBUG org.hibernate.type.BasicTypeRegistry - Adding type registration java.time.OffsetTime -> basicType@4(java.time.OffsetTime,3007)
2026-02-10 11:00:44.858 [main] DEBUG org.hibernate.type.spi.TypeConfiguration$Scope - Scoping TypeConfiguration [org.hibernate.type.spi.TypeConfiguration@77cb9cd1] to MetadataBuildingContext [org.hibernate.boot.internal.MetadataBuildingContextRootImpl@971e903]
2026-02-10 11:01:22.943 [main] DEBUG org.jboss.logging - Logging Provider: org.jboss.logging.Log4j2LoggerProvider
2026-02-10 11:01:22.955 [main] DEBUG org.hibernate.integrator.internal.IntegratorServiceImpl - Adding Integrator [org.hibernate.boot.beanvalidation.BeanValidationIntegrator].
2026-02-10 11:01:22.957 [main] DEBUG org.hibernate.integrator.internal.IntegratorServiceImpl - Adding Integrator [org.hibernate.cache.internal.CollectionCacheInvalidator].
2026-02-10 11:01:22.972 [main] INFO  org.hibernate.Version - HHH000412: Hibernate ORM core version 6.4.4.Final
2026-02-10 11:01:22.973 [main] DEBUG org.hibernate.cfg.Environment - HHH000206: 'hibernate.properties' not found
2026-02-10 11:01:22.995 [main] DEBUG org.hibernate.boot.jaxb.internal.stax.LocalXmlResourceResolver - Checking public/system identifiers `-//Hibernate/Hibernate Configuration DTD 3.0//EN`/`https://hibernate.org/dtd/hibernate-configuration-3.0.dtd` as DTD references
2026-02-10 11:01:23.000 [main] DEBUG org.hibernate.boot.cfgxml.internal.JaxbCfgProcessor - cfg.xml document did not define namespaces; wrapping in custom event reader to introduce namespace information
2026-02-10 11:01:23.153 [main] DEBUG org.hibernate.orm.idgen.factory - Ignoring CDI for resolving IdentifierGenerator instances as extended or delayed CDI support was enabled
2026-02-10 11:01:23.157 [main] DEBUG org.hibernate.orm.idgen.factory - Registering IdentifierGenerator strategy [uuid2] -> [org.hibernate.id.UUIDGenerator]
2026-02-10 11:01:23.157 [main] DEBUG org.hibernate.orm.idgen.factory - Registering IdentifierGenerator strategy [guid] -> [org.hibernate.id.GUIDGenerator]
2026-02-10 11:01:23.158 [main] DEBUG org.hibernate.orm.idgen.factory - Registering IdentifierGenerator strategy [uuid] -> [org.hibernate.id.UUIDHexGenerator]
2026-02-10 11:01:23.158 [main] DEBUG org.hibernate.orm.idgen.factory - Registering IdentifierGenerator strategy [uuid.hex] -> [org.hibernate.id.UUIDHexGenerator]
2026-02-10 11:01:23.158 [main] DEBUG org.hibernate.orm.idgen.factory - Registering IdentifierGenerator strategy [assigned] -> [org.hibernate.id.Assigned]
2026-02-10 11:01:23.160 [main] DEBUG org.hibernate.orm.idgen.factory - Registering IdentifierGenerator strategy [identity] -> [org.hibernate.id.IdentityGenerator]
2026-02-10 11:01:23.160 [main] DEBUG org.hibernate.orm.idgen.factory - Registering IdentifierGenerator strategy [select] -> [org.hibernate.id.SelectGenerator]
2026-02-10 11:01:23.161 [main] DEBUG org.hibernate.orm.idgen.factory - Registering IdentifierGenerator strategy [sequence] -> [org.hibernate.id.enhanced.SequenceStyleGenerator]
2026-02-10 11:01:23.161 [main] DEBUG org.hibernate.orm.idgen.factory - Registering IdentifierGenerator strategy [increment] -> [org.hibernate.id.IncrementGenerator]
2026-02-10 11:01:23.161 [main] DEBUG org.hibernate.orm.idgen.factory - Registering IdentifierGenerator strategy [foreign] -> [org.hibernate.id.ForeignGenerator]
2026-02-10 11:01:23.161 [main] DEBUG org.hibernate.orm.idgen.factory - Registering IdentifierGenerator strategy [enhanced-sequence] -> [org.hibernate.id.enhanced.SequenceStyleGenerator]
2026-02-10 11:01:23.162 [main] DEBUG org.hibernate.orm.idgen.factory - Registering IdentifierGenerator strategy [enhanced-table] -> [org.hibernate.id.enhanced.TableGenerator]
2026-02-10 11:01:23.170 [main] DEBUG org.hibernate.cache.internal.RegionFactoryInitiator - Cannot default RegionFactory based on registered strategies as `[]` RegionFactory strategies were registered
2026-02-10 11:01:23.171 [main] INFO  org.hibernate.cache.internal.RegionFactoryInitiator - HHH000026: Second-level cache disabled
2026-02-10 11:01:23.230 [main] DEBUG org.hibernate.type.BasicTypeRegistry - Adding type registration boolean -> org.hibernate.type.BasicTypeReference@74f7d1d2
2026-02-10 11:01:23.231 [main] DEBUG org.hibernate.type.BasicTypeRegistry - Adding type registration boolean -> org.hibernate.type.BasicTypeReference@74f7d1d2
2026-02-10 11:01:23.231 [main] DEBUG org.hibernate.type.BasicTypeRegistry - Adding type registration java.lang.Boolean -> org.hibernate.type.BasicTypeReference@74f7d1d2
2026-02-10 11:01:23.231 [main] DEBUG org.hibernate.type.BasicTypeRegistry - Adding type registration numeric_boolean -> org.hibernate.type.BasicTypeReference@4b4dd216
2026-02-10 11:01:23.231 [main] DEBUG org.hibernate.type.BasicTypeRegistry - Adding type registration org.hibernate.type.NumericBooleanConverter -> org.hibernate.type.BasicTypeReference@4b4dd216
2026-02-10 11:01:23.231 [main] DEBUG org.hibernate.type.BasicTypeRegistry - Adding type registration true_false -> org.hibernate.type.BasicTypeReference@5ca17ab0
2026-02-10 11:01:23.231 [main] DEBUG org.hibernate.type.BasicTypeRegistry - Adding type registration org.hibernate.type.TrueFalseConverter -> org.hibernate.type.BasicTypeReference@5ca17ab0
2026-02-10 11:01:23.231 [main] DEBUG org.hibernate.type.BasicTypeRegistry - Adding type registration yes_no -> org.hibernate.type.BasicTypeReference@5a62b2a4
2026-02-10 11:01:23.232 [main] DEBUG org.hibernate.type.BasicTypeRegistry - Adding type registration org.hibernate.type.YesNoConverter -> org.hibernate.type.BasicTypeReference@5a62b2a4
2026-02-10 11:01:23.232 [main] DEBUG org.hibernate.type.BasicTypeRegistry - Adding type registration byte -> org.hibernate.type.BasicTypeReference@1051817b
2026-02-10 11:01:23.232 [main] DEBUG org.hibernate.type.BasicTypeRegistry - Adding type registration byte -> org.hibernate.type.BasicTypeReference@1051817b
2026-02-10 11:01:23.232 [main] DEBUG org.hibernate.type.BasicTypeRegistry - Adding type registration java.lang.Byte -> org.hibernate.type.BasicTypeReference@1051817b
2026-02-10 11:01:23.233 [main] DEBUG org.hibernate.type.BasicTypeRegistry - Adding type registration binary -> org.hibernate.type.BasicTypeReference@35293c05
2026-02-10 11:01:23.233 [main] DEBUG org.hibernate.type.BasicTypeRegistry - Adding type registration byte[] -> org.hibernate.type.BasicTypeReference@35293c05
2026-02-10 11:01:23.233 [main] DEBUG org.hibernate.type.BasicTypeRegistry - Adding type registration [B -> org.hibernate.type.BasicTypeReference@35293c05
2026-02-10 11:01:23.233 [main] DEBUG org.hibernate.type.BasicTypeRegistry - Adding type registration binary_wrapper -> org.hibernate.type.BasicTypeReference@620aa4ea
2026-02-10 11:01:23.233 [main] DEBUG org.hibernate.type.BasicTypeRegistry - Adding type registration wrapper-binary -> org.hibernate.type.BasicTypeReference@620aa4ea
2026-02-10 11:01:23.233 [main] DEBUG org.hibernate.type.BasicTypeRegistry - Adding type registration image -> org.hibernate.type.BasicTypeReference@2db2dd9d
2026-02-10 11:01:23.233 [main] DEBUG org.hibernate.type.BasicTypeRegistry - Adding type registration blob -> org.hibernate.type.BasicTypeReference@3174cb09
2026-02-10 11:01:23.233 [main] DEBUG org.hibernate.type.BasicTypeRegistry - Adding type registration java.sql.Blob -> org.hibernate.type.BasicTypeReference@3174cb09
2026-02-10 11:01:23.233 [main] DEBUG org.hibernate.type.BasicTypeRegistry - Adding type registration materialized_blob -> org.hibernate.type.BasicTypeReference@4d411036
2026-02-10 11:01:23.234 [main] DEBUG org.hibernate.type.BasicTypeRegistry - Adding type registration materialized_blob_wrapper -> org.hibernate.type.BasicTypeReference@7adbd080
2026-02-10 11:01:23.234 [main] DEBUG org.hibernate.type.BasicTypeRegistry - Adding type registration short -> org.hibernate.type.BasicTypeReference@41beb473
2026-02-10 11:01:23.234 [main] DEBUG org.hibernate.type.BasicTypeRegistry - Adding type registration short -> org.hibernate.type.BasicTypeReference@41beb473
2026-02-10 11:01:23.234 [main] DEBUG org.hibernate.type.BasicTypeRegistry - Adding type registration java.lang.Short -> org.hibernate.type.BasicTypeReference@41beb473
2026-02-10 11:01:23.234 [main] DEBUG org.hibernate.type.BasicTypeRegistry - Adding type registration integer -> org.hibernate.type.BasicTypeReference@560513ce
2026-02-10 11:01:23.234 [main] DEBUG org.hibernate.type.BasicTypeRegistry - Adding type registration int -> org.hibernate.type.BasicTypeReference@560513ce
2026-02-10 11:01:23.234 [main] DEBUG org.hibernate.type.BasicTypeRegistry - Adding type registration java.lang.Integer -> org.hibernate.type.BasicTypeReference@560513ce
2026-02-10 11:01:23.234 [main] DEBUG org.hibernate.type.BasicTypeRegistry - Adding type registration long -> org.hibernate.type.BasicTypeReference@13006998
2026-02-10 11:01:23.235 [main] DEBUG org.hibernate.type.BasicTypeRegistry - Adding type registration long -> org.hibernate.type.BasicTypeReference@13006998
2026-02-10 11:01:23.235 [main] DEBUG org.hibernate.type.BasicTypeRegistry - Adding type registration java.lang.Long -> org.hibernate.type.BasicTypeReference@13006998
2026-02-10 11:01:23.235 [main] DEBUG org.hibernate.type.BasicTypeRegistry - Adding type registration float -> org.hibernate.type.BasicTypeReference@37fbe4a8
2026-02-10 11:01:23.235 [main] DEBUG org.hibernate.type.BasicTypeRegistry - Adding type registration float -> org.hibernate.type.BasicTypeReference@37fbe4a8
2026-02-10 11:01:23.235 [main] DEBUG org.hibernate.type.BasicTypeRegistry - Adding type registration java.lang.Float -> org.hibernate.type.BasicTypeReference@37fbe4a8
2026-02-10 11:01:23.235 [main] DEBUG org.hibernate.type.BasicTypeRegistry - Adding type registration double -> org.hibernate.type.BasicTypeReference@352c308
2026-02-10 11:01:23.235 [main] DEBUG org.hibernate.type.BasicTypeRegistry - Adding type registration double -> org.hibernate.type.BasicTypeReference@352c308
2026-02-10 11:01:23.235 [main] DEBUG org.hibernate.type.BasicTypeRegistry - Adding type registration java.lang.Double -> org.hibernate.type.BasicTypeReference@352c308
2026-02-10 11:01:23.235 [main] DEBUG org.hibernate.type.BasicTypeRegistry - Adding type registration big_integer -> org.hibernate.type.BasicTypeReference@7d373bcf
2026-02-10 11:01:23.236 [main] DEBUG org.hibernate.type.BasicTypeRegistry - Adding type registration java.math.BigInteger -> org.hibernate.type.BasicTypeReference@7d373bcf
2026-02-10 11:01:23.236 [main] DEBUG org.hibernate.type.BasicTypeRegistry - Adding type registration big_decimal -> org.hibernate.type.BasicTypeReference@6d6bc158
2026-02-10 11:01:23.236 [main] DEBUG org.hibernate.type.BasicTypeRegistry - Adding type registration java.math.BigDecimal -> org.hibernate.type.BasicTypeReference@6d6bc158
2026-02-10 11:01:23.236 [main] DEBUG org.hibernate.type.BasicTypeRegistry - Adding type registration character -> org.hibernate.type.BasicTypeReference@5dda6f9
2026-02-10 11:01:23.236 [main] DEBUG org.hibernate.type.BasicTypeRegistry - Adding type registration char -> org.hibernate.type.BasicTypeReference@5dda6f9
2026-02-10 11:01:23.236 [main] DEBUG org.hibernate.type.BasicTypeRegistry - Adding type registration java.lang.Character -> org.hibernate.type.BasicTypeReference@5dda6f9
2026-02-10 11:01:23.236 [main] DEBUG org.hibernate.type.BasicTypeRegistry - Adding type registration character_nchar -> org.hibernate.type.BasicTypeReference@10027fc9
2026-02-10 11:01:23.237 [main] DEBUG org.hibernate.type.BasicTypeRegistry - Adding type registration string -> org.hibernate.type.BasicTypeReference@54afd745
2026-02-10 11:01:23.237 [main] DEBUG org.hibernate.type.BasicTypeRegistry - Adding type registration java.lang.String -> org.hibernate.type.BasicTypeReference@54afd745
2026-02-10 11:01:23.237 [main] DEBUG org.hibernate.type.BasicTypeRegistry - Adding type registration nstring -> org.hibernate.type.BasicTypeReference@677dbd89
2026-02-10 11:01:23.237 [main] DEBUG org.hibernate.type.BasicTypeRegistry - Adding type registration characters -> org.hibernate.type.BasicTypeReference@fff25f1
2026-02-10 11:01:23.237 [main] DEBUG org.hibernate.type.BasicTypeRegistry - Adding type registration char[] -> org.hibernate.type.BasicTypeReference@fff25f1
2026-02-10 11:01:23.237 [main] DEBUG org.hibernate.type.BasicTypeRegistry - Adding type registration [C -> org.hibernate.type.BasicTypeReference@fff25f1
2026-02-10 11:01:23.237 [main] DEBUG org.hibernate.type.BasicTypeRegistry - Adding type registration wrapper-characters -> org.hibernate.type.BasicTypeReference@c00fff0
2026-02-10 11:01:23.237 [main] DEBUG org.hibernate.type.BasicTypeRegistry - Adding type registration text -> org.hibernate.type.BasicTypeReference@263f04ca
2026-02-10 11:01:23.237 [main] DEBUG org.hibernate.type.BasicTypeRegistry - Adding type registration ntext -> org.hibernate.type.BasicTypeReference@2ca47471
2026-02-10 11:01:23.237 [main] DEBUG org.hibernate.type.BasicTypeRegistry - Adding type registration clob -> org.hibernate.type.BasicTypeReference@5a021cb9
2026-02-10 11:01:23.237 [main] DEBUG org.hibernate.type.BasicTypeRegistry - Adding type registration java.sql.Clob -> org.hibernate.type.BasicTypeReference@5a021cb9
2026-02-10 11:01:23.237 [main] DEBUG org.hibernate.type.BasicTypeRegistry - Adding type registration nclob -> org.hibernate.type.BasicTypeReference@51768776
2026-02-10 11:01:23.238 [main] DEBUG org.hibernate.type.BasicTypeRegistry - Adding type registration java.sql.NClob -> org.hibernate.type.BasicTypeReference@51768776
2026-02-10 11:01:23.238 [main] DEBUG org.hibernate.type.BasicTypeRegistry - Adding type registration materialized_clob -> org.hibernate.type.BasicTypeReference@f31c0c6
2026-02-10 11:01:23.238 [main] DEBUG org.hibernate.type.BasicTypeRegistry - Adding type registration materialized_clob_char_array -> org.hibernate.type.BasicTypeReference@b93aad
2026-02-10 11:01:23.238 [main] DEBUG org.hibernate.type.BasicTypeRegistry - Adding type registration materialized_clob_character_array -> org.hibernate.type.BasicTypeReference@4a9419d7
2026-02-10 11:01:23.238 [main] DEBUG org.hibernate.type.BasicTypeRegistry - Adding type registration materialized_nclob -> org.hibernate.type.BasicTypeReference@2f3c6ac4
2026-02-10 11:01:23.238 [main] DEBUG org.hibernate.type.BasicTypeRegistry - Adding type registration materialized_nclob_character_array -> org.hibernate.type.BasicTypeReference@2e8ab815
2026-02-10 11:01:23.238 [main] DEBUG org.hibernate.type.BasicTypeRegistry - Adding type registration materialized_nclob_char_array -> org.hibernate.type.BasicTypeReference@67af833b
2026-02-10 11:01:23.238 [main] DEBUG org.hibernate.type.BasicTypeRegistry - Adding type registration Duration -> org.hibernate.type.BasicTypeReference@d1f74b8
2026-02-10 11:01:23.238 [main] DEBUG org.hibernate.type.BasicTypeRegistry - Adding type registration java.time.Duration -> org.hibernate.type.BasicTypeReference@d1f74b8
2026-02-10 11:01:23.239 [main] DEBUG org.hibernate.type.BasicTypeRegistry - Adding type registration LocalDateTime -> org.hibernate.type.BasicTypeReference@41394595
2026-02-10 11:01:23.239 [main] DEBUG org.hibernate.type.BasicTypeRegistry - Adding type registration java.time.LocalDateTime -> org.hibernate.type.BasicTypeReference@41394595
2026-02-10 11:01:23.239 [main] DEBUG org.hibernate.type.BasicTypeRegistry - Adding type registration LocalDate -> org.hibernate.type.BasicTypeReference@3a0807b7
2026-02-10 11:01:23.239 [main] DEBUG org.hibernate.type.BasicTypeRegistry - Adding type registration java.time.LocalDate -> org.hibernate.type.BasicTypeReference@3a0807b7
2026-02-10 11:01:23.239 [main] DEBUG org.hibernate.type.BasicTypeRegistry - Adding type registration LocalTime -> org.hibernate.type.BasicTypeReference@21a5fd96
2026-02-10 11:01:23.239 [main] DEBUG org.hibernate.type.BasicTypeRegistry - Adding type registration java.time.LocalTime -> org.hibernate.type.BasicTypeReference@21a5fd96
2026-02-10 11:01:23.239 [main] DEBUG org.hibernate.type.BasicTypeRegistry - Adding type registration OffsetDateTime -> org.hibernate.type.BasicTypeReference@5769e7ae
2026-02-10 11:01:23.239 [main] DEBUG org.hibernate.type.BasicTypeRegistry - Adding type registration java.time.OffsetDateTime -> org.hibernate.type.BasicTypeReference@5769e7ae
2026-02-10 11:01:23.239 [main] DEBUG org.hibernate.type.BasicTypeRegistry - Adding type registration OffsetDateTimeWithTimezone -> org.hibernate.type.BasicTypeReference@5c77053b
2026-02-10 11:01:23.239 [main] DEBUG org.hibernate.type.BasicTypeRegistry - Adding type registration OffsetDateTimeWithoutTimezone -> org.hibernate.type.BasicTypeReference@26b894bd
2026-02-10 11:01:23.239 [main] DEBUG org.hibernate.type.BasicTypeRegistry - Adding type registration OffsetTime -> org.hibernate.type.BasicTypeReference@287f94b1
2026-02-10 11:01:23.240 [main] DEBUG org.hibernate.type.BasicTypeRegistry - Adding type registration java.time.OffsetTime -> org.hibernate.type.BasicTypeReference@287f94b1
2026-02-10 11:01:23.240 [main] DEBUG org.hibernate.type.BasicTypeRegistry - Adding type registration OffsetTimeUtc -> org.hibernate.type.BasicTypeReference@30b34287
2026-02-10 11:01:23.240 [main] DEBUG org.hibernate.type.BasicTypeRegistry - Adding type registration OffsetTimeWithTimezone -> org.hibernate.type.BasicTypeReference@5489c777
2026-02-10 11:01:23.240 [main] DEBUG org.hibernate.type.BasicTypeRegistry - Adding type registration OffsetTimeWithoutTimezone -> org.hibernate.type.BasicTypeReference@3676ac27
2026-02-10 11:01:23.240 [main] DEBUG org.hibernate.type.BasicTypeRegistry - Adding type registration ZonedDateTime -> org.hibernate.type.BasicTypeReference@62f87c44
2026-02-10 11:01:23.240 [main] DEBUG org.hibernate.type.BasicTypeRegistry - Adding type registration java.time.ZonedDateTime -> org.hibernate.type.BasicTypeReference@62f87c44
2026-02-10 11:01:23.240 [main] DEBUG org.hibernate.type.BasicTypeRegistry - Adding type registration ZonedDateTimeWithTimezone -> org.hibernate.type.BasicTypeReference@48f5bde6
2026-02-10 11:01:23.240 [main] DEBUG org.hibernate.type.BasicTypeRegistry - Adding type registration ZonedDateTimeWithoutTimezone -> org.hibernate.type.BasicTypeReference@525d79f0
2026-02-10 11:01:23.240 [main] DEBUG org.hibernate.type.BasicTypeRegistry - Adding type registration date -> org.hibernate.type.BasicTypeReference@5149f008
2026-02-10 11:01:23.240 [main] DEBUG org.hibernate.type.BasicTypeRegistry - Adding type registration java.sql.Date -> org.hibernate.type.BasicTypeReference@5149f008
2026-02-10 11:01:23.241 [main] DEBUG org.hibernate.type.BasicTypeRegistry - Adding type registration time -> org.hibernate.type.BasicTypeReference@7072bc39
2026-02-10 11:01:23.241 [main] DEBUG org.hibernate.type.BasicTypeRegistry - Adding type registration java.sql.Time -> org.hibernate.type.BasicTypeReference@7072bc39
2026-02-10 11:01:23.241 [main] DEBUG org.hibernate.type.BasicTypeRegistry - Adding type registration timestamp -> org.hibernate.type.BasicTypeReference@158d255c
2026-02-10 11:01:23.241 [main] DEBUG org.hibernate.type.BasicTypeRegistry - Adding type registration java.sql.Timestamp -> org.hibernate.type.BasicTypeReference@158d255c
2026-02-10 11:01:23.241 [main] DEBUG org.hibernate.type.BasicTypeRegistry - Adding type registration java.util.Date -> org.hibernate.type.BasicTypeReference@158d255c
2026-02-10 11:01:23.241 [main] DEBUG org.hibernate.type.BasicTypeRegistry - Adding type registration calendar -> org.hibernate.type.BasicTypeReference@2ca65ce4
2026-02-10 11:01:23.241 [main] DEBUG org.hibernate.type.BasicTypeRegistry - Adding type registration java.util.Calendar -> org.hibernate.type.BasicTypeReference@2ca65ce4
2026-02-10 11:01:23.242 [main] DEBUG org.hibernate.type.BasicTypeRegistry - Adding type registration java.util.GregorianCalendar -> org.hibernate.type.BasicTypeReference@2ca65ce4
2026-02-10 11:01:23.242 [main] DEBUG org.hibernate.type.BasicTypeRegistry - Adding type registration calendar_date -> org.hibernate.type.BasicTypeReference@327120c8
2026-02-10 11:01:23.242 [main] DEBUG org.hibernate.type.BasicTypeRegistry - Adding type registration calendar_time -> org.hibernate.type.BasicTypeReference@5707c1cb
2026-02-10 11:01:23.242 [main] DEBUG org.hibernate.type.BasicTypeRegistry - Adding type registration instant -> org.hibernate.type.BasicTypeReference@2b5cb9b2
2026-02-10 11:01:23.242 [main] DEBUG org.hibernate.type.BasicTypeRegistry - Adding type registration java.time.Instant -> org.hibernate.type.BasicTypeReference@2b5cb9b2
2026-02-10 11:01:23.242 [main] DEBUG org.hibernate.type.BasicTypeRegistry - Adding type registration uuid -> org.hibernate.type.BasicTypeReference@35038141
2026-02-10 11:01:23.242 [main] DEBUG org.hibernate.type.BasicTypeRegistry - Adding type registration java.util.UUID -> org.hibernate.type.BasicTypeReference@35038141
2026-02-10 11:01:23.242 [main] DEBUG org.hibernate.type.BasicTypeRegistry - Adding type registration pg-uuid -> org.hibernate.type.BasicTypeReference@35038141
2026-02-10 11:01:23.242 [main] DEBUG org.hibernate.type.BasicTypeRegistry - Adding type registration uuid-binary -> org.hibernate.type.BasicTypeReference@ecf9049
2026-02-10 11:01:23.242 [main] DEBUG org.hibernate.type.BasicTypeRegistry - Adding type registration uuid-char -> org.hibernate.type.BasicTypeReference@672f11c2
2026-02-10 11:01:23.242 [main] DEBUG org.hibernate.type.BasicTypeRegistry - Adding type registration class -> org.hibernate.type.BasicTypeReference@2970a5bc
2026-02-10 11:01:23.243 [main] DEBUG org.hibernate.type.BasicTypeRegistry - Adding type registration java.lang.Class -> org.hibernate.type.BasicTypeReference@2970a5bc
2026-02-10 11:01:23.243 [main] DEBUG org.hibernate.type.BasicTypeRegistry - Adding type registration currency -> org.hibernate.type.BasicTypeReference@50305a
2026-02-10 11:01:23.243 [main] DEBUG org.hibernate.type.BasicTypeRegistry - Adding type registration Currency -> org.hibernate.type.BasicTypeReference@50305a
2026-02-10 11:01:23.243 [main] DEBUG org.hibernate.type.BasicTypeRegistry - Adding type registration java.util.Currency -> org.hibernate.type.BasicTypeReference@50305a
2026-02-10 11:01:23.243 [main] DEBUG org.hibernate.type.BasicTypeRegistry - Adding type registration locale -> org.hibernate.type.BasicTypeReference@72efb5c1
2026-02-10 11:01:23.243 [main] DEBUG org.hibernate.type.BasicTypeRegistry - Adding type registration java.util.Locale -> org.hibernate.type.BasicTypeReference@72efb5c1
2026-02-10 11:01:23.243 [main] DEBUG org.hibernate.type.BasicTypeRegistry - Adding type registration serializable -> org.hibernate.type.BasicTypeReference@6d511b5f
2026-02-10 11:01:23.243 [main] DEBUG org.hibernate.type.BasicTypeRegistry - Adding type registration java.io.Serializable -> org.hibernate.type.BasicTypeReference@6d511b5f
2026-02-10 11:01:23.243 [main] DEBUG org.hibernate.type.BasicTypeRegistry - Adding type registration timezone -> org.hibernate.type.BasicTypeReference@41200e0c
2026-02-10 11:01:23.244 [main] DEBUG org.hibernate.type.BasicTypeRegistry - Adding type registration java.util.TimeZone -> org.hibernate.type.BasicTypeReference@41200e0c
2026-02-10 11:01:23.244 [main] DEBUG org.hibernate.type.BasicTypeRegistry - Adding type registration ZoneOffset -> org.hibernate.type.BasicTypeReference@40f33492
2026-02-10 11:01:23.244 [main] DEBUG org.hibernate.type.BasicTypeRegistry - Adding type registration java.time.ZoneOffset -> org.hibernate.type.BasicTypeReference@40f33492
2026-02-10 11:01:23.244 [main] DEBUG org.hibernate.type.BasicTypeRegistry - Adding type registration url -> org.hibernate.type.BasicTypeReference@4fbdc0f0
2026-02-10 11:01:23.244 [main] DEBUG org.hibernate.type.BasicTypeRegistry - Adding type registration java.net.URL -> org.hibernate.type.BasicTypeReference@4fbdc0f0
2026-02-10 11:01:23.244 [main] DEBUG org.hibernate.type.BasicTypeRegistry - Adding type registration vector -> org.hibernate.type.BasicTypeReference@2ad3a1bb
2026-02-10 11:01:23.244 [main] DEBUG org.hibernate.type.BasicTypeRegistry - Adding type registration row_version -> org.hibernate.type.BasicTypeReference@6bc28a83
2026-02-10 11:01:23.248 [main] DEBUG org.hibernate.type.BasicTypeRegistry - Adding type registration object -> org.hibernate.type.JavaObjectType@3e587920
2026-02-10 11:01:23.249 [main] DEBUG org.hibernate.type.BasicTypeRegistry - Adding type registration java.lang.Object -> org.hibernate.type.JavaObjectType@3e587920
2026-02-10 11:01:23.249 [main] DEBUG org.hibernate.type.BasicTypeRegistry - Adding type registration null -> org.hibernate.type.NullType@82c57b3
2026-02-10 11:01:23.250 [main] DEBUG org.hibernate.type.BasicTypeRegistry - Adding type registration imm_date -> org.hibernate.type.BasicTypeReference@5be82d43
2026-02-10 11:01:23.250 [main] DEBUG org.hibernate.type.BasicTypeRegistry - Adding type registration imm_time -> org.hibernate.type.BasicTypeReference@600b0b7
2026-02-10 11:01:23.250 [main] DEBUG org.hibernate.type.BasicTypeRegistry - Adding type registration imm_timestamp -> org.hibernate.type.BasicTypeReference@345e5a17
2026-02-10 11:01:23.250 [main] DEBUG org.hibernate.type.BasicTypeRegistry - Adding type registration imm_calendar -> org.hibernate.type.BasicTypeReference@5ea502e0
2026-02-10 11:01:23.250 [main] DEBUG org.hibernate.type.BasicTypeRegistry - Adding type registration imm_calendar_date -> org.hibernate.type.BasicTypeReference@443dbe42
2026-02-10 11:01:23.250 [main] DEBUG org.hibernate.type.BasicTypeRegistry - Adding type registration imm_calendar_time -> org.hibernate.type.BasicTypeReference@473b3b7a
2026-02-10 11:01:23.250 [main] DEBUG org.hibernate.type.BasicTypeRegistry - Adding type registration imm_binary -> org.hibernate.type.BasicTypeReference@1734f68
2026-02-10 11:01:23.250 [main] DEBUG org.hibernate.type.BasicTypeRegistry - Adding type registration imm_serializable -> org.hibernate.type.BasicTypeReference@77b7ffa4
2026-02-10 11:01:23.271 [main] WARN  org.hibernate.orm.connections.pooling - HHH10001002: Using built-in connection pool (not intended for production use)
2026-02-10 11:01:23.274 [main] INFO  org.hibernate.orm.connections.pooling - HHH10001005: Loaded JDBC driver class: com.mysql.cj.jdbc.Driver
2026-02-10 11:01:23.274 [main] INFO  org.hibernate.orm.connections.pooling - HHH10001012: Connecting with JDBC URL [jdbc:mysql://localhost:3307/cineexamen?useSSL=false&allowPublicKeyRetrieval=true]
2026-02-10 11:01:23.275 [main] INFO  org.hibernate.orm.connections.pooling - HHH10001001: Connection properties: {password=parradito, user=parradoexamen}
2026-02-10 11:01:23.275 [main] INFO  org.hibernate.orm.connections.pooling - HHH10001003: Autocommit mode: false
2026-02-10 11:01:23.276 [main] DEBUG org.hibernate.orm.connections.pooling - Initializing Connection pool with 1 Connections
2026-02-10 11:01:23.276 [main] INFO  org.hibernate.orm.connections.pooling - HHH10001115: Connection pool size: 20 (min=1)
2026-02-10 11:01:23.436 [main] DEBUG org.hibernate.engine.jdbc.env.internal.JdbcEnvironmentInitiator - Database ->
       name : MySQL
    version : 8.4.7
      major : 8
      minor : 4
2026-02-10 11:01:23.437 [main] DEBUG org.hibernate.engine.jdbc.env.internal.JdbcEnvironmentInitiator - Driver ->
       name : MySQL Connector/J
    version : mysql-connector-j-8.4.0 (Revision: 1c3f5c149e0bfe31c7fbeb24e2d260cd890972c4)
      major : 8
      minor : 4
2026-02-10 11:01:23.437 [main] DEBUG org.hibernate.engine.jdbc.env.internal.JdbcEnvironmentInitiator - JDBC version : 4.2
2026-02-10 11:01:23.477 [main] WARN  org.hibernate.orm.deprecation - HHH90000025: MySQLDialect does not need to be specified explicitly using 'hibernate.dialect' (remove the property setting and it will be selected by default)
2026-02-10 11:01:23.478 [main] DEBUG org.hibernate.orm.dialect - HHH035001: Using dialect: org.hibernate.dialect.MySQLDialect, version: 8.4.7
2026-02-10 11:01:23.484 [main] DEBUG org.hibernate.engine.jdbc.env.spi.IdentifierHelperBuilder - JDBC driver metadata reported database stores quoted identifiers in more than one case
2026-02-10 11:01:23.484 [main] DEBUG org.hibernate.engine.jdbc.env.spi.IdentifierHelperBuilder - IdentifierCaseStrategy for both quoted and unquoted identifiers was set to the same strategy [MIXED]; that will likely lead to problems in schema update and validation if using quoted identifiers
2026-02-10 11:01:23.499 [main] DEBUG org.hibernate.type.descriptor.sql.spi.DdlTypeRegistry - addDescriptor(12, org.hibernate.type.descriptor.sql.internal.CapacityDependentDdlType@3bb8aabc) replaced previous registration(org.hibernate.type.descriptor.sql.internal.CapacityDependentDdlType@6e1d4137)
2026-02-10 11:01:23.499 [main] DEBUG org.hibernate.type.descriptor.sql.spi.DdlTypeRegistry - addDescriptor(-9, org.hibernate.type.descriptor.sql.internal.CapacityDependentDdlType@256a1825) replaced previous registration(org.hibernate.type.descriptor.sql.internal.CapacityDependentDdlType@29a4f594)
2026-02-10 11:01:23.499 [main] DEBUG org.hibernate.type.descriptor.sql.spi.DdlTypeRegistry - addDescriptor(-3, org.hibernate.type.descriptor.sql.internal.CapacityDependentDdlType@57b75756) replaced previous registration(org.hibernate.type.descriptor.sql.internal.CapacityDependentDdlType@5327a06e)
2026-02-10 11:01:23.499 [main] DEBUG org.hibernate.type.descriptor.sql.spi.DdlTypeRegistry - addDescriptor(4003, org.hibernate.type.descriptor.sql.internal.DdlTypeImpl@2679311f) replaced previous registration(org.hibernate.type.descriptor.sql.internal.DdlTypeImpl@287f7811)
2026-02-10 11:01:23.499 [main] DEBUG org.hibernate.type.descriptor.sql.spi.DdlTypeRegistry - addDescriptor(4001, org.hibernate.type.descriptor.sql.internal.DdlTypeImpl@451f87af) replaced previous registration(org.hibernate.type.descriptor.sql.internal.DdlTypeImpl@2b556bb2)
2026-02-10 11:01:23.499 [main] DEBUG org.hibernate.type.descriptor.sql.spi.DdlTypeRegistry - addDescriptor(4002, org.hibernate.type.descriptor.sql.internal.DdlTypeImpl@44cb460e) replaced previous registration(org.hibernate.type.descriptor.sql.internal.DdlTypeImpl@17271176)
2026-02-10 11:01:23.499 [main] DEBUG org.hibernate.type.descriptor.sql.spi.DdlTypeRegistry - addDescriptor(2004, org.hibernate.type.descriptor.sql.internal.CapacityDependentDdlType@2e3cdec2) replaced previous registration(org.hibernate.type.descriptor.sql.internal.DdlTypeImpl@2e34384c)
2026-02-10 11:01:23.500 [main] DEBUG org.hibernate.type.descriptor.sql.spi.DdlTypeRegistry - addDescriptor(2005, org.hibernate.type.descriptor.sql.internal.CapacityDependentDdlType@3051e0b2) replaced previous registration(org.hibernate.type.descriptor.sql.internal.DdlTypeImpl@1f52eb6f)
2026-02-10 11:01:23.500 [main] DEBUG org.hibernate.type.descriptor.sql.spi.DdlTypeRegistry - addDescriptor(2011, org.hibernate.type.descriptor.sql.internal.CapacityDependentDdlType@57d0fc89) replaced previous registration(org.hibernate.type.descriptor.sql.internal.DdlTypeImpl@58294867)
2026-02-10 11:01:23.501 [main] DEBUG org.hibernate.type.descriptor.jdbc.spi.JdbcTypeRegistry - addDescriptor(NCharTypeDescriptor) replaced previous registration(CharTypeDescriptor)
2026-02-10 11:01:23.501 [main] DEBUG org.hibernate.type.descriptor.jdbc.spi.JdbcTypeRegistry - addDescriptor(NVarcharTypeDescriptor) replaced previous registration(VarcharTypeDescriptor)
2026-02-10 11:01:23.501 [main] DEBUG org.hibernate.type.descriptor.jdbc.spi.JdbcTypeRegistry - addDescriptor(LongNVarcharTypeDescriptor) replaced previous registration(LongVarcharTypeDescriptor)
2026-02-10 11:01:23.503 [main] DEBUG org.hibernate.type.descriptor.jdbc.spi.JdbcTypeRegistry - addDescriptor(NClobTypeDescriptor(DEFAULT)) replaced previous registration(ClobTypeDescriptor(DEFAULT))
2026-02-10 11:01:23.503 [main] DEBUG org.hibernate.type.descriptor.jdbc.spi.JdbcTypeRegistry - addDescriptor(2005, ClobTypeDescriptor(STREAM_BINDING)) replaced previous registration(ClobTypeDescriptor(DEFAULT))
2026-02-10 11:01:23.506 [main] DEBUG org.hibernate.type.BasicTypeRegistry - Adding type registration null -> org.hibernate.type.NullType@29a69a35
2026-02-10 11:01:23.506 [main] DEBUG org.hibernate.type.BasicTypeRegistry - Type registration key [null] overrode previous entry : `org.hibernate.type.NullType@82c57b3`
2026-02-10 11:01:23.510 [main] DEBUG org.hibernate.type.BasicTypeRegistry - Adding type registration org.hibernate.type.DurationType -> basicType@1(java.time.Duration,3015)
2026-02-10 11:01:23.510 [main] DEBUG org.hibernate.type.BasicTypeRegistry - Adding type registration Duration -> basicType@1(java.time.Duration,3015)
2026-02-10 11:01:23.510 [main] DEBUG org.hibernate.type.BasicTypeRegistry - Adding type registration java.time.Duration -> basicType@1(java.time.Duration,3015)
2026-02-10 11:01:23.515 [main] DEBUG org.hibernate.type.BasicTypeRegistry - Adding type registration org.hibernate.type.OffsetDateTimeType -> basicType@2(java.time.OffsetDateTime,3003)
2026-02-10 11:01:23.516 [main] DEBUG org.hibernate.type.BasicTypeRegistry - Adding type registration OffsetDateTime -> basicType@2(java.time.OffsetDateTime,3003)
2026-02-10 11:01:23.516 [main] DEBUG org.hibernate.type.BasicTypeRegistry - Adding type registration java.time.OffsetDateTime -> basicType@2(java.time.OffsetDateTime,3003)
2026-02-10 11:01:23.516 [main] DEBUG org.hibernate.type.BasicTypeRegistry - Adding type registration org.hibernate.type.ZonedDateTimeType -> basicType@3(java.time.ZonedDateTime,3003)
2026-02-10 11:01:23.516 [main] DEBUG org.hibernate.type.BasicTypeRegistry - Adding type registration ZonedDateTime -> basicType@3(java.time.ZonedDateTime,3003)
2026-02-10 11:01:23.516 [main] DEBUG org.hibernate.type.BasicTypeRegistry - Adding type registration java.time.ZonedDateTime -> basicType@3(java.time.ZonedDateTime,3003)
2026-02-10 11:01:23.517 [main] DEBUG org.hibernate.type.BasicTypeRegistry - Adding type registration org.hibernate.type.OffsetTimeType -> basicType@4(java.time.OffsetTime,3007)
2026-02-10 11:01:23.518 [main] DEBUG org.hibernate.type.BasicTypeRegistry - Adding type registration OffsetTime -> basicType@4(java.time.OffsetTime,3007)
2026-02-10 11:01:23.518 [main] DEBUG org.hibernate.type.BasicTypeRegistry - Adding type registration java.time.OffsetTime -> basicType@4(java.time.OffsetTime,3007)
2026-02-10 11:01:23.520 [main] DEBUG org.hibernate.type.spi.TypeConfiguration$Scope - Scoping TypeConfiguration [org.hibernate.type.spi.TypeConfiguration@77cb9cd1] to MetadataBuildingContext [org.hibernate.boot.internal.MetadataBuildingContextRootImpl@971e903]
2026-02-10 11:02:17.815 [main] DEBUG org.jboss.logging - Logging Provider: org.jboss.logging.Log4j2LoggerProvider
2026-02-10 11:02:17.827 [main] DEBUG org.hibernate.integrator.internal.IntegratorServiceImpl - Adding Integrator [org.hibernate.boot.beanvalidation.BeanValidationIntegrator].
2026-02-10 11:02:17.829 [main] DEBUG org.hibernate.integrator.internal.IntegratorServiceImpl - Adding Integrator [org.hibernate.cache.internal.CollectionCacheInvalidator].
2026-02-10 11:02:17.846 [main] INFO  org.hibernate.Version - HHH000412: Hibernate ORM core version 6.4.4.Final
2026-02-10 11:02:17.847 [main] DEBUG org.hibernate.cfg.Environment - HHH000206: 'hibernate.properties' not found
2026-02-10 11:02:17.872 [main] DEBUG org.hibernate.boot.jaxb.internal.stax.LocalXmlResourceResolver - Checking public/system identifiers `-//Hibernate/Hibernate Configuration DTD 3.0//EN`/`https://hibernate.org/dtd/hibernate-configuration-3.0.dtd` as DTD references
2026-02-10 11:02:17.878 [main] DEBUG org.hibernate.boot.cfgxml.internal.JaxbCfgProcessor - cfg.xml document did not define namespaces; wrapping in custom event reader to introduce namespace information
2026-02-10 11:02:18.035 [main] DEBUG org.hibernate.orm.idgen.factory - Ignoring CDI for resolving IdentifierGenerator instances as extended or delayed CDI support was enabled
2026-02-10 11:02:18.038 [main] DEBUG org.hibernate.orm.idgen.factory - Registering IdentifierGenerator strategy [uuid2] -> [org.hibernate.id.UUIDGenerator]
2026-02-10 11:02:18.039 [main] DEBUG org.hibernate.orm.idgen.factory - Registering IdentifierGenerator strategy [guid] -> [org.hibernate.id.GUIDGenerator]
2026-02-10 11:02:18.040 [main] DEBUG org.hibernate.orm.idgen.factory - Registering IdentifierGenerator strategy [uuid] -> [org.hibernate.id.UUIDHexGenerator]
2026-02-10 11:02:18.040 [main] DEBUG org.hibernate.orm.idgen.factory - Registering IdentifierGenerator strategy [uuid.hex] -> [org.hibernate.id.UUIDHexGenerator]
2026-02-10 11:02:18.040 [main] DEBUG org.hibernate.orm.idgen.factory - Registering IdentifierGenerator strategy [assigned] -> [org.hibernate.id.Assigned]
2026-02-10 11:02:18.041 [main] DEBUG org.hibernate.orm.idgen.factory - Registering IdentifierGenerator strategy [identity] -> [org.hibernate.id.IdentityGenerator]
2026-02-10 11:02:18.041 [main] DEBUG org.hibernate.orm.idgen.factory - Registering IdentifierGenerator strategy [select] -> [org.hibernate.id.SelectGenerator]
2026-02-10 11:02:18.042 [main] DEBUG org.hibernate.orm.idgen.factory - Registering IdentifierGenerator strategy [sequence] -> [org.hibernate.id.enhanced.SequenceStyleGenerator]
2026-02-10 11:02:18.042 [main] DEBUG org.hibernate.orm.idgen.factory - Registering IdentifierGenerator strategy [increment] -> [org.hibernate.id.IncrementGenerator]
2026-02-10 11:02:18.042 [main] DEBUG org.hibernate.orm.idgen.factory - Registering IdentifierGenerator strategy [foreign] -> [org.hibernate.id.ForeignGenerator]
2026-02-10 11:02:18.044 [main] DEBUG org.hibernate.orm.idgen.factory - Registering IdentifierGenerator strategy [enhanced-sequence] -> [org.hibernate.id.enhanced.SequenceStyleGenerator]
2026-02-10 11:02:18.044 [main] DEBUG org.hibernate.orm.idgen.factory - Registering IdentifierGenerator strategy [enhanced-table] -> [org.hibernate.id.enhanced.TableGenerator]
2026-02-10 11:02:18.051 [main] DEBUG org.hibernate.cache.internal.RegionFactoryInitiator - Cannot default RegionFactory based on registered strategies as `[]` RegionFactory strategies were registered
2026-02-10 11:02:18.051 [main] INFO  org.hibernate.cache.internal.RegionFactoryInitiator - HHH000026: Second-level cache disabled
2026-02-10 11:02:18.114 [main] DEBUG org.hibernate.type.BasicTypeRegistry - Adding type registration boolean -> org.hibernate.type.BasicTypeReference@74f7d1d2
2026-02-10 11:02:18.115 [main] DEBUG org.hibernate.type.BasicTypeRegistry - Adding type registration boolean -> org.hibernate.type.BasicTypeReference@74f7d1d2
2026-02-10 11:02:18.115 [main] DEBUG org.hibernate.type.BasicTypeRegistry - Adding type registration java.lang.Boolean -> org.hibernate.type.BasicTypeReference@74f7d1d2
2026-02-10 11:02:18.115 [main] DEBUG org.hibernate.type.BasicTypeRegistry - Adding type registration numeric_boolean -> org.hibernate.type.BasicTypeReference@4b4dd216
2026-02-10 11:02:18.115 [main] DEBUG org.hibernate.type.BasicTypeRegistry - Adding type registration org.hibernate.type.NumericBooleanConverter -> org.hibernate.type.BasicTypeReference@4b4dd216
2026-02-10 11:02:18.116 [main] DEBUG org.hibernate.type.BasicTypeRegistry - Adding type registration true_false -> org.hibernate.type.BasicTypeReference@5ca17ab0
2026-02-10 11:02:18.116 [main] DEBUG org.hibernate.type.BasicTypeRegistry - Adding type registration org.hibernate.type.TrueFalseConverter -> org.hibernate.type.BasicTypeReference@5ca17ab0
2026-02-10 11:02:18.116 [main] DEBUG org.hibernate.type.BasicTypeRegistry - Adding type registration yes_no -> org.hibernate.type.BasicTypeReference@5a62b2a4
2026-02-10 11:02:18.116 [main] DEBUG org.hibernate.type.BasicTypeRegistry - Adding type registration org.hibernate.type.YesNoConverter -> org.hibernate.type.BasicTypeReference@5a62b2a4
2026-02-10 11:02:18.116 [main] DEBUG org.hibernate.type.BasicTypeRegistry - Adding type registration byte -> org.hibernate.type.BasicTypeReference@1051817b
2026-02-10 11:02:18.116 [main] DEBUG org.hibernate.type.BasicTypeRegistry - Adding type registration byte -> org.hibernate.type.BasicTypeReference@1051817b
2026-02-10 11:02:18.117 [main] DEBUG org.hibernate.type.BasicTypeRegistry - Adding type registration java.lang.Byte -> org.hibernate.type.BasicTypeReference@1051817b
2026-02-10 11:02:18.117 [main] DEBUG org.hibernate.type.BasicTypeRegistry - Adding type registration binary -> org.hibernate.type.BasicTypeReference@35293c05
2026-02-10 11:02:18.117 [main] DEBUG org.hibernate.type.BasicTypeRegistry - Adding type registration byte[] -> org.hibernate.type.BasicTypeReference@35293c05
2026-02-10 11:02:18.117 [main] DEBUG org.hibernate.type.BasicTypeRegistry - Adding type registration [B -> org.hibernate.type.BasicTypeReference@35293c05
2026-02-10 11:02:18.117 [main] DEBUG org.hibernate.type.BasicTypeRegistry - Adding type registration binary_wrapper -> org.hibernate.type.BasicTypeReference@620aa4ea
2026-02-10 11:02:18.117 [main] DEBUG org.hibernate.type.BasicTypeRegistry - Adding type registration wrapper-binary -> org.hibernate.type.BasicTypeReference@620aa4ea
2026-02-10 11:02:18.117 [main] DEBUG org.hibernate.type.BasicTypeRegistry - Adding type registration image -> org.hibernate.type.BasicTypeReference@2db2dd9d
2026-02-10 11:02:18.117 [main] DEBUG org.hibernate.type.BasicTypeRegistry - Adding type registration blob -> org.hibernate.type.BasicTypeReference@3174cb09
2026-02-10 11:02:18.117 [main] DEBUG org.hibernate.type.BasicTypeRegistry - Adding type registration java.sql.Blob -> org.hibernate.type.BasicTypeReference@3174cb09
2026-02-10 11:02:18.118 [main] DEBUG org.hibernate.type.BasicTypeRegistry - Adding type registration materialized_blob -> org.hibernate.type.BasicTypeReference@4d411036
2026-02-10 11:02:18.118 [main] DEBUG org.hibernate.type.BasicTypeRegistry - Adding type registration materialized_blob_wrapper -> org.hibernate.type.BasicTypeReference@7adbd080
2026-02-10 11:02:18.118 [main] DEBUG org.hibernate.type.BasicTypeRegistry - Adding type registration short -> org.hibernate.type.BasicTypeReference@41beb473
2026-02-10 11:02:18.118 [main] DEBUG org.hibernate.type.BasicTypeRegistry - Adding type registration short -> org.hibernate.type.BasicTypeReference@41beb473
2026-02-10 11:02:18.118 [main] DEBUG org.hibernate.type.BasicTypeRegistry - Adding type registration java.lang.Short -> org.hibernate.type.BasicTypeReference@41beb473
2026-02-10 11:02:18.118 [main] DEBUG org.hibernate.type.BasicTypeRegistry - Adding type registration integer -> org.hibernate.type.BasicTypeReference@560513ce
2026-02-10 11:02:18.118 [main] DEBUG org.hibernate.type.BasicTypeRegistry - Adding type registration int -> org.hibernate.type.BasicTypeReference@560513ce
2026-02-10 11:02:18.118 [main] DEBUG org.hibernate.type.BasicTypeRegistry - Adding type registration java.lang.Integer -> org.hibernate.type.BasicTypeReference@560513ce
2026-02-10 11:02:18.119 [main] DEBUG org.hibernate.type.BasicTypeRegistry - Adding type registration long -> org.hibernate.type.BasicTypeReference@13006998
2026-02-10 11:02:18.119 [main] DEBUG org.hibernate.type.BasicTypeRegistry - Adding type registration long -> org.hibernate.type.BasicTypeReference@13006998
2026-02-10 11:02:18.119 [main] DEBUG org.hibernate.type.BasicTypeRegistry - Adding type registration java.lang.Long -> org.hibernate.type.BasicTypeReference@13006998
2026-02-10 11:02:18.119 [main] DEBUG org.hibernate.type.BasicTypeRegistry - Adding type registration float -> org.hibernate.type.BasicTypeReference@37fbe4a8
2026-02-10 11:02:18.119 [main] DEBUG org.hibernate.type.BasicTypeRegistry - Adding type registration float -> org.hibernate.type.BasicTypeReference@37fbe4a8
2026-02-10 11:02:18.119 [main] DEBUG org.hibernate.type.BasicTypeRegistry - Adding type registration java.lang.Float -> org.hibernate.type.BasicTypeReference@37fbe4a8
2026-02-10 11:02:18.119 [main] DEBUG org.hibernate.type.BasicTypeRegistry - Adding type registration double -> org.hibernate.type.BasicTypeReference@352c308
2026-02-10 11:02:18.120 [main] DEBUG org.hibernate.type.BasicTypeRegistry - Adding type registration double -> org.hibernate.type.BasicTypeReference@352c308
2026-02-10 11:02:18.120 [main] DEBUG org.hibernate.type.BasicTypeRegistry - Adding type registration java.lang.Double -> org.hibernate.type.BasicTypeReference@352c308
2026-02-10 11:02:18.120 [main] DEBUG org.hibernate.type.BasicTypeRegistry - Adding type registration big_integer -> org.hibernate.type.BasicTypeReference@7d373bcf
2026-02-10 11:02:18.120 [main] DEBUG org.hibernate.type.BasicTypeRegistry - Adding type registration java.math.BigInteger -> org.hibernate.type.BasicTypeReference@7d373bcf
2026-02-10 11:02:18.120 [main] DEBUG org.hibernate.type.BasicTypeRegistry - Adding type registration big_decimal -> org.hibernate.type.BasicTypeReference@6d6bc158
2026-02-10 11:02:18.120 [main] DEBUG org.hibernate.type.BasicTypeRegistry - Adding type registration java.math.BigDecimal -> org.hibernate.type.BasicTypeReference@6d6bc158
2026-02-10 11:02:18.120 [main] DEBUG org.hibernate.type.BasicTypeRegistry - Adding type registration character -> org.hibernate.type.BasicTypeReference@5dda6f9
2026-02-10 11:02:18.120 [main] DEBUG org.hibernate.type.BasicTypeRegistry - Adding type registration char -> org.hibernate.type.BasicTypeReference@5dda6f9
2026-02-10 11:02:18.121 [main] DEBUG org.hibernate.type.BasicTypeRegistry - Adding type registration java.lang.Character -> org.hibernate.type.BasicTypeReference@5dda6f9
2026-02-10 11:02:18.121 [main] DEBUG org.hibernate.type.BasicTypeRegistry - Adding type registration character_nchar -> org.hibernate.type.BasicTypeReference@10027fc9
2026-02-10 11:02:18.121 [main] DEBUG org.hibernate.type.BasicTypeRegistry - Adding type registration string -> org.hibernate.type.BasicTypeReference@54afd745
2026-02-10 11:02:18.121 [main] DEBUG org.hibernate.type.BasicTypeRegistry - Adding type registration java.lang.String -> org.hibernate.type.BasicTypeReference@54afd745
2026-02-10 11:02:18.121 [main] DEBUG org.hibernate.type.BasicTypeRegistry - Adding type registration nstring -> org.hibernate.type.BasicTypeReference@677dbd89
2026-02-10 11:02:18.121 [main] DEBUG org.hibernate.type.BasicTypeRegistry - Adding type registration characters -> org.hibernate.type.BasicTypeReference@fff25f1
2026-02-10 11:02:18.121 [main] DEBUG org.hibernate.type.BasicTypeRegistry - Adding type registration char[] -> org.hibernate.type.BasicTypeReference@fff25f1
2026-02-10 11:02:18.121 [main] DEBUG org.hibernate.type.BasicTypeRegistry - Adding type registration [C -> org.hibernate.type.BasicTypeReference@fff25f1
2026-02-10 11:02:18.121 [main] DEBUG org.hibernate.type.BasicTypeRegistry - Adding type registration wrapper-characters -> org.hibernate.type.BasicTypeReference@c00fff0
2026-02-10 11:02:18.121 [main] DEBUG org.hibernate.type.BasicTypeRegistry - Adding type registration text -> org.hibernate.type.BasicTypeReference@263f04ca
2026-02-10 11:02:18.121 [main] DEBUG org.hibernate.type.BasicTypeRegistry - Adding type registration ntext -> org.hibernate.type.BasicTypeReference@2ca47471
2026-02-10 11:02:18.121 [main] DEBUG org.hibernate.type.BasicTypeRegistry - Adding type registration clob -> org.hibernate.type.BasicTypeReference@5a021cb9
2026-02-10 11:02:18.122 [main] DEBUG org.hibernate.type.BasicTypeRegistry - Adding type registration java.sql.Clob -> org.hibernate.type.BasicTypeReference@5a021cb9
2026-02-10 11:02:18.122 [main] DEBUG org.hibernate.type.BasicTypeRegistry - Adding type registration nclob -> org.hibernate.type.BasicTypeReference@51768776
2026-02-10 11:02:18.122 [main] DEBUG org.hibernate.type.BasicTypeRegistry - Adding type registration java.sql.NClob -> org.hibernate.type.BasicTypeReference@51768776
2026-02-10 11:02:18.122 [main] DEBUG org.hibernate.type.BasicTypeRegistry - Adding type registration materialized_clob -> org.hibernate.type.BasicTypeReference@f31c0c6
2026-02-10 11:02:18.122 [main] DEBUG org.hibernate.type.BasicTypeRegistry - Adding type registration materialized_clob_char_array -> org.hibernate.type.BasicTypeReference@b93aad
2026-02-10 11:02:18.122 [main] DEBUG org.hibernate.type.BasicTypeRegistry - Adding type registration materialized_clob_character_array -> org.hibernate.type.BasicTypeReference@4a9419d7
2026-02-10 11:02:18.122 [main] DEBUG org.hibernate.type.BasicTypeRegistry - Adding type registration materialized_nclob -> org.hibernate.type.BasicTypeReference@2f3c6ac4
2026-02-10 11:02:18.122 [main] DEBUG org.hibernate.type.BasicTypeRegistry - Adding type registration materialized_nclob_character_array -> org.hibernate.type.BasicTypeReference@2e8ab815
2026-02-10 11:02:18.122 [main] DEBUG org.hibernate.type.BasicTypeRegistry - Adding type registration materialized_nclob_char_array -> org.hibernate.type.BasicTypeReference@67af833b
2026-02-10 11:02:18.123 [main] DEBUG org.hibernate.type.BasicTypeRegistry - Adding type registration Duration -> org.hibernate.type.BasicTypeReference@d1f74b8
2026-02-10 11:02:18.123 [main] DEBUG org.hibernate.type.BasicTypeRegistry - Adding type registration java.time.Duration -> org.hibernate.type.BasicTypeReference@d1f74b8
2026-02-10 11:02:18.123 [main] DEBUG org.hibernate.type.BasicTypeRegistry - Adding type registration LocalDateTime -> org.hibernate.type.BasicTypeReference@41394595
2026-02-10 11:02:18.123 [main] DEBUG org.hibernate.type.BasicTypeRegistry - Adding type registration java.time.LocalDateTime -> org.hibernate.type.BasicTypeReference@41394595
2026-02-10 11:02:18.123 [main] DEBUG org.hibernate.type.BasicTypeRegistry - Adding type registration LocalDate -> org.hibernate.type.BasicTypeReference@3a0807b7
2026-02-10 11:02:18.123 [main] DEBUG org.hibernate.type.BasicTypeRegistry - Adding type registration java.time.LocalDate -> org.hibernate.type.BasicTypeReference@3a0807b7
2026-02-10 11:02:18.123 [main] DEBUG org.hibernate.type.BasicTypeRegistry - Adding type registration LocalTime -> org.hibernate.type.BasicTypeReference@21a5fd96
2026-02-10 11:02:18.123 [main] DEBUG org.hibernate.type.BasicTypeRegistry - Adding type registration java.time.LocalTime -> org.hibernate.type.BasicTypeReference@21a5fd96
2026-02-10 11:02:18.124 [main] DEBUG org.hibernate.type.BasicTypeRegistry - Adding type registration OffsetDateTime -> org.hibernate.type.BasicTypeReference@5769e7ae
2026-02-10 11:02:18.124 [main] DEBUG org.hibernate.type.BasicTypeRegistry - Adding type registration java.time.OffsetDateTime -> org.hibernate.type.BasicTypeReference@5769e7ae
2026-02-10 11:02:18.124 [main] DEBUG org.hibernate.type.BasicTypeRegistry - Adding type registration OffsetDateTimeWithTimezone -> org.hibernate.type.BasicTypeReference@5c77053b
2026-02-10 11:02:18.124 [main] DEBUG org.hibernate.type.BasicTypeRegistry - Adding type registration OffsetDateTimeWithoutTimezone -> org.hibernate.type.BasicTypeReference@26b894bd
2026-02-10 11:02:18.124 [main] DEBUG org.hibernate.type.BasicTypeRegistry - Adding type registration OffsetTime -> org.hibernate.type.BasicTypeReference@287f94b1
2026-02-10 11:02:18.124 [main] DEBUG org.hibernate.type.BasicTypeRegistry - Adding type registration java.time.OffsetTime -> org.hibernate.type.BasicTypeReference@287f94b1
2026-02-10 11:02:18.124 [main] DEBUG org.hibernate.type.BasicTypeRegistry - Adding type registration OffsetTimeUtc -> org.hibernate.type.BasicTypeReference@30b34287
2026-02-10 11:02:18.124 [main] DEBUG org.hibernate.type.BasicTypeRegistry - Adding type registration OffsetTimeWithTimezone -> org.hibernate.type.BasicTypeReference@5489c777
2026-02-10 11:02:18.124 [main] DEBUG org.hibernate.type.BasicTypeRegistry - Adding type registration OffsetTimeWithoutTimezone -> org.hibernate.type.BasicTypeReference@3676ac27
2026-02-10 11:02:18.124 [main] DEBUG org.hibernate.type.BasicTypeRegistry - Adding type registration ZonedDateTime -> org.hibernate.type.BasicTypeReference@62f87c44
2026-02-10 11:02:18.124 [main] DEBUG org.hibernate.type.BasicTypeRegistry - Adding type registration java.time.ZonedDateTime -> org.hibernate.type.BasicTypeReference@62f87c44
2026-02-10 11:02:18.124 [main] DEBUG org.hibernate.type.BasicTypeRegistry - Adding type registration ZonedDateTimeWithTimezone -> org.hibernate.type.BasicTypeReference@48f5bde6
2026-02-10 11:02:18.124 [main] DEBUG org.hibernate.type.BasicTypeRegistry - Adding type registration ZonedDateTimeWithoutTimezone -> org.hibernate.type.BasicTypeReference@525d79f0
2026-02-10 11:02:18.124 [main] DEBUG org.hibernate.type.BasicTypeRegistry - Adding type registration date -> org.hibernate.type.BasicTypeReference@5149f008
2026-02-10 11:02:18.124 [main] DEBUG org.hibernate.type.BasicTypeRegistry - Adding type registration java.sql.Date -> org.hibernate.type.BasicTypeReference@5149f008
2026-02-10 11:02:18.124 [main] DEBUG org.hibernate.type.BasicTypeRegistry - Adding type registration time -> org.hibernate.type.BasicTypeReference@7072bc39
2026-02-10 11:02:18.124 [main] DEBUG org.hibernate.type.BasicTypeRegistry - Adding type registration java.sql.Time -> org.hibernate.type.BasicTypeReference@7072bc39
2026-02-10 11:02:18.124 [main] DEBUG org.hibernate.type.BasicTypeRegistry - Adding type registration timestamp -> org.hibernate.type.BasicTypeReference@158d255c
2026-02-10 11:02:18.124 [main] DEBUG org.hibernate.type.BasicTypeRegistry - Adding type registration java.sql.Timestamp -> org.hibernate.type.BasicTypeReference@158d255c
2026-02-10 11:02:18.124 [main] DEBUG org.hibernate.type.BasicTypeRegistry - Adding type registration java.util.Date -> org.hibernate.type.BasicTypeReference@158d255c
2026-02-10 11:02:18.124 [main] DEBUG org.hibernate.type.BasicTypeRegistry - Adding type registration calendar -> org.hibernate.type.BasicTypeReference@2ca65ce4
2026-02-10 11:02:18.124 [main] DEBUG org.hibernate.type.BasicTypeRegistry - Adding type registration java.util.Calendar -> org.hibernate.type.BasicTypeReference@2ca65ce4
2026-02-10 11:02:18.124 [main] DEBUG org.hibernate.type.BasicTypeRegistry - Adding type registration java.util.GregorianCalendar -> org.hibernate.type.BasicTypeReference@2ca65ce4
2026-02-10 11:02:18.126 [main] DEBUG org.hibernate.type.BasicTypeRegistry - Adding type registration calendar_date -> org.hibernate.type.BasicTypeReference@327120c8
2026-02-10 11:02:18.126 [main] DEBUG org.hibernate.type.BasicTypeRegistry - Adding type registration calendar_time -> org.hibernate.type.BasicTypeReference@5707c1cb
2026-02-10 11:02:18.126 [main] DEBUG org.hibernate.type.BasicTypeRegistry - Adding type registration instant -> org.hibernate.type.BasicTypeReference@2b5cb9b2
2026-02-10 11:02:18.126 [main] DEBUG org.hibernate.type.BasicTypeRegistry - Adding type registration java.time.Instant -> org.hibernate.type.BasicTypeReference@2b5cb9b2
2026-02-10 11:02:18.126 [main] DEBUG org.hibernate.type.BasicTypeRegistry - Adding type registration uuid -> org.hibernate.type.BasicTypeReference@35038141
2026-02-10 11:02:18.126 [main] DEBUG org.hibernate.type.BasicTypeRegistry - Adding type registration java.util.UUID -> org.hibernate.type.BasicTypeReference@35038141
2026-02-10 11:02:18.126 [main] DEBUG org.hibernate.type.BasicTypeRegistry - Adding type registration pg-uuid -> org.hibernate.type.BasicTypeReference@35038141
2026-02-10 11:02:18.126 [main] DEBUG org.hibernate.type.BasicTypeRegistry - Adding type registration uuid-binary -> org.hibernate.type.BasicTypeReference@ecf9049
2026-02-10 11:02:18.126 [main] DEBUG org.hibernate.type.BasicTypeRegistry - Adding type registration uuid-char -> org.hibernate.type.BasicTypeReference@672f11c2
2026-02-10 11:02:18.126 [main] DEBUG org.hibernate.type.BasicTypeRegistry - Adding type registration class -> org.hibernate.type.BasicTypeReference@2970a5bc
2026-02-10 11:02:18.126 [main] DEBUG org.hibernate.type.BasicTypeRegistry - Adding type registration java.lang.Class -> org.hibernate.type.BasicTypeReference@2970a5bc
2026-02-10 11:02:18.126 [main] DEBUG org.hibernate.type.BasicTypeRegistry - Adding type registration currency -> org.hibernate.type.BasicTypeReference@50305a
2026-02-10 11:02:18.127 [main] DEBUG org.hibernate.type.BasicTypeRegistry - Adding type registration Currency -> org.hibernate.type.BasicTypeReference@50305a
2026-02-10 11:02:18.127 [main] DEBUG org.hibernate.type.BasicTypeRegistry - Adding type registration java.util.Currency -> org.hibernate.type.BasicTypeReference@50305a
2026-02-10 11:02:18.127 [main] DEBUG org.hibernate.type.BasicTypeRegistry - Adding type registration locale -> org.hibernate.type.BasicTypeReference@72efb5c1
2026-02-10 11:02:18.127 [main] DEBUG org.hibernate.type.BasicTypeRegistry - Adding type registration java.util.Locale -> org.hibernate.type.BasicTypeReference@72efb5c1
2026-02-10 11:02:18.127 [main] DEBUG org.hibernate.type.BasicTypeRegistry - Adding type registration serializable -> org.hibernate.type.BasicTypeReference@6d511b5f
2026-02-10 11:02:18.127 [main] DEBUG org.hibernate.type.BasicTypeRegistry - Adding type registration java.io.Serializable -> org.hibernate.type.BasicTypeReference@6d511b5f
2026-02-10 11:02:18.127 [main] DEBUG org.hibernate.type.BasicTypeRegistry - Adding type registration timezone -> org.hibernate.type.BasicTypeReference@41200e0c
2026-02-10 11:02:18.127 [main] DEBUG org.hibernate.type.BasicTypeRegistry - Adding type registration java.util.TimeZone -> org.hibernate.type.BasicTypeReference@41200e0c
2026-02-10 11:02:18.127 [main] DEBUG org.hibernate.type.BasicTypeRegistry - Adding type registration ZoneOffset -> org.hibernate.type.BasicTypeReference@40f33492
2026-02-10 11:02:18.127 [main] DEBUG org.hibernate.type.BasicTypeRegistry - Adding type registration java.time.ZoneOffset -> org.hibernate.type.BasicTypeReference@40f33492
2026-02-10 11:02:18.127 [main] DEBUG org.hibernate.type.BasicTypeRegistry - Adding type registration url -> org.hibernate.type.BasicTypeReference@4fbdc0f0
2026-02-10 11:02:18.127 [main] DEBUG org.hibernate.type.BasicTypeRegistry - Adding type registration java.net.URL -> org.hibernate.type.BasicTypeReference@4fbdc0f0
2026-02-10 11:02:18.127 [main] DEBUG org.hibernate.type.BasicTypeRegistry - Adding type registration vector -> org.hibernate.type.BasicTypeReference@2ad3a1bb
2026-02-10 11:02:18.127 [main] DEBUG org.hibernate.type.BasicTypeRegistry - Adding type registration row_version -> org.hibernate.type.BasicTypeReference@6bc28a83
2026-02-10 11:02:18.131 [main] DEBUG org.hibernate.type.BasicTypeRegistry - Adding type registration object -> org.hibernate.type.JavaObjectType@3e587920
2026-02-10 11:02:18.132 [main] DEBUG org.hibernate.type.BasicTypeRegistry - Adding type registration java.lang.Object -> org.hibernate.type.JavaObjectType@3e587920
2026-02-10 11:02:18.132 [main] DEBUG org.hibernate.type.BasicTypeRegistry - Adding type registration null -> org.hibernate.type.NullType@82c57b3
2026-02-10 11:02:18.133 [main] DEBUG org.hibernate.type.BasicTypeRegistry - Adding type registration imm_date -> org.hibernate.type.BasicTypeReference@5be82d43
2026-02-10 11:02:18.133 [main] DEBUG org.hibernate.type.BasicTypeRegistry - Adding type registration imm_time -> org.hibernate.type.BasicTypeReference@600b0b7
2026-02-10 11:02:18.133 [main] DEBUG org.hibernate.type.BasicTypeRegistry - Adding type registration imm_timestamp -> org.hibernate.type.BasicTypeReference@345e5a17
2026-02-10 11:02:18.133 [main] DEBUG org.hibernate.type.BasicTypeRegistry - Adding type registration imm_calendar -> org.hibernate.type.BasicTypeReference@5ea502e0
2026-02-10 11:02:18.133 [main] DEBUG org.hibernate.type.BasicTypeRegistry - Adding type registration imm_calendar_date -> org.hibernate.type.BasicTypeReference@443dbe42
2026-02-10 11:02:18.133 [main] DEBUG org.hibernate.type.BasicTypeRegistry - Adding type registration imm_calendar_time -> org.hibernate.type.BasicTypeReference@473b3b7a
2026-02-10 11:02:18.133 [main] DEBUG org.hibernate.type.BasicTypeRegistry - Adding type registration imm_binary -> org.hibernate.type.BasicTypeReference@1734f68
2026-02-10 11:02:18.133 [main] DEBUG org.hibernate.type.BasicTypeRegistry - Adding type registration imm_serializable -> org.hibernate.type.BasicTypeReference@77b7ffa4
2026-02-10 11:02:18.156 [main] WARN  org.hibernate.orm.connections.pooling - HHH10001002: Using built-in connection pool (not intended for production use)
2026-02-10 11:02:18.159 [main] INFO  org.hibernate.orm.connections.pooling - HHH10001005: Loaded JDBC driver class: com.mysql.cj.jdbc.Driver
2026-02-10 11:02:18.159 [main] INFO  org.hibernate.orm.connections.pooling - HHH10001012: Connecting with JDBC URL [jdbc:mysql://localhost:3307/cineexamen?useSSL=false&allowPublicKeyRetrieval=true]
2026-02-10 11:02:18.160 [main] INFO  org.hibernate.orm.connections.pooling - HHH10001001: Connection properties: {password=parradito, user=parradoexamen}
2026-02-10 11:02:18.160 [main] INFO  org.hibernate.orm.connections.pooling - HHH10001003: Autocommit mode: false
2026-02-10 11:02:18.161 [main] DEBUG org.hibernate.orm.connections.pooling - Initializing Connection pool with 1 Connections
2026-02-10 11:02:18.161 [main] INFO  org.hibernate.orm.connections.pooling - HHH10001115: Connection pool size: 20 (min=1)
2026-02-10 11:02:18.312 [main] DEBUG org.hibernate.engine.jdbc.env.internal.JdbcEnvironmentInitiator - Database ->
       name : MySQL
    version : 8.4.7
      major : 8
      minor : 4
2026-02-10 11:02:18.312 [main] DEBUG org.hibernate.engine.jdbc.env.internal.JdbcEnvironmentInitiator - Driver ->
       name : MySQL Connector/J
    version : mysql-connector-j-8.4.0 (Revision: 1c3f5c149e0bfe31c7fbeb24e2d260cd890972c4)
      major : 8
      minor : 4
2026-02-10 11:02:18.312 [main] DEBUG org.hibernate.engine.jdbc.env.internal.JdbcEnvironmentInitiator - JDBC version : 4.2
2026-02-10 11:02:18.350 [main] WARN  org.hibernate.orm.deprecation - HHH90000025: MySQLDialect does not need to be specified explicitly using 'hibernate.dialect' (remove the property setting and it will be selected by default)
2026-02-10 11:02:18.351 [main] DEBUG org.hibernate.orm.dialect - HHH035001: Using dialect: org.hibernate.dialect.MySQLDialect, version: 8.4.7
2026-02-10 11:02:18.359 [main] DEBUG org.hibernate.engine.jdbc.env.spi.IdentifierHelperBuilder - JDBC driver metadata reported database stores quoted identifiers in more than one case
2026-02-10 11:02:18.359 [main] DEBUG org.hibernate.engine.jdbc.env.spi.IdentifierHelperBuilder - IdentifierCaseStrategy for both quoted and unquoted identifiers was set to the same strategy [MIXED]; that will likely lead to problems in schema update and validation if using quoted identifiers
2026-02-10 11:02:18.374 [main] DEBUG org.hibernate.type.descriptor.sql.spi.DdlTypeRegistry - addDescriptor(12, org.hibernate.type.descriptor.sql.internal.CapacityDependentDdlType@3bb8aabc) replaced previous registration(org.hibernate.type.descriptor.sql.internal.CapacityDependentDdlType@6e1d4137)
2026-02-10 11:02:18.374 [main] DEBUG org.hibernate.type.descriptor.sql.spi.DdlTypeRegistry - addDescriptor(-9, org.hibernate.type.descriptor.sql.internal.CapacityDependentDdlType@256a1825) replaced previous registration(org.hibernate.type.descriptor.sql.internal.CapacityDependentDdlType@29a4f594)
2026-02-10 11:02:18.375 [main] DEBUG org.hibernate.type.descriptor.sql.spi.DdlTypeRegistry - addDescriptor(-3, org.hibernate.type.descriptor.sql.internal.CapacityDependentDdlType@57b75756) replaced previous registration(org.hibernate.type.descriptor.sql.internal.CapacityDependentDdlType@5327a06e)
2026-02-10 11:02:18.375 [main] DEBUG org.hibernate.type.descriptor.sql.spi.DdlTypeRegistry - addDescriptor(4003, org.hibernate.type.descriptor.sql.internal.DdlTypeImpl@2679311f) replaced previous registration(org.hibernate.type.descriptor.sql.internal.DdlTypeImpl@287f7811)
2026-02-10 11:02:18.375 [main] DEBUG org.hibernate.type.descriptor.sql.spi.DdlTypeRegistry - addDescriptor(4001, org.hibernate.type.descriptor.sql.internal.DdlTypeImpl@451f87af) replaced previous registration(org.hibernate.type.descriptor.sql.internal.DdlTypeImpl@2b556bb2)
2026-02-10 11:02:18.375 [main] DEBUG org.hibernate.type.descriptor.sql.spi.DdlTypeRegistry - addDescriptor(4002, org.hibernate.type.descriptor.sql.internal.DdlTypeImpl@44cb460e) replaced previous registration(org.hibernate.type.descriptor.sql.internal.DdlTypeImpl@17271176)
2026-02-10 11:02:18.375 [main] DEBUG org.hibernate.type.descriptor.sql.spi.DdlTypeRegistry - addDescriptor(2004, org.hibernate.type.descriptor.sql.internal.CapacityDependentDdlType@2e3cdec2) replaced previous registration(org.hibernate.type.descriptor.sql.internal.DdlTypeImpl@2e34384c)
2026-02-10 11:02:18.375 [main] DEBUG org.hibernate.type.descriptor.sql.spi.DdlTypeRegistry - addDescriptor(2005, org.hibernate.type.descriptor.sql.internal.CapacityDependentDdlType@3051e0b2) replaced previous registration(org.hibernate.type.descriptor.sql.internal.DdlTypeImpl@1f52eb6f)
2026-02-10 11:02:18.375 [main] DEBUG org.hibernate.type.descriptor.sql.spi.DdlTypeRegistry - addDescriptor(2011, org.hibernate.type.descriptor.sql.internal.CapacityDependentDdlType@57d0fc89) replaced previous registration(org.hibernate.type.descriptor.sql.internal.DdlTypeImpl@58294867)
2026-02-10 11:02:18.376 [main] DEBUG org.hibernate.type.descriptor.jdbc.spi.JdbcTypeRegistry - addDescriptor(NCharTypeDescriptor) replaced previous registration(CharTypeDescriptor)
2026-02-10 11:02:18.377 [main] DEBUG org.hibernate.type.descriptor.jdbc.spi.JdbcTypeRegistry - addDescriptor(NVarcharTypeDescriptor) replaced previous registration(VarcharTypeDescriptor)
2026-02-10 11:02:18.377 [main] DEBUG org.hibernate.type.descriptor.jdbc.spi.JdbcTypeRegistry - addDescriptor(LongNVarcharTypeDescriptor) replaced previous registration(LongVarcharTypeDescriptor)
2026-02-10 11:02:18.378 [main] DEBUG org.hibernate.type.descriptor.jdbc.spi.JdbcTypeRegistry - addDescriptor(NClobTypeDescriptor(DEFAULT)) replaced previous registration(ClobTypeDescriptor(DEFAULT))
2026-02-10 11:02:18.379 [main] DEBUG org.hibernate.type.descriptor.jdbc.spi.JdbcTypeRegistry - addDescriptor(2005, ClobTypeDescriptor(STREAM_BINDING)) replaced previous registration(ClobTypeDescriptor(DEFAULT))
2026-02-10 11:02:18.381 [main] DEBUG org.hibernate.type.BasicTypeRegistry - Adding type registration null -> org.hibernate.type.NullType@29a69a35
2026-02-10 11:02:18.383 [main] DEBUG org.hibernate.type.BasicTypeRegistry - Type registration key [null] overrode previous entry : `org.hibernate.type.NullType@82c57b3`
2026-02-10 11:02:18.386 [main] DEBUG org.hibernate.type.BasicTypeRegistry - Adding type registration org.hibernate.type.DurationType -> basicType@1(java.time.Duration,3015)
2026-02-10 11:02:18.386 [main] DEBUG org.hibernate.type.BasicTypeRegistry - Adding type registration Duration -> basicType@1(java.time.Duration,3015)
2026-02-10 11:02:18.386 [main] DEBUG org.hibernate.type.BasicTypeRegistry - Adding type registration java.time.Duration -> basicType@1(java.time.Duration,3015)
2026-02-10 11:02:18.391 [main] DEBUG org.hibernate.type.BasicTypeRegistry - Adding type registration org.hibernate.type.OffsetDateTimeType -> basicType@2(java.time.OffsetDateTime,3003)
2026-02-10 11:02:18.392 [main] DEBUG org.hibernate.type.BasicTypeRegistry - Adding type registration OffsetDateTime -> basicType@2(java.time.OffsetDateTime,3003)
2026-02-10 11:02:18.392 [main] DEBUG org.hibernate.type.BasicTypeRegistry - Adding type registration java.time.OffsetDateTime -> basicType@2(java.time.OffsetDateTime,3003)
2026-02-10 11:02:18.392 [main] DEBUG org.hibernate.type.BasicTypeRegistry - Adding type registration org.hibernate.type.ZonedDateTimeType -> basicType@3(java.time.ZonedDateTime,3003)
2026-02-10 11:02:18.392 [main] DEBUG org.hibernate.type.BasicTypeRegistry - Adding type registration ZonedDateTime -> basicType@3(java.time.ZonedDateTime,3003)
2026-02-10 11:02:18.392 [main] DEBUG org.hibernate.type.BasicTypeRegistry - Adding type registration java.time.ZonedDateTime -> basicType@3(java.time.ZonedDateTime,3003)
2026-02-10 11:02:18.393 [main] DEBUG org.hibernate.type.BasicTypeRegistry - Adding type registration org.hibernate.type.OffsetTimeType -> basicType@4(java.time.OffsetTime,3007)
2026-02-10 11:02:18.393 [main] DEBUG org.hibernate.type.BasicTypeRegistry - Adding type registration OffsetTime -> basicType@4(java.time.OffsetTime,3007)
2026-02-10 11:02:18.393 [main] DEBUG org.hibernate.type.BasicTypeRegistry - Adding type registration java.time.OffsetTime -> basicType@4(java.time.OffsetTime,3007)
2026-02-10 11:02:18.396 [main] DEBUG org.hibernate.type.spi.TypeConfiguration$Scope - Scoping TypeConfiguration [org.hibernate.type.spi.TypeConfiguration@77cb9cd1] to MetadataBuildingContext [org.hibernate.boot.internal.MetadataBuildingContextRootImpl@971e903]
2026-02-10 11:02:43.180 [main] DEBUG org.jboss.logging - Logging Provider: org.jboss.logging.Log4j2LoggerProvider
2026-02-10 11:02:43.193 [main] DEBUG org.hibernate.integrator.internal.IntegratorServiceImpl - Adding Integrator [org.hibernate.boot.beanvalidation.BeanValidationIntegrator].
2026-02-10 11:02:43.196 [main] DEBUG org.hibernate.integrator.internal.IntegratorServiceImpl - Adding Integrator [org.hibernate.cache.internal.CollectionCacheInvalidator].
2026-02-10 11:02:43.211 [main] INFO  org.hibernate.Version - HHH000412: Hibernate ORM core version 6.4.4.Final
2026-02-10 11:02:43.213 [main] DEBUG org.hibernate.cfg.Environment - HHH000206: 'hibernate.properties' not found
2026-02-10 11:02:43.234 [main] DEBUG org.hibernate.boot.jaxb.internal.stax.LocalXmlResourceResolver - Checking public/system identifiers `-//Hibernate/Hibernate Configuration DTD 3.0//EN`/`https://hibernate.org/dtd/hibernate-configuration-3.0.dtd` as DTD references
2026-02-10 11:02:43.240 [main] DEBUG org.hibernate.boot.cfgxml.internal.JaxbCfgProcessor - cfg.xml document did not define namespaces; wrapping in custom event reader to introduce namespace information
2026-02-10 11:02:43.390 [main] DEBUG org.hibernate.orm.idgen.factory - Ignoring CDI for resolving IdentifierGenerator instances as extended or delayed CDI support was enabled
2026-02-10 11:02:43.393 [main] DEBUG org.hibernate.orm.idgen.factory - Registering IdentifierGenerator strategy [uuid2] -> [org.hibernate.id.UUIDGenerator]
2026-02-10 11:02:43.393 [main] DEBUG org.hibernate.orm.idgen.factory - Registering IdentifierGenerator strategy [guid] -> [org.hibernate.id.GUIDGenerator]
2026-02-10 11:02:43.394 [main] DEBUG org.hibernate.orm.idgen.factory - Registering IdentifierGenerator strategy [uuid] -> [org.hibernate.id.UUIDHexGenerator]
2026-02-10 11:02:43.394 [main] DEBUG org.hibernate.orm.idgen.factory - Registering IdentifierGenerator strategy [uuid.hex] -> [org.hibernate.id.UUIDHexGenerator]
2026-02-10 11:02:43.394 [main] DEBUG org.hibernate.orm.idgen.factory - Registering IdentifierGenerator strategy [assigned] -> [org.hibernate.id.Assigned]
2026-02-10 11:02:43.395 [main] DEBUG org.hibernate.orm.idgen.factory - Registering IdentifierGenerator strategy [identity] -> [org.hibernate.id.IdentityGenerator]
2026-02-10 11:02:43.395 [main] DEBUG org.hibernate.orm.idgen.factory - Registering IdentifierGenerator strategy [select] -> [org.hibernate.id.SelectGenerator]
2026-02-10 11:02:43.396 [main] DEBUG org.hibernate.orm.idgen.factory - Registering IdentifierGenerator strategy [sequence] -> [org.hibernate.id.enhanced.SequenceStyleGenerator]
2026-02-10 11:02:43.396 [main] DEBUG org.hibernate.orm.idgen.factory - Registering IdentifierGenerator strategy [increment] -> [org.hibernate.id.IncrementGenerator]
2026-02-10 11:02:43.396 [main] DEBUG org.hibernate.orm.idgen.factory - Registering IdentifierGenerator strategy [foreign] -> [org.hibernate.id.ForeignGenerator]
2026-02-10 11:02:43.397 [main] DEBUG org.hibernate.orm.idgen.factory - Registering IdentifierGenerator strategy [enhanced-sequence] -> [org.hibernate.id.enhanced.SequenceStyleGenerator]
2026-02-10 11:02:43.397 [main] DEBUG org.hibernate.orm.idgen.factory - Registering IdentifierGenerator strategy [enhanced-table] -> [org.hibernate.id.enhanced.TableGenerator]
2026-02-10 11:02:43.406 [main] DEBUG org.hibernate.cache.internal.RegionFactoryInitiator - Cannot default RegionFactory based on registered strategies as `[]` RegionFactory strategies were registered
2026-02-10 11:02:43.407 [main] INFO  org.hibernate.cache.internal.RegionFactoryInitiator - HHH000026: Second-level cache disabled
2026-02-10 11:02:43.464 [main] DEBUG org.hibernate.type.BasicTypeRegistry - Adding type registration boolean -> org.hibernate.type.BasicTypeReference@74f7d1d2
2026-02-10 11:02:43.464 [main] DEBUG org.hibernate.type.BasicTypeRegistry - Adding type registration boolean -> org.hibernate.type.BasicTypeReference@74f7d1d2
2026-02-10 11:02:43.464 [main] DEBUG org.hibernate.type.BasicTypeRegistry - Adding type registration java.lang.Boolean -> org.hibernate.type.BasicTypeReference@74f7d1d2
2026-02-10 11:02:43.464 [main] DEBUG org.hibernate.type.BasicTypeRegistry - Adding type registration numeric_boolean -> org.hibernate.type.BasicTypeReference@4b4dd216
2026-02-10 11:02:43.464 [main] DEBUG org.hibernate.type.BasicTypeRegistry - Adding type registration org.hibernate.type.NumericBooleanConverter -> org.hibernate.type.BasicTypeReference@4b4dd216
2026-02-10 11:02:43.464 [main] DEBUG org.hibernate.type.BasicTypeRegistry - Adding type registration true_false -> org.hibernate.type.BasicTypeReference@5ca17ab0
2026-02-10 11:02:43.465 [main] DEBUG org.hibernate.type.BasicTypeRegistry - Adding type registration org.hibernate.type.TrueFalseConverter -> org.hibernate.type.BasicTypeReference@5ca17ab0
2026-02-10 11:02:43.465 [main] DEBUG org.hibernate.type.BasicTypeRegistry - Adding type registration yes_no -> org.hibernate.type.BasicTypeReference@5a62b2a4
2026-02-10 11:02:43.465 [main] DEBUG org.hibernate.type.BasicTypeRegistry - Adding type registration org.hibernate.type.YesNoConverter -> org.hibernate.type.BasicTypeReference@5a62b2a4
2026-02-10 11:02:43.465 [main] DEBUG org.hibernate.type.BasicTypeRegistry - Adding type registration byte -> org.hibernate.type.BasicTypeReference@1051817b
2026-02-10 11:02:43.465 [main] DEBUG org.hibernate.type.BasicTypeRegistry - Adding type registration byte -> org.hibernate.type.BasicTypeReference@1051817b
2026-02-10 11:02:43.465 [main] DEBUG org.hibernate.type.BasicTypeRegistry - Adding type registration java.lang.Byte -> org.hibernate.type.BasicTypeReference@1051817b
2026-02-10 11:02:43.465 [main] DEBUG org.hibernate.type.BasicTypeRegistry - Adding type registration binary -> org.hibernate.type.BasicTypeReference@35293c05
2026-02-10 11:02:43.465 [main] DEBUG org.hibernate.type.BasicTypeRegistry - Adding type registration byte[] -> org.hibernate.type.BasicTypeReference@35293c05
2026-02-10 11:02:43.466 [main] DEBUG org.hibernate.type.BasicTypeRegistry - Adding type registration [B -> org.hibernate.type.BasicTypeReference@35293c05
2026-02-10 11:02:43.466 [main] DEBUG org.hibernate.type.BasicTypeRegistry - Adding type registration binary_wrapper -> org.hibernate.type.BasicTypeReference@620aa4ea
2026-02-10 11:02:43.466 [main] DEBUG org.hibernate.type.BasicTypeRegistry - Adding type registration wrapper-binary -> org.hibernate.type.BasicTypeReference@620aa4ea
2026-02-10 11:02:43.466 [main] DEBUG org.hibernate.type.BasicTypeRegistry - Adding type registration image -> org.hibernate.type.BasicTypeReference@2db2dd9d
2026-02-10 11:02:43.466 [main] DEBUG org.hibernate.type.BasicTypeRegistry - Adding type registration blob -> org.hibernate.type.BasicTypeReference@3174cb09
2026-02-10 11:02:43.466 [main] DEBUG org.hibernate.type.BasicTypeRegistry - Adding type registration java.sql.Blob -> org.hibernate.type.BasicTypeReference@3174cb09
2026-02-10 11:02:43.466 [main] DEBUG org.hibernate.type.BasicTypeRegistry - Adding type registration materialized_blob -> org.hibernate.type.BasicTypeReference@4d411036
2026-02-10 11:02:43.466 [main] DEBUG org.hibernate.type.BasicTypeRegistry - Adding type registration materialized_blob_wrapper -> org.hibernate.type.BasicTypeReference@7adbd080
2026-02-10 11:02:43.466 [main] DEBUG org.hibernate.type.BasicTypeRegistry - Adding type registration short -> org.hibernate.type.BasicTypeReference@41beb473
2026-02-10 11:02:43.467 [main] DEBUG org.hibernate.type.BasicTypeRegistry - Adding type registration short -> org.hibernate.type.BasicTypeReference@41beb473
2026-02-10 11:02:43.467 [main] DEBUG org.hibernate.type.BasicTypeRegistry - Adding type registration java.lang.Short -> org.hibernate.type.BasicTypeReference@41beb473
2026-02-10 11:02:43.467 [main] DEBUG org.hibernate.type.BasicTypeRegistry - Adding type registration integer -> org.hibernate.type.BasicTypeReference@560513ce
2026-02-10 11:02:43.467 [main] DEBUG org.hibernate.type.BasicTypeRegistry - Adding type registration int -> org.hibernate.type.BasicTypeReference@560513ce
2026-02-10 11:02:43.467 [main] DEBUG org.hibernate.type.BasicTypeRegistry - Adding type registration java.lang.Integer -> org.hibernate.type.BasicTypeReference@560513ce
2026-02-10 11:02:43.467 [main] DEBUG org.hibernate.type.BasicTypeRegistry - Adding type registration long -> org.hibernate.type.BasicTypeReference@13006998
2026-02-10 11:02:43.467 [main] DEBUG org.hibernate.type.BasicTypeRegistry - Adding type registration long -> org.hibernate.type.BasicTypeReference@13006998
2026-02-10 11:02:43.467 [main] DEBUG org.hibernate.type.BasicTypeRegistry - Adding type registration java.lang.Long -> org.hibernate.type.BasicTypeReference@13006998
2026-02-10 11:02:43.468 [main] DEBUG org.hibernate.type.BasicTypeRegistry - Adding type registration float -> org.hibernate.type.BasicTypeReference@37fbe4a8
2026-02-10 11:02:43.468 [main] DEBUG org.hibernate.type.BasicTypeRegistry - Adding type registration float -> org.hibernate.type.BasicTypeReference@37fbe4a8
2026-02-10 11:02:43.468 [main] DEBUG org.hibernate.type.BasicTypeRegistry - Adding type registration java.lang.Float -> org.hibernate.type.BasicTypeReference@37fbe4a8
2026-02-10 11:02:43.468 [main] DEBUG org.hibernate.type.BasicTypeRegistry - Adding type registration double -> org.hibernate.type.BasicTypeReference@352c308
2026-02-10 11:02:43.468 [main] DEBUG org.hibernate.type.BasicTypeRegistry - Adding type registration double -> org.hibernate.type.BasicTypeReference@352c308
2026-02-10 11:02:43.468 [main] DEBUG org.hibernate.type.BasicTypeRegistry - Adding type registration java.lang.Double -> org.hibernate.type.BasicTypeReference@352c308
2026-02-10 11:02:43.468 [main] DEBUG org.hibernate.type.BasicTypeRegistry - Adding type registration big_integer -> org.hibernate.type.BasicTypeReference@7d373bcf
2026-02-10 11:02:43.468 [main] DEBUG org.hibernate.type.BasicTypeRegistry - Adding type registration java.math.BigInteger -> org.hibernate.type.BasicTypeReference@7d373bcf
2026-02-10 11:02:43.468 [main] DEBUG org.hibernate.type.BasicTypeRegistry - Adding type registration big_decimal -> org.hibernate.type.BasicTypeReference@6d6bc158
2026-02-10 11:02:43.468 [main] DEBUG org.hibernate.type.BasicTypeRegistry - Adding type registration java.math.BigDecimal -> org.hibernate.type.BasicTypeReference@6d6bc158
2026-02-10 11:02:43.469 [main] DEBUG org.hibernate.type.BasicTypeRegistry - Adding type registration character -> org.hibernate.type.BasicTypeReference@5dda6f9
2026-02-10 11:02:43.469 [main] DEBUG org.hibernate.type.BasicTypeRegistry - Adding type registration char -> org.hibernate.type.BasicTypeReference@5dda6f9
2026-02-10 11:02:43.469 [main] DEBUG org.hibernate.type.BasicTypeRegistry - Adding type registration java.lang.Character -> org.hibernate.type.BasicTypeReference@5dda6f9
2026-02-10 11:02:43.469 [main] DEBUG org.hibernate.type.BasicTypeRegistry - Adding type registration character_nchar -> org.hibernate.type.BasicTypeReference@10027fc9
2026-02-10 11:02:43.469 [main] DEBUG org.hibernate.type.BasicTypeRegistry - Adding type registration string -> org.hibernate.type.BasicTypeReference@54afd745
2026-02-10 11:02:43.469 [main] DEBUG org.hibernate.type.BasicTypeRegistry - Adding type registration java.lang.String -> org.hibernate.type.BasicTypeReference@54afd745
2026-02-10 11:02:43.469 [main] DEBUG org.hibernate.type.BasicTypeRegistry - Adding type registration nstring -> org.hibernate.type.BasicTypeReference@677dbd89
2026-02-10 11:02:43.469 [main] DEBUG org.hibernate.type.BasicTypeRegistry - Adding type registration characters -> org.hibernate.type.BasicTypeReference@fff25f1
2026-02-10 11:02:43.469 [main] DEBUG org.hibernate.type.BasicTypeRegistry - Adding type registration char[] -> org.hibernate.type.BasicTypeReference@fff25f1
2026-02-10 11:02:43.469 [main] DEBUG org.hibernate.type.BasicTypeRegistry - Adding type registration [C -> org.hibernate.type.BasicTypeReference@fff25f1
2026-02-10 11:02:43.469 [main] DEBUG org.hibernate.type.BasicTypeRegistry - Adding type registration wrapper-characters -> org.hibernate.type.BasicTypeReference@c00fff0
2026-02-10 11:02:43.470 [main] DEBUG org.hibernate.type.BasicTypeRegistry - Adding type registration text -> org.hibernate.type.BasicTypeReference@263f04ca
2026-02-10 11:02:43.470 [main] DEBUG org.hibernate.type.BasicTypeRegistry - Adding type registration ntext -> org.hibernate.type.BasicTypeReference@2ca47471
2026-02-10 11:02:43.470 [main] DEBUG org.hibernate.type.BasicTypeRegistry - Adding type registration clob -> org.hibernate.type.BasicTypeReference@5a021cb9
2026-02-10 11:02:43.470 [main] DEBUG org.hibernate.type.BasicTypeRegistry - Adding type registration java.sql.Clob -> org.hibernate.type.BasicTypeReference@5a021cb9
2026-02-10 11:02:43.470 [main] DEBUG org.hibernate.type.BasicTypeRegistry - Adding type registration nclob -> org.hibernate.type.BasicTypeReference@51768776
2026-02-10 11:02:43.470 [main] DEBUG org.hibernate.type.BasicTypeRegistry - Adding type registration java.sql.NClob -> org.hibernate.type.BasicTypeReference@51768776
2026-02-10 11:02:43.470 [main] DEBUG org.hibernate.type.BasicTypeRegistry - Adding type registration materialized_clob -> org.hibernate.type.BasicTypeReference@f31c0c6
2026-02-10 11:02:43.470 [main] DEBUG org.hibernate.type.BasicTypeRegistry - Adding type registration materialized_clob_char_array -> org.hibernate.type.BasicTypeReference@b93aad
2026-02-10 11:02:43.470 [main] DEBUG org.hibernate.type.BasicTypeRegistry - Adding type registration materialized_clob_character_array -> org.hibernate.type.BasicTypeReference@4a9419d7
2026-02-10 11:02:43.470 [main] DEBUG org.hibernate.type.BasicTypeRegistry - Adding type registration materialized_nclob -> org.hibernate.type.BasicTypeReference@2f3c6ac4
2026-02-10 11:02:43.470 [main] DEBUG org.hibernate.type.BasicTypeRegistry - Adding type registration materialized_nclob_character_array -> org.hibernate.type.BasicTypeReference@2e8ab815
2026-02-10 11:02:43.470 [main] DEBUG org.hibernate.type.BasicTypeRegistry - Adding type registration materialized_nclob_char_array -> org.hibernate.type.BasicTypeReference@67af833b
2026-02-10 11:02:43.471 [main] DEBUG org.hibernate.type.BasicTypeRegistry - Adding type registration Duration -> org.hibernate.type.BasicTypeReference@d1f74b8
2026-02-10 11:02:43.471 [main] DEBUG org.hibernate.type.BasicTypeRegistry - Adding type registration java.time.Duration -> org.hibernate.type.BasicTypeReference@d1f74b8
2026-02-10 11:02:43.471 [main] DEBUG org.hibernate.type.BasicTypeRegistry - Adding type registration LocalDateTime -> org.hibernate.type.BasicTypeReference@41394595
2026-02-10 11:02:43.471 [main] DEBUG org.hibernate.type.BasicTypeRegistry - Adding type registration java.time.LocalDateTime -> org.hibernate.type.BasicTypeReference@41394595
2026-02-10 11:02:43.471 [main] DEBUG org.hibernate.type.BasicTypeRegistry - Adding type registration LocalDate -> org.hibernate.type.BasicTypeReference@3a0807b7
2026-02-10 11:02:43.471 [main] DEBUG org.hibernate.type.BasicTypeRegistry - Adding type registration java.time.LocalDate -> org.hibernate.type.BasicTypeReference@3a0807b7
2026-02-10 11:02:43.471 [main] DEBUG org.hibernate.type.BasicTypeRegistry - Adding type registration LocalTime -> org.hibernate.type.BasicTypeReference@21a5fd96
2026-02-10 11:02:43.471 [main] DEBUG org.hibernate.type.BasicTypeRegistry - Adding type registration java.time.LocalTime -> org.hibernate.type.BasicTypeReference@21a5fd96
2026-02-10 11:02:43.472 [main] DEBUG org.hibernate.type.BasicTypeRegistry - Adding type registration OffsetDateTime -> org.hibernate.type.BasicTypeReference@5769e7ae
2026-02-10 11:02:43.472 [main] DEBUG org.hibernate.type.BasicTypeRegistry - Adding type registration java.time.OffsetDateTime -> org.hibernate.type.BasicTypeReference@5769e7ae
2026-02-10 11:02:43.472 [main] DEBUG org.hibernate.type.BasicTypeRegistry - Adding type registration OffsetDateTimeWithTimezone -> org.hibernate.type.BasicTypeReference@5c77053b
2026-02-10 11:02:43.472 [main] DEBUG org.hibernate.type.BasicTypeRegistry - Adding type registration OffsetDateTimeWithoutTimezone -> org.hibernate.type.BasicTypeReference@26b894bd
2026-02-10 11:02:43.472 [main] DEBUG org.hibernate.type.BasicTypeRegistry - Adding type registration OffsetTime -> org.hibernate.type.BasicTypeReference@287f94b1
2026-02-10 11:02:43.472 [main] DEBUG org.hibernate.type.BasicTypeRegistry - Adding type registration java.time.OffsetTime -> org.hibernate.type.BasicTypeReference@287f94b1
2026-02-10 11:02:43.472 [main] DEBUG org.hibernate.type.BasicTypeRegistry - Adding type registration OffsetTimeUtc -> org.hibernate.type.BasicTypeReference@30b34287
2026-02-10 11:02:43.472 [main] DEBUG org.hibernate.type.BasicTypeRegistry - Adding type registration OffsetTimeWithTimezone -> org.hibernate.type.BasicTypeReference@5489c777
2026-02-10 11:02:43.472 [main] DEBUG org.hibernate.type.BasicTypeRegistry - Adding type registration OffsetTimeWithoutTimezone -> org.hibernate.type.BasicTypeReference@3676ac27
2026-02-10 11:02:43.473 [main] DEBUG org.hibernate.type.BasicTypeRegistry - Adding type registration ZonedDateTime -> org.hibernate.type.BasicTypeReference@62f87c44
2026-02-10 11:02:43.473 [main] DEBUG org.hibernate.type.BasicTypeRegistry - Adding type registration java.time.ZonedDateTime -> org.hibernate.type.BasicTypeReference@62f87c44
2026-02-10 11:02:43.473 [main] DEBUG org.hibernate.type.BasicTypeRegistry - Adding type registration ZonedDateTimeWithTimezone -> org.hibernate.type.BasicTypeReference@48f5bde6
2026-02-10 11:02:43.473 [main] DEBUG org.hibernate.type.BasicTypeRegistry - Adding type registration ZonedDateTimeWithoutTimezone -> org.hibernate.type.BasicTypeReference@525d79f0
2026-02-10 11:02:43.473 [main] DEBUG org.hibernate.type.BasicTypeRegistry - Adding type registration date -> org.hibernate.type.BasicTypeReference@5149f008
2026-02-10 11:02:43.473 [main] DEBUG org.hibernate.type.BasicTypeRegistry - Adding type registration java.sql.Date -> org.hibernate.type.BasicTypeReference@5149f008
2026-02-10 11:02:43.473 [main] DEBUG org.hibernate.type.BasicTypeRegistry - Adding type registration time -> org.hibernate.type.BasicTypeReference@7072bc39
2026-02-10 11:02:43.473 [main] DEBUG org.hibernate.type.BasicTypeRegistry - Adding type registration java.sql.Time -> org.hibernate.type.BasicTypeReference@7072bc39
2026-02-10 11:02:43.473 [main] DEBUG org.hibernate.type.BasicTypeRegistry - Adding type registration timestamp -> org.hibernate.type.BasicTypeReference@158d255c
2026-02-10 11:02:43.473 [main] DEBUG org.hibernate.type.BasicTypeRegistry - Adding type registration java.sql.Timestamp -> org.hibernate.type.BasicTypeReference@158d255c
2026-02-10 11:02:43.473 [main] DEBUG org.hibernate.type.BasicTypeRegistry - Adding type registration java.util.Date -> org.hibernate.type.BasicTypeReference@158d255c
2026-02-10 11:02:43.473 [main] DEBUG org.hibernate.type.BasicTypeRegistry - Adding type registration calendar -> org.hibernate.type.BasicTypeReference@2ca65ce4
2026-02-10 11:02:43.473 [main] DEBUG org.hibernate.type.BasicTypeRegistry - Adding type registration java.util.Calendar -> org.hibernate.type.BasicTypeReference@2ca65ce4
2026-02-10 11:02:43.473 [main] DEBUG org.hibernate.type.BasicTypeRegistry - Adding type registration java.util.GregorianCalendar -> org.hibernate.type.BasicTypeReference@2ca65ce4
2026-02-10 11:02:43.473 [main] DEBUG org.hibernate.type.BasicTypeRegistry - Adding type registration calendar_date -> org.hibernate.type.BasicTypeReference@327120c8
2026-02-10 11:02:43.474 [main] DEBUG org.hibernate.type.BasicTypeRegistry - Adding type registration calendar_time -> org.hibernate.type.BasicTypeReference@5707c1cb
2026-02-10 11:02:43.474 [main] DEBUG org.hibernate.type.BasicTypeRegistry - Adding type registration instant -> org.hibernate.type.BasicTypeReference@2b5cb9b2
2026-02-10 11:02:43.474 [main] DEBUG org.hibernate.type.BasicTypeRegistry - Adding type registration java.time.Instant -> org.hibernate.type.BasicTypeReference@2b5cb9b2
2026-02-10 11:02:43.474 [main] DEBUG org.hibernate.type.BasicTypeRegistry - Adding type registration uuid -> org.hibernate.type.BasicTypeReference@35038141
2026-02-10 11:02:43.474 [main] DEBUG org.hibernate.type.BasicTypeRegistry - Adding type registration java.util.UUID -> org.hibernate.type.BasicTypeReference@35038141
2026-02-10 11:02:43.474 [main] DEBUG org.hibernate.type.BasicTypeRegistry - Adding type registration pg-uuid -> org.hibernate.type.BasicTypeReference@35038141
2026-02-10 11:02:43.474 [main] DEBUG org.hibernate.type.BasicTypeRegistry - Adding type registration uuid-binary -> org.hibernate.type.BasicTypeReference@ecf9049
2026-02-10 11:02:43.474 [main] DEBUG org.hibernate.type.BasicTypeRegistry - Adding type registration uuid-char -> org.hibernate.type.BasicTypeReference@672f11c2
2026-02-10 11:02:43.474 [main] DEBUG org.hibernate.type.BasicTypeRegistry - Adding type registration class -> org.hibernate.type.BasicTypeReference@2970a5bc
2026-02-10 11:02:43.474 [main] DEBUG org.hibernate.type.BasicTypeRegistry - Adding type registration java.lang.Class -> org.hibernate.type.BasicTypeReference@2970a5bc
2026-02-10 11:02:43.475 [main] DEBUG org.hibernate.type.BasicTypeRegistry - Adding type registration currency -> org.hibernate.type.BasicTypeReference@50305a
2026-02-10 11:02:43.475 [main] DEBUG org.hibernate.type.BasicTypeRegistry - Adding type registration Currency -> org.hibernate.type.BasicTypeReference@50305a
2026-02-10 11:02:43.475 [main] DEBUG org.hibernate.type.BasicTypeRegistry - Adding type registration java.util.Currency -> org.hibernate.type.BasicTypeReference@50305a
2026-02-10 11:02:43.475 [main] DEBUG org.hibernate.type.BasicTypeRegistry - Adding type registration locale -> org.hibernate.type.BasicTypeReference@72efb5c1
2026-02-10 11:02:43.475 [main] DEBUG org.hibernate.type.BasicTypeRegistry - Adding type registration java.util.Locale -> org.hibernate.type.BasicTypeReference@72efb5c1
2026-02-10 11:02:43.475 [main] DEBUG org.hibernate.type.BasicTypeRegistry - Adding type registration serializable -> org.hibernate.type.BasicTypeReference@6d511b5f
2026-02-10 11:02:43.475 [main] DEBUG org.hibernate.type.BasicTypeRegistry - Adding type registration java.io.Serializable -> org.hibernate.type.BasicTypeReference@6d511b5f
2026-02-10 11:02:43.475 [main] DEBUG org.hibernate.type.BasicTypeRegistry - Adding type registration timezone -> org.hibernate.type.BasicTypeReference@41200e0c
2026-02-10 11:02:43.475 [main] DEBUG org.hibernate.type.BasicTypeRegistry - Adding type registration java.util.TimeZone -> org.hibernate.type.BasicTypeReference@41200e0c
2026-02-10 11:02:43.475 [main] DEBUG org.hibernate.type.BasicTypeRegistry - Adding type registration ZoneOffset -> org.hibernate.type.BasicTypeReference@40f33492
2026-02-10 11:02:43.475 [main] DEBUG org.hibernate.type.BasicTypeRegistry - Adding type registration java.time.ZoneOffset -> org.hibernate.type.BasicTypeReference@40f33492
2026-02-10 11:02:43.475 [main] DEBUG org.hibernate.type.BasicTypeRegistry - Adding type registration url -> org.hibernate.type.BasicTypeReference@4fbdc0f0
2026-02-10 11:02:43.475 [main] DEBUG org.hibernate.type.BasicTypeRegistry - Adding type registration java.net.URL -> org.hibernate.type.BasicTypeReference@4fbdc0f0
2026-02-10 11:02:43.476 [main] DEBUG org.hibernate.type.BasicTypeRegistry - Adding type registration vector -> org.hibernate.type.BasicTypeReference@2ad3a1bb
2026-02-10 11:02:43.476 [main] DEBUG org.hibernate.type.BasicTypeRegistry - Adding type registration row_version -> org.hibernate.type.BasicTypeReference@6bc28a83
2026-02-10 11:02:43.479 [main] DEBUG org.hibernate.type.BasicTypeRegistry - Adding type registration object -> org.hibernate.type.JavaObjectType@3e587920
2026-02-10 11:02:43.479 [main] DEBUG org.hibernate.type.BasicTypeRegistry - Adding type registration java.lang.Object -> org.hibernate.type.JavaObjectType@3e587920
2026-02-10 11:02:43.480 [main] DEBUG org.hibernate.type.BasicTypeRegistry - Adding type registration null -> org.hibernate.type.NullType@82c57b3
2026-02-10 11:02:43.480 [main] DEBUG org.hibernate.type.BasicTypeRegistry - Adding type registration imm_date -> org.hibernate.type.BasicTypeReference@5be82d43
2026-02-10 11:02:43.480 [main] DEBUG org.hibernate.type.BasicTypeRegistry - Adding type registration imm_time -> org.hibernate.type.BasicTypeReference@600b0b7
2026-02-10 11:02:43.480 [main] DEBUG org.hibernate.type.BasicTypeRegistry - Adding type registration imm_timestamp -> org.hibernate.type.BasicTypeReference@345e5a17
2026-02-10 11:02:43.481 [main] DEBUG org.hibernate.type.BasicTypeRegistry - Adding type registration imm_calendar -> org.hibernate.type.BasicTypeReference@5ea502e0
2026-02-10 11:02:43.481 [main] DEBUG org.hibernate.type.BasicTypeRegistry - Adding type registration imm_calendar_date -> org.hibernate.type.BasicTypeReference@443dbe42
2026-02-10 11:02:43.481 [main] DEBUG org.hibernate.type.BasicTypeRegistry - Adding type registration imm_calendar_time -> org.hibernate.type.BasicTypeReference@473b3b7a
2026-02-10 11:02:43.481 [main] DEBUG org.hibernate.type.BasicTypeRegistry - Adding type registration imm_binary -> org.hibernate.type.BasicTypeReference@1734f68
2026-02-10 11:02:43.481 [main] DEBUG org.hibernate.type.BasicTypeRegistry - Adding type registration imm_serializable -> org.hibernate.type.BasicTypeReference@77b7ffa4
2026-02-10 11:02:43.501 [main] WARN  org.hibernate.orm.connections.pooling - HHH10001002: Using built-in connection pool (not intended for production use)
2026-02-10 11:02:43.504 [main] INFO  org.hibernate.orm.connections.pooling - HHH10001005: Loaded JDBC driver class: com.mysql.cj.jdbc.Driver
2026-02-10 11:02:43.504 [main] INFO  org.hibernate.orm.connections.pooling - HHH10001012: Connecting with JDBC URL [jdbc:mysql://localhost:3307/cineexamen?useSSL=false&allowPublicKeyRetrieval=true]
2026-02-10 11:02:43.504 [main] INFO  org.hibernate.orm.connections.pooling - HHH10001001: Connection properties: {password=parradito, user=parradoexamen}
2026-02-10 11:02:43.504 [main] INFO  org.hibernate.orm.connections.pooling - HHH10001003: Autocommit mode: false
2026-02-10 11:02:43.506 [main] DEBUG org.hibernate.orm.connections.pooling - Initializing Connection pool with 1 Connections
2026-02-10 11:02:43.506 [main] INFO  org.hibernate.orm.connections.pooling - HHH10001115: Connection pool size: 20 (min=1)
2026-02-10 11:02:43.656 [main] DEBUG org.hibernate.engine.jdbc.env.internal.JdbcEnvironmentInitiator - Database ->
       name : MySQL
    version : 8.4.7
      major : 8
      minor : 4
2026-02-10 11:02:43.656 [main] DEBUG org.hibernate.engine.jdbc.env.internal.JdbcEnvironmentInitiator - Driver ->
       name : MySQL Connector/J
    version : mysql-connector-j-8.4.0 (Revision: 1c3f5c149e0bfe31c7fbeb24e2d260cd890972c4)
      major : 8
      minor : 4
2026-02-10 11:02:43.656 [main] DEBUG org.hibernate.engine.jdbc.env.internal.JdbcEnvironmentInitiator - JDBC version : 4.2
2026-02-10 11:02:43.693 [main] WARN  org.hibernate.orm.deprecation - HHH90000025: MySQLDialect does not need to be specified explicitly using 'hibernate.dialect' (remove the property setting and it will be selected by default)
2026-02-10 11:02:43.694 [main] DEBUG org.hibernate.orm.dialect - HHH035001: Using dialect: org.hibernate.dialect.MySQLDialect, version: 8.4.7
2026-02-10 11:02:43.702 [main] DEBUG org.hibernate.engine.jdbc.env.spi.IdentifierHelperBuilder - JDBC driver metadata reported database stores quoted identifiers in more than one case
2026-02-10 11:02:43.702 [main] DEBUG org.hibernate.engine.jdbc.env.spi.IdentifierHelperBuilder - IdentifierCaseStrategy for both quoted and unquoted identifiers was set to the same strategy [MIXED]; that will likely lead to problems in schema update and validation if using quoted identifiers
2026-02-10 11:02:43.716 [main] DEBUG org.hibernate.type.descriptor.sql.spi.DdlTypeRegistry - addDescriptor(12, org.hibernate.type.descriptor.sql.internal.CapacityDependentDdlType@3bb8aabc) replaced previous registration(org.hibernate.type.descriptor.sql.internal.CapacityDependentDdlType@6e1d4137)
2026-02-10 11:02:43.717 [main] DEBUG org.hibernate.type.descriptor.sql.spi.DdlTypeRegistry - addDescriptor(-9, org.hibernate.type.descriptor.sql.internal.CapacityDependentDdlType@256a1825) replaced previous registration(org.hibernate.type.descriptor.sql.internal.CapacityDependentDdlType@29a4f594)
2026-02-10 11:02:43.717 [main] DEBUG org.hibernate.type.descriptor.sql.spi.DdlTypeRegistry - addDescriptor(-3, org.hibernate.type.descriptor.sql.internal.CapacityDependentDdlType@57b75756) replaced previous registration(org.hibernate.type.descriptor.sql.internal.CapacityDependentDdlType@5327a06e)
2026-02-10 11:02:43.717 [main] DEBUG org.hibernate.type.descriptor.sql.spi.DdlTypeRegistry - addDescriptor(4003, org.hibernate.type.descriptor.sql.internal.DdlTypeImpl@2679311f) replaced previous registration(org.hibernate.type.descriptor.sql.internal.DdlTypeImpl@287f7811)
2026-02-10 11:02:43.717 [main] DEBUG org.hibernate.type.descriptor.sql.spi.DdlTypeRegistry - addDescriptor(4001, org.hibernate.type.descriptor.sql.internal.DdlTypeImpl@451f87af) replaced previous registration(org.hibernate.type.descriptor.sql.internal.DdlTypeImpl@2b556bb2)
2026-02-10 11:02:43.717 [main] DEBUG org.hibernate.type.descriptor.sql.spi.DdlTypeRegistry - addDescriptor(4002, org.hibernate.type.descriptor.sql.internal.DdlTypeImpl@44cb460e) replaced previous registration(org.hibernate.type.descriptor.sql.internal.DdlTypeImpl@17271176)
2026-02-10 11:02:43.717 [main] DEBUG org.hibernate.type.descriptor.sql.spi.DdlTypeRegistry - addDescriptor(2004, org.hibernate.type.descriptor.sql.internal.CapacityDependentDdlType@2e3cdec2) replaced previous registration(org.hibernate.type.descriptor.sql.internal.DdlTypeImpl@2e34384c)
2026-02-10 11:02:43.717 [main] DEBUG org.hibernate.type.descriptor.sql.spi.DdlTypeRegistry - addDescriptor(2005, org.hibernate.type.descriptor.sql.internal.CapacityDependentDdlType@3051e0b2) replaced previous registration(org.hibernate.type.descriptor.sql.internal.DdlTypeImpl@1f52eb6f)
2026-02-10 11:02:43.718 [main] DEBUG org.hibernate.type.descriptor.sql.spi.DdlTypeRegistry - addDescriptor(2011, org.hibernate.type.descriptor.sql.internal.CapacityDependentDdlType@57d0fc89) replaced previous registration(org.hibernate.type.descriptor.sql.internal.DdlTypeImpl@58294867)
2026-02-10 11:02:43.719 [main] DEBUG org.hibernate.type.descriptor.jdbc.spi.JdbcTypeRegistry - addDescriptor(NCharTypeDescriptor) replaced previous registration(CharTypeDescriptor)
2026-02-10 11:02:43.719 [main] DEBUG org.hibernate.type.descriptor.jdbc.spi.JdbcTypeRegistry - addDescriptor(NVarcharTypeDescriptor) replaced previous registration(VarcharTypeDescriptor)
2026-02-10 11:02:43.719 [main] DEBUG org.hibernate.type.descriptor.jdbc.spi.JdbcTypeRegistry - addDescriptor(LongNVarcharTypeDescriptor) replaced previous registration(LongVarcharTypeDescriptor)
2026-02-10 11:02:43.721 [main] DEBUG org.hibernate.type.descriptor.jdbc.spi.JdbcTypeRegistry - addDescriptor(NClobTypeDescriptor(DEFAULT)) replaced previous registration(ClobTypeDescriptor(DEFAULT))
2026-02-10 11:02:43.722 [main] DEBUG org.hibernate.type.descriptor.jdbc.spi.JdbcTypeRegistry - addDescriptor(2005, ClobTypeDescriptor(STREAM_BINDING)) replaced previous registration(ClobTypeDescriptor(DEFAULT))
2026-02-10 11:02:43.724 [main] DEBUG org.hibernate.type.BasicTypeRegistry - Adding type registration null -> org.hibernate.type.NullType@29a69a35
2026-02-10 11:02:43.724 [main] DEBUG org.hibernate.type.BasicTypeRegistry - Type registration key [null] overrode previous entry : `org.hibernate.type.NullType@82c57b3`
2026-02-10 11:02:43.728 [main] DEBUG org.hibernate.type.BasicTypeRegistry - Adding type registration org.hibernate.type.DurationType -> basicType@1(java.time.Duration,3015)
2026-02-10 11:02:43.729 [main] DEBUG org.hibernate.type.BasicTypeRegistry - Adding type registration Duration -> basicType@1(java.time.Duration,3015)
2026-02-10 11:02:43.729 [main] DEBUG org.hibernate.type.BasicTypeRegistry - Adding type registration java.time.Duration -> basicType@1(java.time.Duration,3015)
2026-02-10 11:02:43.734 [main] DEBUG org.hibernate.type.BasicTypeRegistry - Adding type registration org.hibernate.type.OffsetDateTimeType -> basicType@2(java.time.OffsetDateTime,3003)
2026-02-10 11:02:43.734 [main] DEBUG org.hibernate.type.BasicTypeRegistry - Adding type registration OffsetDateTime -> basicType@2(java.time.OffsetDateTime,3003)
2026-02-10 11:02:43.734 [main] DEBUG org.hibernate.type.BasicTypeRegistry - Adding type registration java.time.OffsetDateTime -> basicType@2(java.time.OffsetDateTime,3003)
2026-02-10 11:02:43.734 [main] DEBUG org.hibernate.type.BasicTypeRegistry - Adding type registration org.hibernate.type.ZonedDateTimeType -> basicType@3(java.time.ZonedDateTime,3003)
2026-02-10 11:02:43.734 [main] DEBUG org.hibernate.type.BasicTypeRegistry - Adding type registration ZonedDateTime -> basicType@3(java.time.ZonedDateTime,3003)
2026-02-10 11:02:43.735 [main] DEBUG org.hibernate.type.BasicTypeRegistry - Adding type registration java.time.ZonedDateTime -> basicType@3(java.time.ZonedDateTime,3003)
2026-02-10 11:02:43.736 [main] DEBUG org.hibernate.type.BasicTypeRegistry - Adding type registration org.hibernate.type.OffsetTimeType -> basicType@4(java.time.OffsetTime,3007)
2026-02-10 11:02:43.736 [main] DEBUG org.hibernate.type.BasicTypeRegistry - Adding type registration OffsetTime -> basicType@4(java.time.OffsetTime,3007)
2026-02-10 11:02:43.736 [main] DEBUG org.hibernate.type.BasicTypeRegistry - Adding type registration java.time.OffsetTime -> basicType@4(java.time.OffsetTime,3007)
2026-02-10 11:02:43.738 [main] DEBUG org.hibernate.type.spi.TypeConfiguration$Scope - Scoping TypeConfiguration [org.hibernate.type.spi.TypeConfiguration@77cb9cd1] to MetadataBuildingContext [org.hibernate.boot.internal.MetadataBuildingContextRootImpl@971e903]
2026-02-10 11:03:09.430 [main] DEBUG org.jboss.logging - Logging Provider: org.jboss.logging.Log4j2LoggerProvider
2026-02-10 11:03:09.441 [main] DEBUG org.hibernate.integrator.internal.IntegratorServiceImpl - Adding Integrator [org.hibernate.boot.beanvalidation.BeanValidationIntegrator].
2026-02-10 11:03:09.444 [main] DEBUG org.hibernate.integrator.internal.IntegratorServiceImpl - Adding Integrator [org.hibernate.cache.internal.CollectionCacheInvalidator].
2026-02-10 11:03:09.461 [main] INFO  org.hibernate.Version - HHH000412: Hibernate ORM core version 6.4.4.Final
2026-02-10 11:03:09.462 [main] DEBUG org.hibernate.cfg.Environment - HHH000206: 'hibernate.properties' not found
2026-02-10 11:03:09.496 [main] DEBUG org.hibernate.boot.jaxb.internal.stax.LocalXmlResourceResolver - Checking public/system identifiers `-//Hibernate/Hibernate Configuration DTD 3.0//EN`/`https://hibernate.org/dtd/hibernate-configuration-3.0.dtd` as DTD references
2026-02-10 11:03:09.501 [main] DEBUG org.hibernate.boot.cfgxml.internal.JaxbCfgProcessor - cfg.xml document did not define namespaces; wrapping in custom event reader to introduce namespace information
2026-02-10 11:03:09.655 [main] DEBUG org.hibernate.orm.idgen.factory - Ignoring CDI for resolving IdentifierGenerator instances as extended or delayed CDI support was enabled
2026-02-10 11:03:09.658 [main] DEBUG org.hibernate.orm.idgen.factory - Registering IdentifierGenerator strategy [uuid2] -> [org.hibernate.id.UUIDGenerator]
2026-02-10 11:03:09.658 [main] DEBUG org.hibernate.orm.idgen.factory - Registering IdentifierGenerator strategy [guid] -> [org.hibernate.id.GUIDGenerator]
2026-02-10 11:03:09.659 [main] DEBUG org.hibernate.orm.idgen.factory - Registering IdentifierGenerator strategy [uuid] -> [org.hibernate.id.UUIDHexGenerator]
2026-02-10 11:03:09.659 [main] DEBUG org.hibernate.orm.idgen.factory - Registering IdentifierGenerator strategy [uuid.hex] -> [org.hibernate.id.UUIDHexGenerator]
2026-02-10 11:03:09.659 [main] DEBUG org.hibernate.orm.idgen.factory - Registering IdentifierGenerator strategy [assigned] -> [org.hibernate.id.Assigned]
2026-02-10 11:03:09.660 [main] DEBUG org.hibernate.orm.idgen.factory - Registering IdentifierGenerator strategy [identity] -> [org.hibernate.id.IdentityGenerator]
2026-02-10 11:03:09.660 [main] DEBUG org.hibernate.orm.idgen.factory - Registering IdentifierGenerator strategy [select] -> [org.hibernate.id.SelectGenerator]
2026-02-10 11:03:09.661 [main] DEBUG org.hibernate.orm.idgen.factory - Registering IdentifierGenerator strategy [sequence] -> [org.hibernate.id.enhanced.SequenceStyleGenerator]
2026-02-10 11:03:09.661 [main] DEBUG org.hibernate.orm.idgen.factory - Registering IdentifierGenerator strategy [increment] -> [org.hibernate.id.IncrementGenerator]
2026-02-10 11:03:09.661 [main] DEBUG org.hibernate.orm.idgen.factory - Registering IdentifierGenerator strategy [foreign] -> [org.hibernate.id.ForeignGenerator]
2026-02-10 11:03:09.662 [main] DEBUG org.hibernate.orm.idgen.factory - Registering IdentifierGenerator strategy [enhanced-sequence] -> [org.hibernate.id.enhanced.SequenceStyleGenerator]
2026-02-10 11:03:09.662 [main] DEBUG org.hibernate.orm.idgen.factory - Registering IdentifierGenerator strategy [enhanced-table] -> [org.hibernate.id.enhanced.TableGenerator]
2026-02-10 11:03:09.669 [main] DEBUG org.hibernate.cache.internal.RegionFactoryInitiator - Cannot default RegionFactory based on registered strategies as `[]` RegionFactory strategies were registered
2026-02-10 11:03:09.670 [main] INFO  org.hibernate.cache.internal.RegionFactoryInitiator - HHH000026: Second-level cache disabled
2026-02-10 11:03:09.729 [main] DEBUG org.hibernate.type.BasicTypeRegistry - Adding type registration boolean -> org.hibernate.type.BasicTypeReference@74f7d1d2
2026-02-10 11:03:09.729 [main] DEBUG org.hibernate.type.BasicTypeRegistry - Adding type registration boolean -> org.hibernate.type.BasicTypeReference@74f7d1d2
2026-02-10 11:03:09.730 [main] DEBUG org.hibernate.type.BasicTypeRegistry - Adding type registration java.lang.Boolean -> org.hibernate.type.BasicTypeReference@74f7d1d2
2026-02-10 11:03:09.730 [main] DEBUG org.hibernate.type.BasicTypeRegistry - Adding type registration numeric_boolean -> org.hibernate.type.BasicTypeReference@4b4dd216
2026-02-10 11:03:09.730 [main] DEBUG org.hibernate.type.BasicTypeRegistry - Adding type registration org.hibernate.type.NumericBooleanConverter -> org.hibernate.type.BasicTypeReference@4b4dd216
2026-02-10 11:03:09.730 [main] DEBUG org.hibernate.type.BasicTypeRegistry - Adding type registration true_false -> org.hibernate.type.BasicTypeReference@5ca17ab0
2026-02-10 11:03:09.730 [main] DEBUG org.hibernate.type.BasicTypeRegistry - Adding type registration org.hibernate.type.TrueFalseConverter -> org.hibernate.type.BasicTypeReference@5ca17ab0
2026-02-10 11:03:09.730 [main] DEBUG org.hibernate.type.BasicTypeRegistry - Adding type registration yes_no -> org.hibernate.type.BasicTypeReference@5a62b2a4
2026-02-10 11:03:09.730 [main] DEBUG org.hibernate.type.BasicTypeRegistry - Adding type registration org.hibernate.type.YesNoConverter -> org.hibernate.type.BasicTypeReference@5a62b2a4
2026-02-10 11:03:09.730 [main] DEBUG org.hibernate.type.BasicTypeRegistry - Adding type registration byte -> org.hibernate.type.BasicTypeReference@1051817b
2026-02-10 11:03:09.731 [main] DEBUG org.hibernate.type.BasicTypeRegistry - Adding type registration byte -> org.hibernate.type.BasicTypeReference@1051817b
2026-02-10 11:03:09.731 [main] DEBUG org.hibernate.type.BasicTypeRegistry - Adding type registration java.lang.Byte -> org.hibernate.type.BasicTypeReference@1051817b
2026-02-10 11:03:09.731 [main] DEBUG org.hibernate.type.BasicTypeRegistry - Adding type registration binary -> org.hibernate.type.BasicTypeReference@35293c05
2026-02-10 11:03:09.731 [main] DEBUG org.hibernate.type.BasicTypeRegistry - Adding type registration byte[] -> org.hibernate.type.BasicTypeReference@35293c05
2026-02-10 11:03:09.731 [main] DEBUG org.hibernate.type.BasicTypeRegistry - Adding type registration [B -> org.hibernate.type.BasicTypeReference@35293c05
2026-02-10 11:03:09.731 [main] DEBUG org.hibernate.type.BasicTypeRegistry - Adding type registration binary_wrapper -> org.hibernate.type.BasicTypeReference@620aa4ea
2026-02-10 11:03:09.731 [main] DEBUG org.hibernate.type.BasicTypeRegistry - Adding type registration wrapper-binary -> org.hibernate.type.BasicTypeReference@620aa4ea
2026-02-10 11:03:09.731 [main] DEBUG org.hibernate.type.BasicTypeRegistry - Adding type registration image -> org.hibernate.type.BasicTypeReference@2db2dd9d
2026-02-10 11:03:09.731 [main] DEBUG org.hibernate.type.BasicTypeRegistry - Adding type registration blob -> org.hibernate.type.BasicTypeReference@3174cb09
2026-02-10 11:03:09.732 [main] DEBUG org.hibernate.type.BasicTypeRegistry - Adding type registration java.sql.Blob -> org.hibernate.type.BasicTypeReference@3174cb09
2026-02-10 11:03:09.732 [main] DEBUG org.hibernate.type.BasicTypeRegistry - Adding type registration materialized_blob -> org.hibernate.type.BasicTypeReference@4d411036
2026-02-10 11:03:09.732 [main] DEBUG org.hibernate.type.BasicTypeRegistry - Adding type registration materialized_blob_wrapper -> org.hibernate.type.BasicTypeReference@7adbd080
2026-02-10 11:03:09.732 [main] DEBUG org.hibernate.type.BasicTypeRegistry - Adding type registration short -> org.hibernate.type.BasicTypeReference@41beb473
2026-02-10 11:03:09.732 [main] DEBUG org.hibernate.type.BasicTypeRegistry - Adding type registration short -> org.hibernate.type.BasicTypeReference@41beb473
2026-02-10 11:03:09.732 [main] DEBUG org.hibernate.type.BasicTypeRegistry - Adding type registration java.lang.Short -> org.hibernate.type.BasicTypeReference@41beb473
2026-02-10 11:03:09.732 [main] DEBUG org.hibernate.type.BasicTypeRegistry - Adding type registration integer -> org.hibernate.type.BasicTypeReference@560513ce
2026-02-10 11:03:09.732 [main] DEBUG org.hibernate.type.BasicTypeRegistry - Adding type registration int -> org.hibernate.type.BasicTypeReference@560513ce
2026-02-10 11:03:09.733 [main] DEBUG org.hibernate.type.BasicTypeRegistry - Adding type registration java.lang.Integer -> org.hibernate.type.BasicTypeReference@560513ce
2026-02-10 11:03:09.733 [main] DEBUG org.hibernate.type.BasicTypeRegistry - Adding type registration long -> org.hibernate.type.BasicTypeReference@13006998
2026-02-10 11:03:09.733 [main] DEBUG org.hibernate.type.BasicTypeRegistry - Adding type registration long -> org.hibernate.type.BasicTypeReference@13006998
2026-02-10 11:03:09.733 [main] DEBUG org.hibernate.type.BasicTypeRegistry - Adding type registration java.lang.Long -> org.hibernate.type.BasicTypeReference@13006998
2026-02-10 11:03:09.733 [main] DEBUG org.hibernate.type.BasicTypeRegistry - Adding type registration float -> org.hibernate.type.BasicTypeReference@37fbe4a8
2026-02-10 11:03:09.733 [main] DEBUG org.hibernate.type.BasicTypeRegistry - Adding type registration float -> org.hibernate.type.BasicTypeReference@37fbe4a8
2026-02-10 11:03:09.733 [main] DEBUG org.hibernate.type.BasicTypeRegistry - Adding type registration java.lang.Float -> org.hibernate.type.BasicTypeReference@37fbe4a8
2026-02-10 11:03:09.733 [main] DEBUG org.hibernate.type.BasicTypeRegistry - Adding type registration double -> org.hibernate.type.BasicTypeReference@352c308
2026-02-10 11:03:09.734 [main] DEBUG org.hibernate.type.BasicTypeRegistry - Adding type registration double -> org.hibernate.type.BasicTypeReference@352c308
2026-02-10 11:03:09.734 [main] DEBUG org.hibernate.type.BasicTypeRegistry - Adding type registration java.lang.Double -> org.hibernate.type.BasicTypeReference@352c308
2026-02-10 11:03:09.734 [main] DEBUG org.hibernate.type.BasicTypeRegistry - Adding type registration big_integer -> org.hibernate.type.BasicTypeReference@7d373bcf
2026-02-10 11:03:09.734 [main] DEBUG org.hibernate.type.BasicTypeRegistry - Adding type registration java.math.BigInteger -> org.hibernate.type.BasicTypeReference@7d373bcf
2026-02-10 11:03:09.734 [main] DEBUG org.hibernate.type.BasicTypeRegistry - Adding type registration big_decimal -> org.hibernate.type.BasicTypeReference@6d6bc158
2026-02-10 11:03:09.734 [main] DEBUG org.hibernate.type.BasicTypeRegistry - Adding type registration java.math.BigDecimal -> org.hibernate.type.BasicTypeReference@6d6bc158
2026-02-10 11:03:09.734 [main] DEBUG org.hibernate.type.BasicTypeRegistry - Adding type registration character -> org.hibernate.type.BasicTypeReference@5dda6f9
2026-02-10 11:03:09.734 [main] DEBUG org.hibernate.type.BasicTypeRegistry - Adding type registration char -> org.hibernate.type.BasicTypeReference@5dda6f9
2026-02-10 11:03:09.734 [main] DEBUG org.hibernate.type.BasicTypeRegistry - Adding type registration java.lang.Character -> org.hibernate.type.BasicTypeReference@5dda6f9
2026-02-10 11:03:09.734 [main] DEBUG org.hibernate.type.BasicTypeRegistry - Adding type registration character_nchar -> org.hibernate.type.BasicTypeReference@10027fc9
2026-02-10 11:03:09.734 [main] DEBUG org.hibernate.type.BasicTypeRegistry - Adding type registration string -> org.hibernate.type.BasicTypeReference@54afd745
2026-02-10 11:03:09.734 [main] DEBUG org.hibernate.type.BasicTypeRegistry - Adding type registration java.lang.String -> org.hibernate.type.BasicTypeReference@54afd745
2026-02-10 11:03:09.735 [main] DEBUG org.hibernate.type.BasicTypeRegistry - Adding type registration nstring -> org.hibernate.type.BasicTypeReference@677dbd89
2026-02-10 11:03:09.735 [main] DEBUG org.hibernate.type.BasicTypeRegistry - Adding type registration characters -> org.hibernate.type.BasicTypeReference@fff25f1
2026-02-10 11:03:09.735 [main] DEBUG org.hibernate.type.BasicTypeRegistry - Adding type registration char[] -> org.hibernate.type.BasicTypeReference@fff25f1
2026-02-10 11:03:09.735 [main] DEBUG org.hibernate.type.BasicTypeRegistry - Adding type registration [C -> org.hibernate.type.BasicTypeReference@fff25f1
2026-02-10 11:03:09.735 [main] DEBUG org.hibernate.type.BasicTypeRegistry - Adding type registration wrapper-characters -> org.hibernate.type.BasicTypeReference@c00fff0
2026-02-10 11:03:09.735 [main] DEBUG org.hibernate.type.BasicTypeRegistry - Adding type registration text -> org.hibernate.type.BasicTypeReference@263f04ca
2026-02-10 11:03:09.735 [main] DEBUG org.hibernate.type.BasicTypeRegistry - Adding type registration ntext -> org.hibernate.type.BasicTypeReference@2ca47471
2026-02-10 11:03:09.735 [main] DEBUG org.hibernate.type.BasicTypeRegistry - Adding type registration clob -> org.hibernate.type.BasicTypeReference@5a021cb9
2026-02-10 11:03:09.735 [main] DEBUG org.hibernate.type.BasicTypeRegistry - Adding type registration java.sql.Clob -> org.hibernate.type.BasicTypeReference@5a021cb9
2026-02-10 11:03:09.735 [main] DEBUG org.hibernate.type.BasicTypeRegistry - Adding type registration nclob -> org.hibernate.type.BasicTypeReference@51768776
2026-02-10 11:03:09.735 [main] DEBUG org.hibernate.type.BasicTypeRegistry - Adding type registration java.sql.NClob -> org.hibernate.type.BasicTypeReference@51768776
2026-02-10 11:03:09.736 [main] DEBUG org.hibernate.type.BasicTypeRegistry - Adding type registration materialized_clob -> org.hibernate.type.BasicTypeReference@f31c0c6
2026-02-10 11:03:09.736 [main] DEBUG org.hibernate.type.BasicTypeRegistry - Adding type registration materialized_clob_char_array -> org.hibernate.type.BasicTypeReference@b93aad
2026-02-10 11:03:09.736 [main] DEBUG org.hibernate.type.BasicTypeRegistry - Adding type registration materialized_clob_character_array -> org.hibernate.type.BasicTypeReference@4a9419d7
2026-02-10 11:03:09.736 [main] DEBUG org.hibernate.type.BasicTypeRegistry - Adding type registration materialized_nclob -> org.hibernate.type.BasicTypeReference@2f3c6ac4
2026-02-10 11:03:09.736 [main] DEBUG org.hibernate.type.BasicTypeRegistry - Adding type registration materialized_nclob_character_array -> org.hibernate.type.BasicTypeReference@2e8ab815
2026-02-10 11:03:09.737 [main] DEBUG org.hibernate.type.BasicTypeRegistry - Adding type registration materialized_nclob_char_array -> org.hibernate.type.BasicTypeReference@67af833b
2026-02-10 11:03:09.737 [main] DEBUG org.hibernate.type.BasicTypeRegistry - Adding type registration Duration -> org.hibernate.type.BasicTypeReference@d1f74b8
2026-02-10 11:03:09.737 [main] DEBUG org.hibernate.type.BasicTypeRegistry - Adding type registration java.time.Duration -> org.hibernate.type.BasicTypeReference@d1f74b8
2026-02-10 11:03:09.737 [main] DEBUG org.hibernate.type.BasicTypeRegistry - Adding type registration LocalDateTime -> org.hibernate.type.BasicTypeReference@41394595
2026-02-10 11:03:09.737 [main] DEBUG org.hibernate.type.BasicTypeRegistry - Adding type registration java.time.LocalDateTime -> org.hibernate.type.BasicTypeReference@41394595
2026-02-10 11:03:09.737 [main] DEBUG org.hibernate.type.BasicTypeRegistry - Adding type registration LocalDate -> org.hibernate.type.BasicTypeReference@3a0807b7
2026-02-10 11:03:09.737 [main] DEBUG org.hibernate.type.BasicTypeRegistry - Adding type registration java.time.LocalDate -> org.hibernate.type.BasicTypeReference@3a0807b7
2026-02-10 11:03:09.738 [main] DEBUG org.hibernate.type.BasicTypeRegistry - Adding type registration LocalTime -> org.hibernate.type.BasicTypeReference@21a5fd96
2026-02-10 11:03:09.738 [main] DEBUG org.hibernate.type.BasicTypeRegistry - Adding type registration java.time.LocalTime -> org.hibernate.type.BasicTypeReference@21a5fd96
2026-02-10 11:03:09.738 [main] DEBUG org.hibernate.type.BasicTypeRegistry - Adding type registration OffsetDateTime -> org.hibernate.type.BasicTypeReference@5769e7ae
2026-02-10 11:03:09.738 [main] DEBUG org.hibernate.type.BasicTypeRegistry - Adding type registration java.time.OffsetDateTime -> org.hibernate.type.BasicTypeReference@5769e7ae
2026-02-10 11:03:09.738 [main] DEBUG org.hibernate.type.BasicTypeRegistry - Adding type registration OffsetDateTimeWithTimezone -> org.hibernate.type.BasicTypeReference@5c77053b
2026-02-10 11:03:09.738 [main] DEBUG org.hibernate.type.BasicTypeRegistry - Adding type registration OffsetDateTimeWithoutTimezone -> org.hibernate.type.BasicTypeReference@26b894bd
2026-02-10 11:03:09.738 [main] DEBUG org.hibernate.type.BasicTypeRegistry - Adding type registration OffsetTime -> org.hibernate.type.BasicTypeReference@287f94b1
2026-02-10 11:03:09.738 [main] DEBUG org.hibernate.type.BasicTypeRegistry - Adding type registration java.time.OffsetTime -> org.hibernate.type.BasicTypeReference@287f94b1
2026-02-10 11:03:09.739 [main] DEBUG org.hibernate.type.BasicTypeRegistry - Adding type registration OffsetTimeUtc -> org.hibernate.type.BasicTypeReference@30b34287
2026-02-10 11:03:09.739 [main] DEBUG org.hibernate.type.BasicTypeRegistry - Adding type registration OffsetTimeWithTimezone -> org.hibernate.type.BasicTypeReference@5489c777
2026-02-10 11:03:09.739 [main] DEBUG org.hibernate.type.BasicTypeRegistry - Adding type registration OffsetTimeWithoutTimezone -> org.hibernate.type.BasicTypeReference@3676ac27
2026-02-10 11:03:09.739 [main] DEBUG org.hibernate.type.BasicTypeRegistry - Adding type registration ZonedDateTime -> org.hibernate.type.BasicTypeReference@62f87c44
2026-02-10 11:03:09.739 [main] DEBUG org.hibernate.type.BasicTypeRegistry - Adding type registration java.time.ZonedDateTime -> org.hibernate.type.BasicTypeReference@62f87c44
2026-02-10 11:03:09.739 [main] DEBUG org.hibernate.type.BasicTypeRegistry - Adding type registration ZonedDateTimeWithTimezone -> org.hibernate.type.BasicTypeReference@48f5bde6
2026-02-10 11:03:09.739 [main] DEBUG org.hibernate.type.BasicTypeRegistry - Adding type registration ZonedDateTimeWithoutTimezone -> org.hibernate.type.BasicTypeReference@525d79f0
2026-02-10 11:03:09.739 [main] DEBUG org.hibernate.type.BasicTypeRegistry - Adding type registration date -> org.hibernate.type.BasicTypeReference@5149f008
2026-02-10 11:03:09.739 [main] DEBUG org.hibernate.type.BasicTypeRegistry - Adding type registration java.sql.Date -> org.hibernate.type.BasicTypeReference@5149f008
2026-02-10 11:03:09.739 [main] DEBUG org.hibernate.type.BasicTypeRegistry - Adding type registration time -> org.hibernate.type.BasicTypeReference@7072bc39
2026-02-10 11:03:09.739 [main] DEBUG org.hibernate.type.BasicTypeRegistry - Adding type registration java.sql.Time -> org.hibernate.type.BasicTypeReference@7072bc39
2026-02-10 11:03:09.740 [main] DEBUG org.hibernate.type.BasicTypeRegistry - Adding type registration timestamp -> org.hibernate.type.BasicTypeReference@158d255c
2026-02-10 11:03:09.740 [main] DEBUG org.hibernate.type.BasicTypeRegistry - Adding type registration java.sql.Timestamp -> org.hibernate.type.BasicTypeReference@158d255c
2026-02-10 11:03:09.740 [main] DEBUG org.hibernate.type.BasicTypeRegistry - Adding type registration java.util.Date -> org.hibernate.type.BasicTypeReference@158d255c
2026-02-10 11:03:09.740 [main] DEBUG org.hibernate.type.BasicTypeRegistry - Adding type registration calendar -> org.hibernate.type.BasicTypeReference@2ca65ce4
2026-02-10 11:03:09.740 [main] DEBUG org.hibernate.type.BasicTypeRegistry - Adding type registration java.util.Calendar -> org.hibernate.type.BasicTypeReference@2ca65ce4
2026-02-10 11:03:09.740 [main] DEBUG org.hibernate.type.BasicTypeRegistry - Adding type registration java.util.GregorianCalendar -> org.hibernate.type.BasicTypeReference@2ca65ce4
2026-02-10 11:03:09.740 [main] DEBUG org.hibernate.type.BasicTypeRegistry - Adding type registration calendar_date -> org.hibernate.type.BasicTypeReference@327120c8
2026-02-10 11:03:09.740 [main] DEBUG org.hibernate.type.BasicTypeRegistry - Adding type registration calendar_time -> org.hibernate.type.BasicTypeReference@5707c1cb
2026-02-10 11:03:09.740 [main] DEBUG org.hibernate.type.BasicTypeRegistry - Adding type registration instant -> org.hibernate.type.BasicTypeReference@2b5cb9b2
2026-02-10 11:03:09.740 [main] DEBUG org.hibernate.type.BasicTypeRegistry - Adding type registration java.time.Instant -> org.hibernate.type.BasicTypeReference@2b5cb9b2
2026-02-10 11:03:09.741 [main] DEBUG org.hibernate.type.BasicTypeRegistry - Adding type registration uuid -> org.hibernate.type.BasicTypeReference@35038141
2026-02-10 11:03:09.741 [main] DEBUG org.hibernate.type.BasicTypeRegistry - Adding type registration java.util.UUID -> org.hibernate.type.BasicTypeReference@35038141
2026-02-10 11:03:09.741 [main] DEBUG org.hibernate.type.BasicTypeRegistry - Adding type registration pg-uuid -> org.hibernate.type.BasicTypeReference@35038141
2026-02-10 11:03:09.741 [main] DEBUG org.hibernate.type.BasicTypeRegistry - Adding type registration uuid-binary -> org.hibernate.type.BasicTypeReference@ecf9049
2026-02-10 11:03:09.741 [main] DEBUG org.hibernate.type.BasicTypeRegistry - Adding type registration uuid-char -> org.hibernate.type.BasicTypeReference@672f11c2
2026-02-10 11:03:09.741 [main] DEBUG org.hibernate.type.BasicTypeRegistry - Adding type registration class -> org.hibernate.type.BasicTypeReference@2970a5bc
2026-02-10 11:03:09.741 [main] DEBUG org.hibernate.type.BasicTypeRegistry - Adding type registration java.lang.Class -> org.hibernate.type.BasicTypeReference@2970a5bc
2026-02-10 11:03:09.742 [main] DEBUG org.hibernate.type.BasicTypeRegistry - Adding type registration currency -> org.hibernate.type.BasicTypeReference@50305a
2026-02-10 11:03:09.742 [main] DEBUG org.hibernate.type.BasicTypeRegistry - Adding type registration Currency -> org.hibernate.type.BasicTypeReference@50305a
2026-02-10 11:03:09.742 [main] DEBUG org.hibernate.type.BasicTypeRegistry - Adding type registration java.util.Currency -> org.hibernate.type.BasicTypeReference@50305a
2026-02-10 11:03:09.742 [main] DEBUG org.hibernate.type.BasicTypeRegistry - Adding type registration locale -> org.hibernate.type.BasicTypeReference@72efb5c1
2026-02-10 11:03:09.742 [main] DEBUG org.hibernate.type.BasicTypeRegistry - Adding type registration java.util.Locale -> org.hibernate.type.BasicTypeReference@72efb5c1
2026-02-10 11:03:09.742 [main] DEBUG org.hibernate.type.BasicTypeRegistry - Adding type registration serializable -> org.hibernate.type.BasicTypeReference@6d511b5f
2026-02-10 11:03:09.742 [main] DEBUG org.hibernate.type.BasicTypeRegistry - Adding type registration java.io.Serializable -> org.hibernate.type.BasicTypeReference@6d511b5f
2026-02-10 11:03:09.742 [main] DEBUG org.hibernate.type.BasicTypeRegistry - Adding type registration timezone -> org.hibernate.type.BasicTypeReference@41200e0c
2026-02-10 11:03:09.742 [main] DEBUG org.hibernate.type.BasicTypeRegistry - Adding type registration java.util.TimeZone -> org.hibernate.type.BasicTypeReference@41200e0c
2026-02-10 11:03:09.742 [main] DEBUG org.hibernate.type.BasicTypeRegistry - Adding type registration ZoneOffset -> org.hibernate.type.BasicTypeReference@40f33492
2026-02-10 11:03:09.742 [main] DEBUG org.hibernate.type.BasicTypeRegistry - Adding type registration java.time.ZoneOffset -> org.hibernate.type.BasicTypeReference@40f33492
2026-02-10 11:03:09.742 [main] DEBUG org.hibernate.type.BasicTypeRegistry - Adding type registration url -> org.hibernate.type.BasicTypeReference@4fbdc0f0
2026-02-10 11:03:09.742 [main] DEBUG org.hibernate.type.BasicTypeRegistry - Adding type registration java.net.URL -> org.hibernate.type.BasicTypeReference@4fbdc0f0
2026-02-10 11:03:09.743 [main] DEBUG org.hibernate.type.BasicTypeRegistry - Adding type registration vector -> org.hibernate.type.BasicTypeReference@2ad3a1bb
2026-02-10 11:03:09.743 [main] DEBUG org.hibernate.type.BasicTypeRegistry - Adding type registration row_version -> org.hibernate.type.BasicTypeReference@6bc28a83
2026-02-10 11:03:09.745 [main] DEBUG org.hibernate.type.BasicTypeRegistry - Adding type registration object -> org.hibernate.type.JavaObjectType@3e587920
2026-02-10 11:03:09.746 [main] DEBUG org.hibernate.type.BasicTypeRegistry - Adding type registration java.lang.Object -> org.hibernate.type.JavaObjectType@3e587920
2026-02-10 11:03:09.747 [main] DEBUG org.hibernate.type.BasicTypeRegistry - Adding type registration null -> org.hibernate.type.NullType@82c57b3
2026-02-10 11:03:09.747 [main] DEBUG org.hibernate.type.BasicTypeRegistry - Adding type registration imm_date -> org.hibernate.type.BasicTypeReference@5be82d43
2026-02-10 11:03:09.747 [main] DEBUG org.hibernate.type.BasicTypeRegistry - Adding type registration imm_time -> org.hibernate.type.BasicTypeReference@600b0b7
2026-02-10 11:03:09.747 [main] DEBUG org.hibernate.type.BasicTypeRegistry - Adding type registration imm_timestamp -> org.hibernate.type.BasicTypeReference@345e5a17
2026-02-10 11:03:09.747 [main] DEBUG org.hibernate.type.BasicTypeRegistry - Adding type registration imm_calendar -> org.hibernate.type.BasicTypeReference@5ea502e0
2026-02-10 11:03:09.748 [main] DEBUG org.hibernate.type.BasicTypeRegistry - Adding type registration imm_calendar_date -> org.hibernate.type.BasicTypeReference@443dbe42
2026-02-10 11:03:09.748 [main] DEBUG org.hibernate.type.BasicTypeRegistry - Adding type registration imm_calendar_time -> org.hibernate.type.BasicTypeReference@473b3b7a
2026-02-10 11:03:09.748 [main] DEBUG org.hibernate.type.BasicTypeRegistry - Adding type registration imm_binary -> org.hibernate.type.BasicTypeReference@1734f68
2026-02-10 11:03:09.748 [main] DEBUG org.hibernate.type.BasicTypeRegistry - Adding type registration imm_serializable -> org.hibernate.type.BasicTypeReference@77b7ffa4
2026-02-10 11:03:09.767 [main] WARN  org.hibernate.orm.connections.pooling - HHH10001002: Using built-in connection pool (not intended for production use)
2026-02-10 11:03:09.770 [main] INFO  org.hibernate.orm.connections.pooling - HHH10001005: Loaded JDBC driver class: com.mysql.cj.jdbc.Driver
2026-02-10 11:03:09.770 [main] INFO  org.hibernate.orm.connections.pooling - HHH10001012: Connecting with JDBC URL [jdbc:mysql://localhost:3307/cineexamen?useSSL=false&allowPublicKeyRetrieval=true]
2026-02-10 11:03:09.771 [main] INFO  org.hibernate.orm.connections.pooling - HHH10001001: Connection properties: {password=parradito, user=parradoexamen}
2026-02-10 11:03:09.771 [main] INFO  org.hibernate.orm.connections.pooling - HHH10001003: Autocommit mode: false
2026-02-10 11:03:09.772 [main] DEBUG org.hibernate.orm.connections.pooling - Initializing Connection pool with 1 Connections
2026-02-10 11:03:09.772 [main] INFO  org.hibernate.orm.connections.pooling - HHH10001115: Connection pool size: 20 (min=1)
2026-02-10 11:03:09.920 [main] DEBUG org.hibernate.engine.jdbc.env.internal.JdbcEnvironmentInitiator - Database ->
       name : MySQL
    version : 8.4.7
      major : 8
      minor : 4
2026-02-10 11:03:09.921 [main] DEBUG org.hibernate.engine.jdbc.env.internal.JdbcEnvironmentInitiator - Driver ->
       name : MySQL Connector/J
    version : mysql-connector-j-8.4.0 (Revision: 1c3f5c149e0bfe31c7fbeb24e2d260cd890972c4)
      major : 8
      minor : 4
2026-02-10 11:03:09.921 [main] DEBUG org.hibernate.engine.jdbc.env.internal.JdbcEnvironmentInitiator - JDBC version : 4.2
2026-02-10 11:03:09.959 [main] WARN  org.hibernate.orm.deprecation - HHH90000025: MySQLDialect does not need to be specified explicitly using 'hibernate.dialect' (remove the property setting and it will be selected by default)
2026-02-10 11:03:09.960 [main] DEBUG org.hibernate.orm.dialect - HHH035001: Using dialect: org.hibernate.dialect.MySQLDialect, version: 8.4.7
2026-02-10 11:03:09.966 [main] DEBUG org.hibernate.engine.jdbc.env.spi.IdentifierHelperBuilder - JDBC driver metadata reported database stores quoted identifiers in more than one case
2026-02-10 11:03:09.966 [main] DEBUG org.hibernate.engine.jdbc.env.spi.IdentifierHelperBuilder - IdentifierCaseStrategy for both quoted and unquoted identifiers was set to the same strategy [MIXED]; that will likely lead to problems in schema update and validation if using quoted identifiers
2026-02-10 11:03:09.982 [main] DEBUG org.hibernate.type.descriptor.sql.spi.DdlTypeRegistry - addDescriptor(12, org.hibernate.type.descriptor.sql.internal.CapacityDependentDdlType@22bd2039) replaced previous registration(org.hibernate.type.descriptor.sql.internal.CapacityDependentDdlType@705f83a7)
2026-02-10 11:03:09.982 [main] DEBUG org.hibernate.type.descriptor.sql.spi.DdlTypeRegistry - addDescriptor(-9, org.hibernate.type.descriptor.sql.internal.CapacityDependentDdlType@3bb8aabc) replaced previous registration(org.hibernate.type.descriptor.sql.internal.CapacityDependentDdlType@6e1d4137)
2026-02-10 11:03:09.982 [main] DEBUG org.hibernate.type.descriptor.sql.spi.DdlTypeRegistry - addDescriptor(-3, org.hibernate.type.descriptor.sql.internal.CapacityDependentDdlType@256a1825) replaced previous registration(org.hibernate.type.descriptor.sql.internal.CapacityDependentDdlType@29a4f594)
2026-02-10 11:03:09.982 [main] DEBUG org.hibernate.type.descriptor.sql.spi.DdlTypeRegistry - addDescriptor(4003, org.hibernate.type.descriptor.sql.internal.DdlTypeImpl@57b75756) replaced previous registration(org.hibernate.type.descriptor.sql.internal.DdlTypeImpl@5327a06e)
2026-02-10 11:03:09.982 [main] DEBUG org.hibernate.type.descriptor.sql.spi.DdlTypeRegistry - addDescriptor(4001, org.hibernate.type.descriptor.sql.internal.DdlTypeImpl@2679311f) replaced previous registration(org.hibernate.type.descriptor.sql.internal.DdlTypeImpl@287f7811)
2026-02-10 11:03:09.983 [main] DEBUG org.hibernate.type.descriptor.sql.spi.DdlTypeRegistry - addDescriptor(4002, org.hibernate.type.descriptor.sql.internal.DdlTypeImpl@451f87af) replaced previous registration(org.hibernate.type.descriptor.sql.internal.DdlTypeImpl@2b556bb2)
2026-02-10 11:03:09.983 [main] DEBUG org.hibernate.type.descriptor.sql.spi.DdlTypeRegistry - addDescriptor(2004, org.hibernate.type.descriptor.sql.internal.CapacityDependentDdlType@44cb460e) replaced previous registration(org.hibernate.type.descriptor.sql.internal.DdlTypeImpl@17271176)
2026-02-10 11:03:09.983 [main] DEBUG org.hibernate.type.descriptor.sql.spi.DdlTypeRegistry - addDescriptor(2005, org.hibernate.type.descriptor.sql.internal.CapacityDependentDdlType@2e3cdec2) replaced previous registration(org.hibernate.type.descriptor.sql.internal.DdlTypeImpl@2e34384c)
2026-02-10 11:03:09.983 [main] DEBUG org.hibernate.type.descriptor.sql.spi.DdlTypeRegistry - addDescriptor(2011, org.hibernate.type.descriptor.sql.internal.CapacityDependentDdlType@3051e0b2) replaced previous registration(org.hibernate.type.descriptor.sql.internal.DdlTypeImpl@1f52eb6f)
2026-02-10 11:03:09.985 [main] DEBUG org.hibernate.type.descriptor.jdbc.spi.JdbcTypeRegistry - addDescriptor(NCharTypeDescriptor) replaced previous registration(CharTypeDescriptor)
2026-02-10 11:03:09.985 [main] DEBUG org.hibernate.type.descriptor.jdbc.spi.JdbcTypeRegistry - addDescriptor(NVarcharTypeDescriptor) replaced previous registration(VarcharTypeDescriptor)
2026-02-10 11:03:09.985 [main] DEBUG org.hibernate.type.descriptor.jdbc.spi.JdbcTypeRegistry - addDescriptor(LongNVarcharTypeDescriptor) replaced previous registration(LongVarcharTypeDescriptor)
2026-02-10 11:03:09.987 [main] DEBUG org.hibernate.type.descriptor.jdbc.spi.JdbcTypeRegistry - addDescriptor(NClobTypeDescriptor(DEFAULT)) replaced previous registration(ClobTypeDescriptor(DEFAULT))
2026-02-10 11:03:09.987 [main] DEBUG org.hibernate.type.descriptor.jdbc.spi.JdbcTypeRegistry - addDescriptor(2005, ClobTypeDescriptor(STREAM_BINDING)) replaced previous registration(ClobTypeDescriptor(DEFAULT))
2026-02-10 11:03:09.990 [main] DEBUG org.hibernate.type.BasicTypeRegistry - Adding type registration null -> org.hibernate.type.NullType@3daa82be
2026-02-10 11:03:09.990 [main] DEBUG org.hibernate.type.BasicTypeRegistry - Type registration key [null] overrode previous entry : `org.hibernate.type.NullType@82c57b3`
2026-02-10 11:03:09.994 [main] DEBUG org.hibernate.type.BasicTypeRegistry - Adding type registration org.hibernate.type.DurationType -> basicType@1(java.time.Duration,3015)
2026-02-10 11:03:09.994 [main] DEBUG org.hibernate.type.BasicTypeRegistry - Adding type registration Duration -> basicType@1(java.time.Duration,3015)
2026-02-10 11:03:09.994 [main] DEBUG org.hibernate.type.BasicTypeRegistry - Adding type registration java.time.Duration -> basicType@1(java.time.Duration,3015)
2026-02-10 11:03:09.999 [main] DEBUG org.hibernate.type.BasicTypeRegistry - Adding type registration org.hibernate.type.OffsetDateTimeType -> basicType@2(java.time.OffsetDateTime,3003)
2026-02-10 11:03:09.999 [main] DEBUG org.hibernate.type.BasicTypeRegistry - Adding type registration OffsetDateTime -> basicType@2(java.time.OffsetDateTime,3003)
2026-02-10 11:03:09.999 [main] DEBUG org.hibernate.type.BasicTypeRegistry - Adding type registration java.time.OffsetDateTime -> basicType@2(java.time.OffsetDateTime,3003)
2026-02-10 11:03:09.999 [main] DEBUG org.hibernate.type.BasicTypeRegistry - Adding type registration org.hibernate.type.ZonedDateTimeType -> basicType@3(java.time.ZonedDateTime,3003)
2026-02-10 11:03:09.999 [main] DEBUG org.hibernate.type.BasicTypeRegistry - Adding type registration ZonedDateTime -> basicType@3(java.time.ZonedDateTime,3003)
2026-02-10 11:03:10.000 [main] DEBUG org.hibernate.type.BasicTypeRegistry - Adding type registration java.time.ZonedDateTime -> basicType@3(java.time.ZonedDateTime,3003)
2026-02-10 11:03:10.001 [main] DEBUG org.hibernate.type.BasicTypeRegistry - Adding type registration org.hibernate.type.OffsetTimeType -> basicType@4(java.time.OffsetTime,3007)
2026-02-10 11:03:10.001 [main] DEBUG org.hibernate.type.BasicTypeRegistry - Adding type registration OffsetTime -> basicType@4(java.time.OffsetTime,3007)
2026-02-10 11:03:10.001 [main] DEBUG org.hibernate.type.BasicTypeRegistry - Adding type registration java.time.OffsetTime -> basicType@4(java.time.OffsetTime,3007)
2026-02-10 11:03:10.003 [main] DEBUG org.hibernate.type.spi.TypeConfiguration$Scope - Scoping TypeConfiguration [org.hibernate.type.spi.TypeConfiguration@6a0ac48e] to MetadataBuildingContext [org.hibernate.boot.internal.MetadataBuildingContextRootImpl@24e08d59]
2026-02-10 11:03:10.036 [main] DEBUG org.hibernate.boot.model.relational.Namespace - Created database namespace [logicalName=Name{catalog=null, schema=null}, physicalName=Name{catalog=null, schema=null}]
2026-02-10 11:03:10.067 [main] DEBUG org.hibernate.boot.model.internal.EntityBinder - Binding entity from annotated class: modelo.Cine
2026-02-10 11:03:10.074 [main] DEBUG org.hibernate.boot.model.internal.EntityBinder - Import with entity name Cine
2026-02-10 11:03:10.079 [main] DEBUG org.hibernate.boot.model.internal.EntityBinder - Bind entity modelo.Cine on table cines
2026-02-10 11:03:10.091 [main] DEBUG org.hibernate.boot.model.internal.AnnotatedColumn - Binding column: AnnotatedDiscriminatorColumn(column='DTYPE')
2026-02-10 11:03:10.105 [main] DEBUG org.hibernate.boot.model.internal.AnnotatedColumn - Binding column: AnnotatedColumn()
2026-02-10 11:03:10.105 [main] DEBUG org.hibernate.boot.internal.ClassLoaderAccessImpl - Not known whether passed class name [modelo.Cine] is safe
2026-02-10 11:03:10.105 [main] DEBUG org.hibernate.boot.internal.ClassLoaderAccessImpl - No temp ClassLoader provided; using live ClassLoader for loading potentially unsafe class : modelo.Cine
2026-02-10 11:03:10.109 [main] DEBUG org.hibernate.boot.model.internal.PropertyBinder - MetadataSourceProcessor property id with lazy=false
2026-02-10 11:03:10.114 [main] DEBUG org.hibernate.boot.model.internal.AbstractPropertyHolder - Attempting to locate auto-apply AttributeConverter for property [modelo.Cine:id]
2026-02-10 11:03:10.118 [main] DEBUG org.hibernate.boot.model.internal.BasicValueBinder - building BasicValue for id
2026-02-10 11:03:10.121 [main] DEBUG org.hibernate.mapping.BasicValue - Skipping column re-registration: cines.id
2026-02-10 11:03:10.122 [main] DEBUG org.hibernate.boot.model.internal.PropertyBinder - Building property id
2026-02-10 11:03:10.126 [main] DEBUG org.hibernate.boot.model.internal.BinderHelper - #makeIdGenerator(BasicValue([Column(id)]), id, org.hibernate.id.enhanced.SequenceStyleGenerator, , ...)
2026-02-10 11:03:10.126 [main] DEBUG org.hibernate.boot.model.internal.AnnotatedColumn - Binding column: AnnotatedColumn()
2026-02-10 11:03:10.128 [main] DEBUG org.hibernate.boot.model.internal.PropertyBinder - MetadataSourceProcessor property nombrerevista with lazy=false
2026-02-10 11:03:10.128 [main] DEBUG org.hibernate.boot.model.internal.AbstractPropertyHolder - Attempting to locate auto-apply AttributeConverter for property [modelo.Cine:nombrerevista]
2026-02-10 11:03:10.128 [main] DEBUG org.hibernate.boot.model.internal.BasicValueBinder - building BasicValue for nombrerevista
2026-02-10 11:03:10.128 [main] DEBUG org.hibernate.mapping.BasicValue - Skipping column re-registration: cines.nombrerevista
2026-02-10 11:03:10.128 [main] DEBUG org.hibernate.boot.model.internal.PropertyBinder - Building property nombrerevista
2026-02-10 11:03:10.129 [main] DEBUG org.hibernate.boot.model.internal.AnnotatedColumn - Binding column: AnnotatedJoinColumn()
2026-02-10 11:03:10.130 [main] DEBUG org.hibernate.boot.model.internal.AnnotatedColumn - Binding column: AnnotatedColumn()
2026-02-10 11:03:10.139 [main] DEBUG org.hibernate.boot.model.internal.AnnotatedColumn - Binding column: IndexColumn(column='salas_ORDER')
2026-02-10 11:03:10.141 [main] DEBUG org.hibernate.boot.model.internal.AnnotatedColumn - Binding column: AnnotatedColumn()
2026-02-10 11:03:10.142 [main] DEBUG org.hibernate.boot.model.internal.AnnotatedColumn - Binding column: AnnotatedColumn(column='salas_KEY')
2026-02-10 11:03:10.143 [main] DEBUG org.hibernate.boot.model.internal.AnnotatedColumn - Binding column: AnnotatedJoinColumn(column='salas_KEY')
2026-02-10 11:03:10.144 [main] DEBUG org.hibernate.boot.model.internal.AnnotatedColumn - Binding column: AnnotatedJoinColumn()
2026-02-10 11:03:10.144 [main] DEBUG org.hibernate.boot.model.internal.AnnotatedColumn - Binding column: AnnotatedJoinColumn()
2026-02-10 11:03:10.146 [main] DEBUG org.hibernate.boot.model.internal.CollectionBinder - Collection role: modelo.Cine.salas
2026-02-10 11:03:10.148 [main] DEBUG org.hibernate.boot.model.internal.PropertyBinder - Building property salas
2026-02-10 11:03:10.149 [main] DEBUG org.hibernate.boot.model.internal.AnnotatedColumn - Binding column: AnnotatedColumn()
2026-02-10 11:03:10.149 [main] DEBUG org.hibernate.boot.model.internal.PropertyBinder - MetadataSourceProcessor property ubicacion with lazy=false
2026-02-10 11:03:10.149 [main] DEBUG org.hibernate.boot.model.internal.AbstractPropertyHolder - Attempting to locate auto-apply AttributeConverter for property [modelo.Cine:ubicacion]
2026-02-10 11:03:10.149 [main] DEBUG org.hibernate.boot.model.internal.BasicValueBinder - building BasicValue for ubicacion
2026-02-10 11:03:10.150 [main] DEBUG org.hibernate.mapping.BasicValue - Skipping column re-registration: cines.ubicacion
2026-02-10 11:03:10.150 [main] DEBUG org.hibernate.boot.model.internal.PropertyBinder - Building property ubicacion
2026-02-10 11:03:10.150 [main] DEBUG org.hibernate.boot.registry.classloading.internal.ClassLoaderServiceImpl - HHH000194: Package not found or wo package-info.java: modelo
2026-02-10 11:03:10.157 [main] DEBUG org.hibernate.boot.model.internal.EntityBinder - Binding entity from annotated class: modelo.Pelicula
2026-02-10 11:03:10.157 [main] DEBUG org.hibernate.boot.model.internal.EntityBinder - Import with entity name Pelicula
2026-02-10 11:03:10.157 [main] DEBUG org.hibernate.boot.model.internal.EntityBinder - Bind entity modelo.Pelicula on table peliculas
2026-02-10 11:03:10.158 [main] DEBUG org.hibernate.boot.model.internal.AnnotatedColumn - Binding column: AnnotatedDiscriminatorColumn(column='DTYPE')
2026-02-10 11:03:10.161 [main] DEBUG org.hibernate.boot.model.internal.AnnotatedColumn - Binding column: AnnotatedColumn()
2026-02-10 11:03:10.161 [main] DEBUG org.hibernate.boot.internal.ClassLoaderAccessImpl - Not known whether passed class name [modelo.Pelicula] is safe
2026-02-10 11:03:10.161 [main] DEBUG org.hibernate.boot.internal.ClassLoaderAccessImpl - No temp ClassLoader provided; using live ClassLoader for loading potentially unsafe class : modelo.Pelicula
2026-02-10 11:03:10.161 [main] DEBUG org.hibernate.boot.model.internal.PropertyBinder - MetadataSourceProcessor property id with lazy=false
2026-02-10 11:03:10.161 [main] DEBUG org.hibernate.boot.model.internal.AbstractPropertyHolder - Attempting to locate auto-apply AttributeConverter for property [modelo.Pelicula:id]
2026-02-10 11:03:10.162 [main] DEBUG org.hibernate.boot.model.internal.BasicValueBinder - building BasicValue for id
2026-02-10 11:03:10.162 [main] DEBUG org.hibernate.mapping.BasicValue - Skipping column re-registration: peliculas.id
2026-02-10 11:03:10.162 [main] DEBUG org.hibernate.boot.model.internal.PropertyBinder - Building property id
2026-02-10 11:03:10.162 [main] DEBUG org.hibernate.boot.model.internal.BinderHelper - #makeIdGenerator(BasicValue([Column(id)]), id, org.hibernate.id.enhanced.SequenceStyleGenerator, , ...)
2026-02-10 11:03:10.162 [main] DEBUG org.hibernate.boot.model.internal.AnnotatedColumn - Binding column: AnnotatedColumn()
2026-02-10 11:03:10.162 [main] DEBUG org.hibernate.boot.model.internal.PropertyBinder - MetadataSourceProcessor property duracion with lazy=false
2026-02-10 11:03:10.162 [main] DEBUG org.hibernate.boot.model.internal.AbstractPropertyHolder - Attempting to locate auto-apply AttributeConverter for property [modelo.Pelicula:duracion]
2026-02-10 11:03:10.162 [main] DEBUG org.hibernate.boot.model.internal.BasicValueBinder - building BasicValue for duracion
2026-02-10 11:03:10.162 [main] DEBUG org.hibernate.mapping.BasicValue - Skipping column re-registration: peliculas.duracion
2026-02-10 11:03:10.163 [main] DEBUG org.hibernate.boot.model.internal.PropertyBinder - Building property duracion
2026-02-10 11:03:10.163 [main] DEBUG org.hibernate.boot.model.internal.AnnotatedColumn - Binding column: AnnotatedColumn()
2026-02-10 11:03:10.163 [main] DEBUG org.hibernate.boot.model.internal.PropertyBinder - MetadataSourceProcessor property genero with lazy=false
2026-02-10 11:03:10.163 [main] DEBUG org.hibernate.boot.model.internal.AbstractPropertyHolder - Attempting to locate auto-apply AttributeConverter for property [modelo.Pelicula:genero]
2026-02-10 11:03:10.164 [main] DEBUG org.hibernate.boot.model.internal.BasicValueBinder - building BasicValue for genero
2026-02-10 11:03:10.164 [main] DEBUG org.hibernate.mapping.BasicValue - Skipping column re-registration: peliculas.genero
2026-02-10 11:03:10.164 [main] DEBUG org.hibernate.boot.model.internal.PropertyBinder - Building property genero
2026-02-10 11:03:10.164 [main] DEBUG org.hibernate.boot.model.internal.AnnotatedColumn - Binding column: IndexColumn(column='salas_ORDER')
2026-02-10 11:03:10.165 [main] DEBUG org.hibernate.boot.model.internal.AnnotatedColumn - Binding column: AnnotatedColumn()
2026-02-10 11:03:10.165 [main] DEBUG org.hibernate.boot.model.internal.AnnotatedColumn - Binding column: AnnotatedColumn(column='salas_KEY')
2026-02-10 11:03:10.165 [main] DEBUG org.hibernate.boot.model.internal.AnnotatedColumn - Binding column: AnnotatedJoinColumn(column='salas_KEY')
2026-02-10 11:03:10.165 [main] DEBUG org.hibernate.boot.model.internal.AnnotatedColumn - Binding column: AnnotatedJoinColumn()
2026-02-10 11:03:10.165 [main] DEBUG org.hibernate.boot.model.internal.AnnotatedColumn - Binding column: AnnotatedJoinColumn()
2026-02-10 11:03:10.165 [main] DEBUG org.hibernate.boot.model.internal.CollectionBinder - Collection role: modelo.Pelicula.salas
2026-02-10 11:03:10.166 [main] DEBUG org.hibernate.boot.model.internal.PropertyBinder - Building property salas
2026-02-10 11:03:10.166 [main] DEBUG org.hibernate.boot.model.internal.AnnotatedColumn - Binding column: AnnotatedColumn()
2026-02-10 11:03:10.166 [main] DEBUG org.hibernate.boot.model.internal.PropertyBinder - MetadataSourceProcessor property titulo with lazy=false
2026-02-10 11:03:10.166 [main] DEBUG org.hibernate.boot.model.internal.AbstractPropertyHolder - Attempting to locate auto-apply AttributeConverter for property [modelo.Pelicula:titulo]
2026-02-10 11:03:10.166 [main] DEBUG org.hibernate.boot.model.internal.BasicValueBinder - building BasicValue for titulo
2026-02-10 11:03:10.166 [main] DEBUG org.hibernate.mapping.BasicValue - Skipping column re-registration: peliculas.titulo
2026-02-10 11:03:10.166 [main] DEBUG org.hibernate.boot.model.internal.PropertyBinder - Building property titulo
2026-02-10 11:03:10.167 [main] DEBUG org.hibernate.boot.registry.classloading.internal.ClassLoaderServiceImpl - HHH000194: Package not found or wo package-info.java: modelo
2026-02-10 11:03:10.167 [main] DEBUG org.hibernate.boot.model.internal.EntityBinder - Binding entity from annotated class: modelo.Sala
2026-02-10 11:03:10.168 [main] DEBUG org.hibernate.boot.model.internal.EntityBinder - Import with entity name Sala
2026-02-10 11:03:10.168 [main] DEBUG org.hibernate.boot.model.internal.EntityBinder - Bind entity modelo.Sala on table salas
2026-02-10 11:03:10.168 [main] DEBUG org.hibernate.boot.model.internal.AnnotatedColumn - Binding column: AnnotatedDiscriminatorColumn(column='DTYPE')
2026-02-10 11:03:10.173 [main] DEBUG org.hibernate.boot.model.internal.AnnotatedColumn - Binding column: AnnotatedColumn()
2026-02-10 11:03:10.173 [main] DEBUG org.hibernate.boot.internal.ClassLoaderAccessImpl - Not known whether passed class name [modelo.Sala] is safe
2026-02-10 11:03:10.173 [main] DEBUG org.hibernate.boot.internal.ClassLoaderAccessImpl - No temp ClassLoader provided; using live ClassLoader for loading potentially unsafe class : modelo.Sala
2026-02-10 11:03:10.173 [main] DEBUG org.hibernate.boot.model.internal.PropertyBinder - MetadataSourceProcessor property id with lazy=false
2026-02-10 11:03:10.173 [main] DEBUG org.hibernate.boot.model.internal.AbstractPropertyHolder - Attempting to locate auto-apply AttributeConverter for property [modelo.Sala:id]
2026-02-10 11:03:10.173 [main] DEBUG org.hibernate.boot.model.internal.BasicValueBinder - building BasicValue for id
2026-02-10 11:03:10.173 [main] DEBUG org.hibernate.mapping.BasicValue - Skipping column re-registration: salas.id
2026-02-10 11:03:10.173 [main] DEBUG org.hibernate.boot.model.internal.PropertyBinder - Building property id
2026-02-10 11:03:10.173 [main] DEBUG org.hibernate.boot.model.internal.BinderHelper - #makeIdGenerator(BasicValue([Column(id)]), id, org.hibernate.id.enhanced.SequenceStyleGenerator, , ...)
2026-02-10 11:03:10.173 [main] DEBUG org.hibernate.boot.model.internal.AnnotatedColumn - Binding column: AnnotatedColumn()
2026-02-10 11:03:10.173 [main] DEBUG org.hibernate.boot.model.internal.PropertyBinder - MetadataSourceProcessor property capacidad with lazy=false
2026-02-10 11:03:10.173 [main] DEBUG org.hibernate.boot.model.internal.AbstractPropertyHolder - Attempting to locate auto-apply AttributeConverter for property [modelo.Sala:capacidad]
2026-02-10 11:03:10.173 [main] DEBUG org.hibernate.boot.model.internal.BasicValueBinder - building BasicValue for capacidad
2026-02-10 11:03:10.174 [main] DEBUG org.hibernate.mapping.BasicValue - Skipping column re-registration: salas.capacidad
2026-02-10 11:03:10.174 [main] DEBUG org.hibernate.boot.model.internal.PropertyBinder - Building property capacidad
2026-02-10 11:03:10.175 [main] DEBUG org.hibernate.boot.model.internal.AnnotatedColumn - Binding column: AnnotatedJoinColumn(column='cine_id')
2026-02-10 11:03:10.175 [main] DEBUG org.hibernate.boot.model.internal.AnnotatedColumn - Binding column: AnnotatedColumn()
2026-02-10 11:03:10.177 [main] DEBUG org.hibernate.boot.model.internal.PropertyBinder - Building property cine
2026-02-10 11:03:10.177 [main] DEBUG org.hibernate.boot.model.internal.AnnotatedColumn - Binding column: AnnotatedColumn()
2026-02-10 11:03:10.177 [main] DEBUG org.hibernate.boot.model.internal.PropertyBinder - MetadataSourceProcessor property nombre with lazy=false
2026-02-10 11:03:10.177 [main] DEBUG org.hibernate.boot.model.internal.AbstractPropertyHolder - Attempting to locate auto-apply AttributeConverter for property [modelo.Sala:nombre]
2026-02-10 11:03:10.177 [main] DEBUG org.hibernate.boot.model.internal.BasicValueBinder - building BasicValue for nombre
2026-02-10 11:03:10.177 [main] DEBUG org.hibernate.mapping.BasicValue - Skipping column re-registration: salas.nombre
2026-02-10 11:03:10.177 [main] DEBUG org.hibernate.boot.model.internal.PropertyBinder - Building property nombre
2026-02-10 11:03:10.177 [main] DEBUG org.hibernate.boot.model.internal.AnnotatedColumn - Binding column: IndexColumn(column='peliculas_ORDER')
2026-02-10 11:03:10.177 [main] DEBUG org.hibernate.boot.model.internal.AnnotatedColumn - Binding column: AnnotatedColumn()
2026-02-10 11:03:10.179 [main] DEBUG org.hibernate.boot.model.internal.AnnotatedColumn - Binding column: AnnotatedColumn(column='peliculas_KEY')
2026-02-10 11:03:10.179 [main] DEBUG org.hibernate.boot.model.internal.AnnotatedColumn - Binding column: AnnotatedJoinColumn(column='peliculas_KEY')
2026-02-10 11:03:10.179 [main] DEBUG org.hibernate.boot.model.internal.AnnotatedColumn - Binding column: AnnotatedJoinColumn()
2026-02-10 11:03:10.179 [main] DEBUG org.hibernate.boot.model.internal.AnnotatedColumn - Binding column: AnnotatedJoinColumn()
2026-02-10 11:03:10.179 [main] DEBUG org.hibernate.boot.model.internal.CollectionBinder - Collection role: modelo.Sala.peliculas
2026-02-10 11:03:10.179 [main] DEBUG org.hibernate.boot.model.internal.PropertyBinder - Building property peliculas
2026-02-10 11:03:10.179 [main] DEBUG org.hibernate.boot.registry.classloading.internal.ClassLoaderServiceImpl - HHH000194: Package not found or wo package-info.java: modelo
2026-02-10 11:03:10.180 [main] DEBUG org.hibernate.boot.model.internal.BasicValueBinder - Starting `BasicValueBinder#fillSimpleValue` for id
2026-02-10 11:03:10.180 [main] DEBUG org.hibernate.boot.model.internal.BasicValueBinder - Starting `BasicValueBinder#fillSimpleValue` for nombrerevista
2026-02-10 11:03:10.182 [main] DEBUG org.hibernate.boot.model.internal.BasicValueBinder - Starting `BasicValueBinder#fillSimpleValue` for ubicacion
2026-02-10 11:03:10.182 [main] DEBUG org.hibernate.boot.model.internal.BasicValueBinder - Starting `BasicValueBinder#fillSimpleValue` for id
2026-02-10 11:03:10.182 [main] DEBUG org.hibernate.boot.model.internal.BasicValueBinder - Starting `BasicValueBinder#fillSimpleValue` for duracion
2026-02-10 11:03:10.182 [main] DEBUG org.hibernate.boot.model.internal.BasicValueBinder - Starting `BasicValueBinder#fillSimpleValue` for genero
2026-02-10 11:03:10.182 [main] DEBUG org.hibernate.boot.model.internal.BasicValueBinder - Starting `BasicValueBinder#fillSimpleValue` for titulo
2026-02-10 11:03:10.182 [main] DEBUG org.hibernate.boot.model.internal.BasicValueBinder - Starting `BasicValueBinder#fillSimpleValue` for id
2026-02-10 11:03:10.182 [main] DEBUG org.hibernate.boot.model.internal.BasicValueBinder - Starting `BasicValueBinder#fillSimpleValue` for capacidad
2026-02-10 11:03:10.182 [main] DEBUG org.hibernate.boot.model.internal.BasicValueBinder - Starting `BasicValueBinder#fillSimpleValue` for nombre
2026-02-10 11:03:10.186 [main] DEBUG org.hibernate.mapping.PrimaryKey - Forcing column [id] to be non-null as it is part of the primary key for table [cines]
2026-02-10 11:03:10.186 [main] DEBUG org.hibernate.mapping.PrimaryKey - Forcing column [id] to be non-null as it is part of the primary key for table [peliculas]
2026-02-10 11:03:10.186 [main] DEBUG org.hibernate.mapping.PrimaryKey - Forcing column [id] to be non-null as it is part of the primary key for table [salas]
2026-02-10 11:03:10.186 [main] DEBUG org.hibernate.boot.model.internal.CollectionSecondPass - Second pass for collection: modelo.Sala.peliculas
2026-02-10 11:03:10.187 [main] DEBUG org.hibernate.boot.model.internal.CollectionBinder - Binding a ManyToMany: modelo.Sala.peliculas
2026-02-10 11:03:10.188 [main] DEBUG org.hibernate.boot.registry.classloading.internal.ClassLoaderServiceImpl - HHH000194: Package not found or wo package-info.java: modelo
2026-02-10 11:03:10.193 [main] DEBUG org.hibernate.boot.model.internal.CollectionSecondPass - Mapped collection key: salas_id, element: peliculas_id
2026-02-10 11:03:10.194 [main] DEBUG org.hibernate.boot.model.internal.CollectionSecondPass - Second pass for collection: modelo.Cine.salas
2026-02-10 11:03:10.195 [main] DEBUG org.hibernate.boot.model.internal.CollectionBinder - Binding a OneToMany: modelo.Cine.salas through a foreign key
2026-02-10 11:03:10.195 [main] DEBUG org.hibernate.boot.model.internal.CollectionBinder - Mapping collection: modelo.Cine.salas -> salas
2026-02-10 11:03:10.196 [main] DEBUG org.hibernate.boot.model.internal.TableBinder - Retrieving property modelo.Sala.cine
2026-02-10 11:03:10.196 [main] DEBUG org.hibernate.boot.model.internal.CollectionSecondPass - Mapped collection key: cine_id, one-to-many: modelo.Sala
2026-02-10 11:03:10.196 [main] DEBUG org.hibernate.boot.model.internal.CollectionSecondPass - Second pass for collection: modelo.Pelicula.salas
2026-02-10 11:03:10.196 [main] DEBUG org.hibernate.boot.model.internal.CollectionBinder - Binding a ManyToMany: modelo.Pelicula.salas
2026-02-10 11:03:10.196 [main] DEBUG org.hibernate.boot.registry.classloading.internal.ClassLoaderServiceImpl - HHH000194: Package not found or wo package-info.java: modelo
2026-02-10 11:03:10.196 [main] DEBUG org.hibernate.boot.model.internal.TableBinder - Retrieving property modelo.Sala.peliculas
2026-02-10 11:03:10.197 [main] DEBUG org.hibernate.boot.model.internal.CollectionSecondPass - Mapped collection key: peliculas_id, element: salas_id
2026-02-10 11:03:10.197 [main] DEBUG org.hibernate.boot.internal.InFlightMetadataCollectorImpl - Resolving reference to class: modelo.Cine
2026-02-10 11:03:10.200 [main] DEBUG org.hibernate.boot.internal.InFlightMetadataCollectorImpl - Resolving reference to class: modelo.Pelicula
2026-02-10 11:03:10.200 [main] DEBUG org.hibernate.boot.internal.InFlightMetadataCollectorImpl - Resolving reference to class: modelo.Sala
2026-02-10 11:03:10.208 [main] DEBUG org.hibernate.boot.internal.InFlightMetadataCollectorImpl - Resolving reference to class: modelo.Cine
2026-02-10 11:03:10.208 [main] DEBUG org.hibernate.boot.internal.InFlightMetadataCollectorImpl - Resolving reference to class: modelo.Pelicula
2026-02-10 11:03:10.208 [main] DEBUG org.hibernate.boot.internal.InFlightMetadataCollectorImpl - Resolving reference to class: modelo.Sala
2026-02-10 11:03:10.377 [main] DEBUG org.hibernate.internal.SessionFactoryImpl - Building session factory
2026-02-10 11:03:10.420 [main] DEBUG org.hibernate.service.internal.SessionFactoryServiceRegistryImpl - EventListenerRegistry access via ServiceRegistry is deprecated.  Use `sessionFactory.getEventEngine().getListenerRegistry()` instead
2026-02-10 11:03:10.421 [main] DEBUG org.hibernate.internal.SessionFactoryImpl - Instantiating SessionFactory with settings: {hibernate.format_sql=true, java.specification.version=21, sun.cpu.isalist=amd64, sun.jnu.encoding=Cp1252, hibernate.dialect=org.hibernate.dialect.MySQLDialect, java.class.path=C:\Users\ManuelParrado\Desktop\SEGUNDO_DAM\ACCESO A DATOS\examenModelado\target\classes;C:\Users\ManuelParrado\.m2\repository\org\hibernate\orm\hibernate-core\6.4.4.Final\hibernate-core-6.4.4.Final.jar;C:\Users\ManuelParrado\.m2\repository\jakarta\transaction\jakarta.transaction-api\2.0.1\jakarta.transaction-api-2.0.1.jar;C:\Users\ManuelParrado\.m2\repository\org\jboss\logging\jboss-logging\3.5.0.Final\jboss-logging-3.5.0.Final.jar;C:\Users\ManuelParrado\.m2\repository\org\hibernate\common\hibernate-commons-annotations\6.0.6.Final\hibernate-commons-annotations-6.0.6.Final.jar;C:\Users\ManuelParrado\.m2\repository\io\smallrye\jandex\3.1.2\jandex-3.1.2.jar;C:\Users\ManuelParrado\.m2\repository\com\fasterxml\classmate\1.5.1\classmate-1.5.1.jar;C:\Users\ManuelParrado\.m2\repository\net\bytebuddy\byte-buddy\1.14.11\byte-buddy-1.14.11.jar;C:\Users\ManuelParrado\.m2\repository\jakarta\xml\bind\jakarta.xml.bind-api\4.0.0\jakarta.xml.bind-api-4.0.0.jar;C:\Users\ManuelParrado\.m2\repository\jakarta\activation\jakarta.activation-api\2.1.0\jakarta.activation-api-2.1.0.jar;C:\Users\ManuelParrado\.m2\repository\org\glassfish\jaxb\jaxb-runtime\4.0.2\jaxb-runtime-4.0.2.jar;C:\Users\ManuelParrado\.m2\repository\org\glassfish\jaxb\jaxb-core\4.0.2\jaxb-core-4.0.2.jar;C:\Users\ManuelParrado\.m2\repository\org\eclipse\angus\angus-activation\2.0.0\angus-activation-2.0.0.jar;C:\Users\ManuelParrado\.m2\repository\org\glassfish\jaxb\txw2\4.0.2\txw2-4.0.2.jar;C:\Users\ManuelParrado\.m2\repository\com\sun\istack\istack-commons-runtime\4.1.1\istack-commons-runtime-4.1.1.jar;C:\Users\ManuelParrado\.m2\repository\jakarta\inject\jakarta.inject-api\2.0.1\jakarta.inject-api-2.0.1.jar;C:\Users\ManuelParrado\.m2\repository\org\antlr\antlr4-runtime\4.13.0\antlr4-runtime-4.13.0.jar;C:\Users\ManuelParrado\.m2\repository\org\apache\logging\log4j\log4j-core\2.13.0\log4j-core-2.13.0.jar;C:\Users\ManuelParrado\.m2\repository\org\apache\logging\log4j\log4j-api\2.13.0\log4j-api-2.13.0.jar;C:\Users\ManuelParrado\.m2\repository\com\mysql\mysql-connector-j\8.4.0\mysql-connector-j-8.4.0.jar;C:\Users\ManuelParrado\.m2\repository\com\google\protobuf\protobuf-java\3.25.1\protobuf-java-3.25.1.jar;C:\Users\ManuelParrado\.m2\repository\jakarta\persistence\jakarta.persistence-api\3.1.0\jakarta.persistence-api-3.1.0.jar, java.vm.vendor=Eclipse Adoptium, sun.arch.data.model=64, user.variant=, java.vendor.url=https://adoptium.net/, user.timezone=Europe/Madrid, org.apache.logging.log4j.assignedSequences=1365, java.vm.specification.version=21, os.name=Windows 11, sun.java.launcher=SUN_STANDARD, user.country=ES, sun.boot.library.path=C:\Users\ManuelParrado\Downloads\sts-4.31.0.RELEASE\plugins\org.eclipse.justj.openjdk.hotspot.jre.full.win32.x86_64_21.0.7.v20250502-0916\jre\bin, sun.java.command=controller.ControladorFestivalCine, jdk.debug=release, sun.cpu.endian=little, user.home=C:\Users\ManuelParrado, user.language=es, java.specification.vendor=Oracle Corporation, java.version.date=2025-04-15, java.home=C:\Users\ManuelParrado\Downloads\sts-4.31.0.RELEASE\plugins\org.eclipse.justj.openjdk.hotspot.jre.full.win32.x86_64_21.0.7.v20250502-0916\jre, file.separator=\, java.vm.compressedOopsMode=Zero based, line.separator=
, java.vm.specification.vendor=Oracle Corporation, java.specification.name=Java Platform API Specification, hibernate.hbm2ddl.auto=create, user.script=, sun.management.compiler=HotSpot 64-Bit Tiered Compilers, java.runtime.version=21.0.7+6-LTS, user.name=ManuelParrado, stdout.encoding=windows-1252, path.separator=;, hibernate.connection.username=****, os.version=10.0, java.runtime.name=OpenJDK Runtime Environment, hibernate.connection.url=jdbc:mysql://localhost:3307/cineexamen?useSSL=false&allowPublicKeyRetrieval=true, file.encoding=windows-1252, java.vm.name=OpenJDK 64-Bit Server VM, hibernate.show_sql=true, java.vendor.version=Temurin-21.0.7+6, hibernate.connection.driver_class=com.mysql.cj.jdbc.Driver, java.vendor.url.bug=https://github.com/adoptium/adoptium-support/issues, java.io.tmpdir=C:\Users\MANUEL~1\AppData\Local\Temp\, java.version=21.0.7, user.dir=C:\Users\ManuelParrado\Desktop\SEGUNDO_DAM\ACCESO A DATOS\examenModelado, os.arch=amd64, java.vm.specification.name=Java Virtual Machine Specification, hibernate.connection.password=****, sun.os.patch.level=, hibernate.boot.CfgXmlAccessService.key=org.hibernate.boot.cfgxml.spi.LoadedConfig@15c487a8, native.encoding=Cp1252, java.library.path=C:\Users\ManuelParrado\Downloads\sts-4.31.0.RELEASE\plugins\org.eclipse.justj.openjdk.hotspot.jre.full.win32.x86_64_21.0.7.v20250502-0916\jre\bin;C:\WINDOWS\Sun\Java\bin;C:\WINDOWS\system32;C:\WINDOWS;C:/Users/ManuelParrado/Downloads/sts-4.31.0.RELEASE//plugins/org.eclipse.justj.openjdk.hotspot.jre.full.win32.x86_64_21.0.7.v20250502-0916/jre/bin/server;C:/Users/ManuelParrado/Downloads/sts-4.31.0.RELEASE//plugins/org.eclipse.justj.openjdk.hotspot.jre.full.win32.x86_64_21.0.7.v20250502-0916/jre/bin;C:\Program Files\Common Files\Oracle\Java\javapath;C:\WINDOWS\system32;C:\WINDOWS;C:\WINDOWS\System32\Wbem;C:\WINDOWS\System32\WindowsPowerShell\v1.0\;C:\WINDOWS\System32\OpenSSH\;C:\Program Files\nodejs\;C:\Program Files\Docker\Docker\resources\bin;C:\Users\ManuelParrado\AppData\Local\Programs\Python\Python313\Scripts\;C:\Users\ManuelParrado\AppData\Local\Programs\Python\Python313\;C:\Users\ManuelParrado\AppData\Local\Microsoft\WindowsApps;C:\Users\ManuelParrado\AppData\Local\Programs\Git\cmd;C:\Users\ManuelParrado\AppData\Local\Programs\Microsoft VS Code\bin;C:\Users\ManuelParrado\AppData\Roaming\npm;C:\Users\ManuelParrado\Downloads\sts-4.31.0.RELEASE;;., stderr.encoding=windows-1252, java.vendor=Eclipse Adoptium, java.vm.info=mixed mode, sharing, java.vm.version=21.0.7+6-LTS, sun.io.unicode.encoding=UnicodeLittle, connection.url=jdbc:mysql://localhost:3307/cineexamen?useSSL=false&allowPublicKeyRetrieval=true, java.class.version=65.0}
2026-02-10 11:03:10.425 [main] DEBUG org.hibernate.internal.SessionFactoryImpl - Session factory constructed with filter configurations : {}
2026-02-10 11:03:10.470 [main] DEBUG org.hibernate.query.sqm.function.SqmFunctionRegistry - Registered SqmFunctionTemplate [NamedSqmFunctionTemplate(max)] under max; prior registration was null
2026-02-10 11:03:10.470 [main] DEBUG org.hibernate.query.sqm.function.SqmFunctionRegistry - Registered SqmFunctionTemplate [NamedSqmFunctionTemplate(min)] under min; prior registration was null
2026-02-10 11:03:10.470 [main] DEBUG org.hibernate.query.sqm.function.SqmFunctionRegistry - Registered SqmFunctionTemplate [NamedSqmFunctionTemplate(sum)] under sum; prior registration was null
2026-02-10 11:03:10.471 [main] DEBUG org.hibernate.query.sqm.function.SqmFunctionRegistry - Registered SqmFunctionTemplate [NamedSqmFunctionTemplate(avg)] under avg; prior registration was null
2026-02-10 11:03:10.473 [main] DEBUG org.hibernate.query.sqm.function.SqmFunctionRegistry - Registered SqmFunctionTemplate [org.hibernate.dialect.function.CountFunction@e111c7c] under count; prior registration was null
2026-02-10 11:03:10.473 [main] DEBUG org.hibernate.query.sqm.function.SqmFunctionRegistry - Registered SqmFunctionTemplate [org.hibernate.dialect.function.EveryAnyEmulation@76ececd] under every; prior registration was null
2026-02-10 11:03:10.474 [main] DEBUG org.hibernate.query.sqm.function.SqmFunctionRegistry - Registered SqmFunctionTemplate [org.hibernate.dialect.function.EveryAnyEmulation@7affc159] under any; prior registration was null
2026-02-10 11:03:10.474 [main] DEBUG org.hibernate.query.sqm.function.SqmFunctionRegistry - Registered SqmFunctionTemplate [NamedSqmFunctionTemplate(floor)] under floor; prior registration was null
2026-02-10 11:03:10.474 [main] DEBUG org.hibernate.query.sqm.function.SqmFunctionRegistry - Registered SqmFunctionTemplate [NamedSqmFunctionTemplate(ceiling)] under ceiling; prior registration was null
2026-02-10 11:03:10.474 [main] DEBUG org.hibernate.query.sqm.function.SqmFunctionRegistry - Registered SqmFunctionTemplate [NamedSqmFunctionTemplate(mod)] under mod; prior registration was null
2026-02-10 11:03:10.474 [main] DEBUG org.hibernate.query.sqm.function.SqmFunctionRegistry - Registered SqmFunctionTemplate [NamedSqmFunctionTemplate(abs)] under abs; prior registration was null
2026-02-10 11:03:10.474 [main] DEBUG org.hibernate.query.sqm.function.SqmFunctionRegistry - Registered SqmFunctionTemplate [NamedSqmFunctionTemplate(sign)] under sign; prior registration was null
2026-02-10 11:03:10.474 [main] DEBUG org.hibernate.query.sqm.function.SqmFunctionRegistry - Registered SqmFunctionTemplate [NamedSqmFunctionTemplate(sqrt)] under sqrt; prior registration was null
2026-02-10 11:03:10.474 [main] DEBUG org.hibernate.query.sqm.function.SqmFunctionRegistry - Registered SqmFunctionTemplate [NamedSqmFunctionTemplate(ln)] under ln; prior registration was null
2026-02-10 11:03:10.474 [main] DEBUG org.hibernate.query.sqm.function.SqmFunctionRegistry - Registered SqmFunctionTemplate [NamedSqmFunctionTemplate(exp)] under exp; prior registration was null
2026-02-10 11:03:10.474 [main] DEBUG org.hibernate.query.sqm.function.SqmFunctionRegistry - Registered SqmFunctionTemplate [NamedSqmFunctionTemplate(power)] under power; prior registration was null
2026-02-10 11:03:10.474 [main] DEBUG org.hibernate.query.sqm.function.SqmFunctionRegistry - Registered SqmFunctionTemplate [NamedSqmFunctionTemplate(round)] under round; prior registration was null
2026-02-10 11:03:10.474 [main] DEBUG org.hibernate.query.sqm.function.SqmFunctionRegistry - Registered SqmFunctionTemplate [NamedSqmFunctionTemplate(sin)] under sin; prior registration was null
2026-02-10 11:03:10.474 [main] DEBUG org.hibernate.query.sqm.function.SqmFunctionRegistry - Registered SqmFunctionTemplate [NamedSqmFunctionTemplate(cos)] under cos; prior registration was null
2026-02-10 11:03:10.474 [main] DEBUG org.hibernate.query.sqm.function.SqmFunctionRegistry - Registered SqmFunctionTemplate [NamedSqmFunctionTemplate(tan)] under tan; prior registration was null
2026-02-10 11:03:10.474 [main] DEBUG org.hibernate.query.sqm.function.SqmFunctionRegistry - Registered SqmFunctionTemplate [NamedSqmFunctionTemplate(asin)] under asin; prior registration was null
2026-02-10 11:03:10.474 [main] DEBUG org.hibernate.query.sqm.function.SqmFunctionRegistry - Registered SqmFunctionTemplate [NamedSqmFunctionTemplate(acos)] under acos; prior registration was null
2026-02-10 11:03:10.474 [main] DEBUG org.hibernate.query.sqm.function.SqmFunctionRegistry - Registered SqmFunctionTemplate [NamedSqmFunctionTemplate(atan)] under atan; prior registration was null
2026-02-10 11:03:10.474 [main] DEBUG org.hibernate.query.sqm.function.SqmFunctionRegistry - Registered SqmFunctionTemplate [NamedSqmFunctionTemplate(atan2)] under atan2; prior registration was null
2026-02-10 11:03:10.476 [main] DEBUG org.hibernate.query.sqm.function.SqmFunctionRegistry - Registered SqmFunctionTemplate [org.hibernate.query.sqm.function.PatternBasedSqmFunctionDescriptor@7d17ee50] under sinh; prior registration was null
2026-02-10 11:03:10.476 [main] DEBUG org.hibernate.query.sqm.function.SqmFunctionRegistry - Registered SqmFunctionTemplate [org.hibernate.query.sqm.function.PatternBasedSqmFunctionDescriptor@44fdce3c] under cosh; prior registration was null
2026-02-10 11:03:10.477 [main] DEBUG org.hibernate.query.sqm.function.SqmFunctionRegistry - Registered SqmFunctionTemplate [org.hibernate.query.sqm.function.PatternBasedSqmFunctionDescriptor@712c5463] under tanh; prior registration was null
2026-02-10 11:03:10.477 [main] DEBUG org.hibernate.query.sqm.function.SqmFunctionRegistry - Registered SqmFunctionTemplate [org.hibernate.query.sqm.function.PatternBasedSqmFunctionDescriptor@6d33a66e] under pi; prior registration was null
2026-02-10 11:03:10.477 [main] DEBUG org.hibernate.query.sqm.function.SqmFunctionRegistry - Registered SqmFunctionTemplate [org.hibernate.query.sqm.function.PatternBasedSqmFunctionDescriptor@2f14b0f6] under log; prior registration was null
2026-02-10 11:03:10.477 [main] DEBUG org.hibernate.query.sqm.function.SqmFunctionRegistry - Registered SqmFunctionTemplate [NamedSqmFunctionTemplate(coalesce)] under coalesce; prior registration was null
2026-02-10 11:03:10.477 [main] DEBUG org.hibernate.query.sqm.function.SqmFunctionRegistry - Registered SqmFunctionTemplate [NamedSqmFunctionTemplate(nullif)] under nullif; prior registration was null
2026-02-10 11:03:10.477 [main] DEBUG org.hibernate.query.sqm.function.SqmFunctionRegistry - Registered SqmFunctionTemplate [NamedSqmFunctionTemplate(left)] under left; prior registration was null
2026-02-10 11:03:10.477 [main] DEBUG org.hibernate.query.sqm.function.SqmFunctionRegistry - Registered SqmFunctionTemplate [NamedSqmFunctionTemplate(right)] under right; prior registration was null
2026-02-10 11:03:10.477 [main] DEBUG org.hibernate.query.sqm.function.SqmFunctionRegistry - Registered SqmFunctionTemplate [NamedSqmFunctionTemplate(replace)] under replace; prior registration was null
2026-02-10 11:03:10.477 [main] DEBUG org.hibernate.query.sqm.function.SqmFunctionRegistry - Registered SqmFunctionTemplate [NamedSqmFunctionTemplate(concat)] under concat; prior registration was null
2026-02-10 11:03:10.477 [main] DEBUG org.hibernate.query.sqm.function.SqmFunctionRegistry - Registered SqmFunctionTemplate [NamedSqmFunctionTemplate(lower)] under lower; prior registration was null
2026-02-10 11:03:10.477 [main] DEBUG org.hibernate.query.sqm.function.SqmFunctionRegistry - Registered SqmFunctionTemplate [NamedSqmFunctionTemplate(upper)] under upper; prior registration was null
2026-02-10 11:03:10.477 [main] DEBUG org.hibernate.query.sqm.function.SqmFunctionRegistry - Registered SqmFunctionTemplate [NamedSqmFunctionTemplate(substring)] under substring; prior registration was null
2026-02-10 11:03:10.478 [main] DEBUG org.hibernate.query.sqm.function.SqmFunctionRegistry - Registered SqmFunctionTemplate [NamedSqmFunctionTemplate(locate)] under locate; prior registration was null
2026-02-10 11:03:10.478 [main] DEBUG org.hibernate.query.sqm.function.SqmFunctionRegistry - Registered SqmFunctionTemplate [NamedSqmFunctionTemplate(character_length)] under character_length; prior registration was null
2026-02-10 11:03:10.478 [main] DEBUG org.hibernate.query.sqm.function.SqmFunctionRegistry - Registering alternate key : length -> character_length
2026-02-10 11:03:10.479 [main] DEBUG org.hibernate.query.sqm.function.SqmFunctionRegistry - Registered SqmFunctionTemplate [org.hibernate.dialect.function.LocatePositionEmulation@6e03db1f] under position; prior registration was null
2026-02-10 11:03:10.481 [main] DEBUG org.hibernate.query.sqm.function.SqmFunctionRegistry - Registered SqmFunctionTemplate [org.hibernate.dialect.function.InsertSubstringOverlayEmulation@55fee662] under overlay; prior registration was null
2026-02-10 11:03:10.482 [main] DEBUG org.hibernate.query.sqm.function.SqmFunctionRegistry - Registered SqmFunctionTemplate [org.hibernate.dialect.function.TrimFunction@479111ba] under trim; prior registration was null
2026-02-10 11:03:10.483 [main] DEBUG org.hibernate.query.sqm.function.SqmFunctionRegistry - Registered SqmFunctionTemplate [org.hibernate.dialect.function.CastFunction@7f4701b1] under cast; prior registration was null
2026-02-10 11:03:10.483 [main] DEBUG org.hibernate.query.sqm.function.SqmFunctionRegistry - Registered SqmFunctionTemplate [org.hibernate.query.sqm.function.PatternBasedSqmFunctionDescriptor@adcfad9] under collate; prior registration was null
2026-02-10 11:03:10.483 [main] DEBUG org.hibernate.query.sqm.function.SqmFunctionRegistry - Registered SqmFunctionTemplate [org.hibernate.dialect.function.ExtractFunction@10c47c79] under extract; prior registration was null
2026-02-10 11:03:10.484 [main] DEBUG org.hibernate.query.sqm.function.SqmFunctionRegistry - Registered SqmFunctionTemplate [NamedSqmFunctionTemplate(least)] under least; prior registration was null
2026-02-10 11:03:10.484 [main] DEBUG org.hibernate.query.sqm.function.SqmFunctionRegistry - Registered SqmFunctionTemplate [NamedSqmFunctionTemplate(greatest)] under greatest; prior registration was null
2026-02-10 11:03:10.484 [main] DEBUG org.hibernate.query.sqm.function.SqmFunctionRegistry - Registered SqmFunctionTemplate [org.hibernate.dialect.function.CoalesceIfnullEmulation@21b6c9c2] under ifnull; prior registration was null
2026-02-10 11:03:10.484 [main] DEBUG org.hibernate.query.sqm.function.SqmFunctionRegistry - Registered SqmFunctionTemplate [NamedSqmFunctionTemplate(lpad)] under lpad; prior registration was null
2026-02-10 11:03:10.484 [main] DEBUG org.hibernate.query.sqm.function.SqmFunctionRegistry - Registered SqmFunctionTemplate [NamedSqmFunctionTemplate(rpad)] under rpad; prior registration was null
2026-02-10 11:03:10.484 [main] DEBUG org.hibernate.query.sqm.function.SqmFunctionRegistry - Registered SqmFunctionTemplate [org.hibernate.dialect.function.LpadRpadPadEmulation@2c9a6717] under pad; prior registration was null
2026-02-10 11:03:10.485 [main] DEBUG org.hibernate.query.sqm.function.SqmFunctionRegistry - Registered SqmFunctionTemplate [org.hibernate.dialect.function.CastStrEmulation@3bb5ceb] under str; prior registration was null
2026-02-10 11:03:10.485 [main] DEBUG org.hibernate.query.sqm.function.SqmFunctionRegistry - Registered SqmFunctionTemplate [org.hibernate.dialect.function.FormatFunction@46039a21] under format; prior registration was null
2026-02-10 11:03:10.485 [main] DEBUG org.hibernate.query.sqm.function.SqmFunctionRegistry - Registered SqmFunctionTemplate [org.hibernate.dialect.function.TimestampaddFunction@682af059] under timestampadd; prior registration was null
2026-02-10 11:03:10.486 [main] DEBUG org.hibernate.query.sqm.function.SqmFunctionRegistry - Registered SqmFunctionTemplate [org.hibernate.dialect.function.TimestampdiffFunction@1d4fb213] under timestampdiff; prior registration was null
2026-02-10 11:03:10.486 [main] DEBUG org.hibernate.query.sqm.function.SqmFunctionRegistry - Registering alternate key : dateadd -> timestampadd
2026-02-10 11:03:10.486 [main] DEBUG org.hibernate.query.sqm.function.SqmFunctionRegistry - Registering alternate key : datediff -> timestampdiff
2026-02-10 11:03:10.486 [main] DEBUG org.hibernate.query.sqm.function.SqmFunctionRegistry - Registered SqmFunctionTemplate [org.hibernate.dialect.function.CurrentFunction@631cb129] under current_date; prior registration was null
2026-02-10 11:03:10.486 [main] DEBUG org.hibernate.query.sqm.function.SqmFunctionRegistry - Registered SqmFunctionTemplate [org.hibernate.dialect.function.CurrentFunction@3d20e575] under current_time; prior registration was null
2026-02-10 11:03:10.486 [main] DEBUG org.hibernate.query.sqm.function.SqmFunctionRegistry - Registered SqmFunctionTemplate [org.hibernate.dialect.function.CurrentFunction@3252747e] under current_timestamp; prior registration was null
2026-02-10 11:03:10.486 [main] DEBUG org.hibernate.query.sqm.function.SqmFunctionRegistry - Registering alternate key : current date -> current_date
2026-02-10 11:03:10.486 [main] DEBUG org.hibernate.query.sqm.function.SqmFunctionRegistry - Registering alternate key : current time -> current_time
2026-02-10 11:03:10.486 [main] DEBUG org.hibernate.query.sqm.function.SqmFunctionRegistry - Registering alternate key : current timestamp -> current_timestamp
2026-02-10 11:03:10.486 [main] DEBUG org.hibernate.query.sqm.function.SqmFunctionRegistry - Registered SqmFunctionTemplate [org.hibernate.dialect.function.CurrentFunction@2b4b96a4] under local_date; prior registration was null
2026-02-10 11:03:10.486 [main] DEBUG org.hibernate.query.sqm.function.SqmFunctionRegistry - Registered SqmFunctionTemplate [org.hibernate.dialect.function.CurrentFunction@2dd8ff1d] under local_time; prior registration was null
2026-02-10 11:03:10.486 [main] DEBUG org.hibernate.query.sqm.function.SqmFunctionRegistry - Registered SqmFunctionTemplate [org.hibernate.dialect.function.CurrentFunction@17e9bc9e] under local_datetime; prior registration was null
2026-02-10 11:03:10.486 [main] DEBUG org.hibernate.query.sqm.function.SqmFunctionRegistry - Registered SqmFunctionTemplate [org.hibernate.dialect.function.CurrentFunction@36b9cb99] under offset_datetime; prior registration was null
2026-02-10 11:03:10.486 [main] DEBUG org.hibernate.query.sqm.function.SqmFunctionRegistry - Registering alternate key : local date -> local_date
2026-02-10 11:03:10.486 [main] DEBUG org.hibernate.query.sqm.function.SqmFunctionRegistry - Registering alternate key : local time -> local_time
2026-02-10 11:03:10.486 [main] DEBUG org.hibernate.query.sqm.function.SqmFunctionRegistry - Registering alternate key : local datetime -> local_datetime
2026-02-10 11:03:10.486 [main] DEBUG org.hibernate.query.sqm.function.SqmFunctionRegistry - Registering alternate key : offset datetime -> offset_datetime
2026-02-10 11:03:10.486 [main] DEBUG org.hibernate.query.sqm.function.SqmFunctionRegistry - Registered SqmFunctionTemplate [org.hibernate.dialect.function.CurrentFunction@4130955c] under instant; prior registration was null
2026-02-10 11:03:10.486 [main] DEBUG org.hibernate.query.sqm.function.SqmFunctionRegistry - Registering alternate key : current_instant -> instant
2026-02-10 11:03:10.486 [main] DEBUG org.hibernate.query.sqm.function.SqmFunctionRegistry - Registered SqmFunctionTemplate [org.hibernate.dialect.function.SqlFunction@4ceff87d] under sql; prior registration was null
2026-02-10 11:03:10.487 [main] DEBUG org.hibernate.query.sqm.function.SqmFunctionRegistry - Registered SqmFunctionTemplate [NamedSqmFunctionTemplate(soundex)] under soundex; prior registration was null
2026-02-10 11:03:10.487 [main] DEBUG org.hibernate.query.sqm.function.SqmFunctionRegistry - Registered SqmFunctionTemplate [NamedSqmFunctionTemplate(radians)] under radians; prior registration was null
2026-02-10 11:03:10.487 [main] DEBUG org.hibernate.query.sqm.function.SqmFunctionRegistry - Registered SqmFunctionTemplate [NamedSqmFunctionTemplate(degrees)] under degrees; prior registration was null
2026-02-10 11:03:10.487 [main] DEBUG org.hibernate.query.sqm.function.SqmFunctionRegistry - Registered SqmFunctionTemplate [NamedSqmFunctionTemplate(cot)] under cot; prior registration was null
2026-02-10 11:03:10.487 [main] DEBUG org.hibernate.query.sqm.function.SqmFunctionRegistry - Registered SqmFunctionTemplate [NamedSqmFunctionTemplate(log)] under log; prior registration was org.hibernate.query.sqm.function.PatternBasedSqmFunctionDescriptor@2f14b0f6
2026-02-10 11:03:10.487 [main] DEBUG org.hibernate.query.sqm.function.SqmFunctionRegistry - Registered SqmFunctionTemplate [NamedSqmFunctionTemplate(log2)] under log2; prior registration was null
2026-02-10 11:03:10.487 [main] DEBUG org.hibernate.query.sqm.function.SqmFunctionRegistry - Registered SqmFunctionTemplate [NamedSqmFunctionTemplate(log10)] under log10; prior registration was null
2026-02-10 11:03:10.487 [main] DEBUG org.hibernate.query.sqm.function.SqmFunctionRegistry - Registered SqmFunctionTemplate [NamedSqmFunctionTemplate(ltrim)] under ltrim; prior registration was null
2026-02-10 11:03:10.487 [main] DEBUG org.hibernate.query.sqm.function.SqmFunctionRegistry - Registered SqmFunctionTemplate [NamedSqmFunctionTemplate(rtrim)] under rtrim; prior registration was null
2026-02-10 11:03:10.487 [main] DEBUG org.hibernate.query.sqm.function.SqmFunctionRegistry - Registered SqmFunctionTemplate [NamedSqmFunctionTemplate(octet_length)] under octet_length; prior registration was null
2026-02-10 11:03:10.487 [main] DEBUG org.hibernate.query.sqm.function.SqmFunctionRegistry - Registered SqmFunctionTemplate [NamedSqmFunctionTemplate(reverse)] under reverse; prior registration was null
2026-02-10 11:03:10.487 [main] DEBUG org.hibernate.query.sqm.function.SqmFunctionRegistry - Registered SqmFunctionTemplate [NamedSqmFunctionTemplate(space)] under space; prior registration was null
2026-02-10 11:03:10.487 [main] DEBUG org.hibernate.query.sqm.function.SqmFunctionRegistry - Registered SqmFunctionTemplate [NamedSqmFunctionTemplate(repeat)] under repeat; prior registration was null
2026-02-10 11:03:10.487 [main] DEBUG org.hibernate.query.sqm.function.SqmFunctionRegistry - Registered SqmFunctionTemplate [org.hibernate.query.sqm.function.MultipatternSqmFunctionDescriptor@1668919e] under lpad; prior registration was NamedSqmFunctionTemplate(lpad)
2026-02-10 11:03:10.487 [main] DEBUG org.hibernate.query.sqm.function.SqmFunctionRegistry - Registered SqmFunctionTemplate [org.hibernate.query.sqm.function.MultipatternSqmFunctionDescriptor@63300c4b] under rpad; prior registration was NamedSqmFunctionTemplate(rpad)
2026-02-10 11:03:10.487 [main] DEBUG org.hibernate.query.sqm.function.SqmFunctionRegistry - Registered SqmFunctionTemplate [NamedSqmFunctionTemplate(md5)] under md5; prior registration was null
2026-02-10 11:03:10.487 [main] DEBUG org.hibernate.query.sqm.function.SqmFunctionRegistry - Registered SqmFunctionTemplate [NamedSqmFunctionTemplate(day)] under day; prior registration was null
2026-02-10 11:03:10.487 [main] DEBUG org.hibernate.query.sqm.function.SqmFunctionRegistry - Registered SqmFunctionTemplate [NamedSqmFunctionTemplate(month)] under month; prior registration was null
2026-02-10 11:03:10.487 [main] DEBUG org.hibernate.query.sqm.function.SqmFunctionRegistry - Registered SqmFunctionTemplate [NamedSqmFunctionTemplate(year)] under year; prior registration was null
2026-02-10 11:03:10.487 [main] DEBUG org.hibernate.query.sqm.function.SqmFunctionRegistry - Registered SqmFunctionTemplate [NamedSqmFunctionTemplate(hour)] under hour; prior registration was null
2026-02-10 11:03:10.487 [main] DEBUG org.hibernate.query.sqm.function.SqmFunctionRegistry - Registered SqmFunctionTemplate [NamedSqmFunctionTemplate(minute)] under minute; prior registration was null
2026-02-10 11:03:10.487 [main] DEBUG org.hibernate.query.sqm.function.SqmFunctionRegistry - Registered SqmFunctionTemplate [NamedSqmFunctionTemplate(second)] under second; prior registration was null
2026-02-10 11:03:10.487 [main] DEBUG org.hibernate.query.sqm.function.SqmFunctionRegistry - Registered SqmFunctionTemplate [NamedSqmFunctionTemplate(microsecond)] under microsecond; prior registration was null
2026-02-10 11:03:10.487 [main] DEBUG org.hibernate.query.sqm.function.SqmFunctionRegistry - Registered SqmFunctionTemplate [NamedSqmFunctionTemplate(dayofweek)] under dayofweek; prior registration was null
2026-02-10 11:03:10.487 [main] DEBUG org.hibernate.query.sqm.function.SqmFunctionRegistry - Registered SqmFunctionTemplate [NamedSqmFunctionTemplate(dayofmonth)] under dayofmonth; prior registration was null
2026-02-10 11:03:10.488 [main] DEBUG org.hibernate.query.sqm.function.SqmFunctionRegistry - Registering alternate key : day -> dayofmonth
2026-02-10 11:03:10.488 [main] DEBUG org.hibernate.query.sqm.function.SqmFunctionRegistry - Registered SqmFunctionTemplate [NamedSqmFunctionTemplate(dayofyear)] under dayofyear; prior registration was null
2026-02-10 11:03:10.488 [main] DEBUG org.hibernate.query.sqm.function.SqmFunctionRegistry - Registered SqmFunctionTemplate [NamedSqmFunctionTemplate(week)] under week; prior registration was null
2026-02-10 11:03:10.488 [main] DEBUG org.hibernate.query.sqm.function.SqmFunctionRegistry - Registered SqmFunctionTemplate [NamedSqmFunctionTemplate(quarter)] under quarter; prior registration was null
2026-02-10 11:03:10.488 [main] DEBUG org.hibernate.query.sqm.function.SqmFunctionRegistry - Registered SqmFunctionTemplate [NamedSqmFunctionTemplate(monthname)] under monthname; prior registration was null
2026-02-10 11:03:10.488 [main] DEBUG org.hibernate.query.sqm.function.SqmFunctionRegistry - Registered SqmFunctionTemplate [NamedSqmFunctionTemplate(dayname)] under dayname; prior registration was null
2026-02-10 11:03:10.488 [main] DEBUG org.hibernate.query.sqm.function.SqmFunctionRegistry - Registered SqmFunctionTemplate [NamedSqmFunctionTemplate(last_day)] under last_day; prior registration was null
2026-02-10 11:03:10.488 [main] DEBUG org.hibernate.query.sqm.function.SqmFunctionRegistry - Registered SqmFunctionTemplate [NamedSqmFunctionTemplate(date)] under date; prior registration was null
2026-02-10 11:03:10.488 [main] DEBUG org.hibernate.query.sqm.function.SqmFunctionRegistry - Registered SqmFunctionTemplate [NamedSqmFunctionTemplate(timestamp)] under timestamp; prior registration was null
2026-02-10 11:03:10.488 [main] DEBUG org.hibernate.query.sqm.function.SqmFunctionRegistry - Registered SqmFunctionTemplate [NamedSqmFunctionTemplate(time)] under time; prior registration was null
2026-02-10 11:03:10.488 [main] DEBUG org.hibernate.query.sqm.function.SqmFunctionRegistry - Registered SqmFunctionTemplate [NamedSqmFunctionTemplate(utc_date)] under utc_date; prior registration was null
2026-02-10 11:03:10.488 [main] DEBUG org.hibernate.query.sqm.function.SqmFunctionRegistry - Registered SqmFunctionTemplate [NamedSqmFunctionTemplate(utc_time)] under utc_time; prior registration was null
2026-02-10 11:03:10.488 [main] DEBUG org.hibernate.query.sqm.function.SqmFunctionRegistry - Registered SqmFunctionTemplate [NamedSqmFunctionTemplate(utc_timestamp)] under utc_timestamp; prior registration was null
2026-02-10 11:03:10.488 [main] DEBUG org.hibernate.query.sqm.function.SqmFunctionRegistry - Registered SqmFunctionTemplate [NamedSqmFunctionTemplate(rand)] under rand; prior registration was null
2026-02-10 11:03:10.488 [main] DEBUG org.hibernate.query.sqm.function.SqmFunctionRegistry - Registered SqmFunctionTemplate [NamedSqmFunctionTemplate(crc32)] under crc32; prior registration was null
2026-02-10 11:03:10.488 [main] DEBUG org.hibernate.query.sqm.function.SqmFunctionRegistry - Registered SqmFunctionTemplate [NamedSqmFunctionTemplate(sha1)] under sha1; prior registration was null
2026-02-10 11:03:10.488 [main] DEBUG org.hibernate.query.sqm.function.SqmFunctionRegistry - Registered SqmFunctionTemplate [NamedSqmFunctionTemplate(sha2)] under sha2; prior registration was null
2026-02-10 11:03:10.488 [main] DEBUG org.hibernate.query.sqm.function.SqmFunctionRegistry - Registered SqmFunctionTemplate [NamedSqmFunctionTemplate(sha)] under sha; prior registration was null
2026-02-10 11:03:10.488 [main] DEBUG org.hibernate.query.sqm.function.SqmFunctionRegistry - Registered SqmFunctionTemplate [NamedSqmFunctionTemplate(bit_length)] under bit_length; prior registration was null
2026-02-10 11:03:10.488 [main] DEBUG org.hibernate.query.sqm.function.SqmFunctionRegistry - Registered SqmFunctionTemplate [NamedSqmFunctionTemplate(octet_length)] under octet_length; prior registration was NamedSqmFunctionTemplate(octet_length)
2026-02-10 11:03:10.488 [main] DEBUG org.hibernate.query.sqm.function.SqmFunctionRegistry - Registered SqmFunctionTemplate [NamedSqmFunctionTemplate(ascii)] under ascii; prior registration was null
2026-02-10 11:03:10.489 [main] DEBUG org.hibernate.query.sqm.function.SqmFunctionRegistry - Registered SqmFunctionTemplate [NamedSqmFunctionTemplate(instr)] under instr; prior registration was null
2026-02-10 11:03:10.489 [main] DEBUG org.hibernate.query.sqm.function.SqmFunctionRegistry - Registered SqmFunctionTemplate [NamedSqmFunctionTemplate(substr)] under substr; prior registration was null
2026-02-10 11:03:10.489 [main] DEBUG org.hibernate.query.sqm.function.SqmFunctionRegistry - Registered SqmFunctionTemplate [org.hibernate.query.sqm.function.PatternBasedSqmFunctionDescriptor@22c53d82] under position; prior registration was org.hibernate.dialect.function.LocatePositionEmulation@6e03db1f
2026-02-10 11:03:10.489 [main] DEBUG org.hibernate.query.sqm.function.SqmFunctionRegistry - Registered SqmFunctionTemplate [NamedSqmFunctionTemplate(curtime)] under curtime; prior registration was null
2026-02-10 11:03:10.489 [main] DEBUG org.hibernate.query.sqm.function.SqmFunctionRegistry - Registered SqmFunctionTemplate [NamedSqmFunctionTemplate(curdate)] under curdate; prior registration was null
2026-02-10 11:03:10.489 [main] DEBUG org.hibernate.query.sqm.function.SqmFunctionRegistry - Registered SqmFunctionTemplate [NamedSqmFunctionTemplate(now)] under now; prior registration was null
2026-02-10 11:03:10.492 [main] DEBUG org.hibernate.query.sqm.function.SqmFunctionRegistry - Registered SqmFunctionTemplate [org.hibernate.dialect.function.TruncFunction@798256c5] under trunc; prior registration was null
2026-02-10 11:03:10.492 [main] DEBUG org.hibernate.query.sqm.function.SqmFunctionRegistry - Registering alternate key : truncate -> trunc
2026-02-10 11:03:10.492 [main] DEBUG org.hibernate.query.sqm.function.SqmFunctionRegistry - Registered SqmFunctionTemplate [NamedSqmFunctionTemplate(insert)] under insert; prior registration was null
2026-02-10 11:03:10.492 [main] DEBUG org.hibernate.query.sqm.function.SqmFunctionRegistry - Registered SqmFunctionTemplate [org.hibernate.query.sqm.function.PatternBasedSqmFunctionDescriptor@7ec95456] under bitand; prior registration was null
2026-02-10 11:03:10.492 [main] DEBUG org.hibernate.query.sqm.function.SqmFunctionRegistry - Registered SqmFunctionTemplate [org.hibernate.query.sqm.function.PatternBasedSqmFunctionDescriptor@748a654a] under bitor; prior registration was null
2026-02-10 11:03:10.492 [main] DEBUG org.hibernate.query.sqm.function.SqmFunctionRegistry - Registered SqmFunctionTemplate [org.hibernate.query.sqm.function.PatternBasedSqmFunctionDescriptor@1d8b0500] under bitxor; prior registration was null
2026-02-10 11:03:10.492 [main] DEBUG org.hibernate.query.sqm.function.SqmFunctionRegistry - Registered SqmFunctionTemplate [org.hibernate.query.sqm.function.PatternBasedSqmFunctionDescriptor@76544c0a] under bitnot; prior registration was null
2026-02-10 11:03:10.492 [main] DEBUG org.hibernate.query.sqm.function.SqmFunctionRegistry - Registered SqmFunctionTemplate [NamedSqmFunctionTemplate(bit_and)] under bit_and; prior registration was null
2026-02-10 11:03:10.492 [main] DEBUG org.hibernate.query.sqm.function.SqmFunctionRegistry - Registered SqmFunctionTemplate [NamedSqmFunctionTemplate(bit_or)] under bit_or; prior registration was null
2026-02-10 11:03:10.492 [main] DEBUG org.hibernate.query.sqm.function.SqmFunctionRegistry - Registered SqmFunctionTemplate [NamedSqmFunctionTemplate(stddev)] under stddev; prior registration was null
2026-02-10 11:03:10.492 [main] DEBUG org.hibernate.query.sqm.function.SqmFunctionRegistry - Registered SqmFunctionTemplate [NamedSqmFunctionTemplate(stddev_pop)] under stddev_pop; prior registration was null
2026-02-10 11:03:10.493 [main] DEBUG org.hibernate.query.sqm.function.SqmFunctionRegistry - Registered SqmFunctionTemplate [NamedSqmFunctionTemplate(stddev_samp)] under stddev_samp; prior registration was null
2026-02-10 11:03:10.493 [main] DEBUG org.hibernate.query.sqm.function.SqmFunctionRegistry - Registered SqmFunctionTemplate [NamedSqmFunctionTemplate(variance)] under variance; prior registration was null
2026-02-10 11:03:10.493 [main] DEBUG org.hibernate.query.sqm.function.SqmFunctionRegistry - Registered SqmFunctionTemplate [NamedSqmFunctionTemplate(var_pop)] under var_pop; prior registration was null
2026-02-10 11:03:10.493 [main] DEBUG org.hibernate.query.sqm.function.SqmFunctionRegistry - Registered SqmFunctionTemplate [NamedSqmFunctionTemplate(var_samp)] under var_samp; prior registration was null
2026-02-10 11:03:10.493 [main] DEBUG org.hibernate.query.sqm.function.SqmFunctionRegistry - Registered SqmFunctionTemplate [NamedSqmFunctionTemplate(datediff)] under datediff; prior registration was null
2026-02-10 11:03:10.493 [main] DEBUG org.hibernate.query.sqm.function.SqmFunctionRegistry - Registered SqmFunctionTemplate [NamedSqmFunctionTemplate(adddate)] under adddate; prior registration was null
2026-02-10 11:03:10.493 [main] DEBUG org.hibernate.query.sqm.function.SqmFunctionRegistry - Registered SqmFunctionTemplate [NamedSqmFunctionTemplate(subdate)] under subdate; prior registration was null
2026-02-10 11:03:10.493 [main] DEBUG org.hibernate.query.sqm.function.SqmFunctionRegistry - Registered SqmFunctionTemplate [NamedSqmFunctionTemplate(addtime)] under addtime; prior registration was null
2026-02-10 11:03:10.493 [main] DEBUG org.hibernate.query.sqm.function.SqmFunctionRegistry - Registered SqmFunctionTemplate [NamedSqmFunctionTemplate(subtime)] under subtime; prior registration was null
2026-02-10 11:03:10.493 [main] DEBUG org.hibernate.query.sqm.function.SqmFunctionRegistry - Registered SqmFunctionTemplate [org.hibernate.dialect.function.FormatFunction@428bdd72] under format; prior registration was org.hibernate.dialect.function.FormatFunction@46039a21
2026-02-10 11:03:10.493 [main] DEBUG org.hibernate.query.sqm.function.SqmFunctionRegistry - Registered SqmFunctionTemplate [NamedSqmFunctionTemplate(makedate)] under makedate; prior registration was null
2026-02-10 11:03:10.493 [main] DEBUG org.hibernate.query.sqm.function.SqmFunctionRegistry - Registered SqmFunctionTemplate [NamedSqmFunctionTemplate(maketime)] under maketime; prior registration was null
2026-02-10 11:03:10.493 [main] DEBUG org.hibernate.query.sqm.function.SqmFunctionRegistry - Registered SqmFunctionTemplate [NamedSqmFunctionTemplate(localtime)] under localtime; prior registration was null
2026-02-10 11:03:10.493 [main] DEBUG org.hibernate.query.sqm.function.SqmFunctionRegistry - Registered SqmFunctionTemplate [NamedSqmFunctionTemplate(localtimestamp)] under localtimestamp; prior registration was null
2026-02-10 11:03:10.493 [main] DEBUG org.hibernate.query.sqm.function.SqmFunctionRegistry - Registered SqmFunctionTemplate [NamedSqmFunctionTemplate(localtime)] under local_time; prior registration was org.hibernate.dialect.function.CurrentFunction@2dd8ff1d
2026-02-10 11:03:10.493 [main] DEBUG org.hibernate.query.sqm.function.SqmFunctionRegistry - Registered SqmFunctionTemplate [NamedSqmFunctionTemplate(localtimestamp)] under local_datetime; prior registration was org.hibernate.dialect.function.CurrentFunction@17e9bc9e
2026-02-10 11:03:10.493 [main] DEBUG org.hibernate.query.sqm.function.SqmFunctionRegistry - Registered SqmFunctionTemplate [NamedSqmFunctionTemplate(localtime)] under localtime; prior registration was NamedSqmFunctionTemplate(localtime)
2026-02-10 11:03:10.493 [main] DEBUG org.hibernate.query.sqm.function.SqmFunctionRegistry - Registered SqmFunctionTemplate [org.hibernate.query.sqm.function.PatternBasedSqmFunctionDescriptor@650c405c] under pi; prior registration was org.hibernate.query.sqm.function.PatternBasedSqmFunctionDescriptor@6d33a66e
2026-02-10 11:03:10.493 [main] DEBUG org.hibernate.query.sqm.function.SqmFunctionRegistry - Registered SqmFunctionTemplate [org.hibernate.query.sqm.function.PatternBasedSqmFunctionDescriptor@20eaeaf8] under chr; prior registration was null
2026-02-10 11:03:10.493 [main] DEBUG org.hibernate.query.sqm.function.SqmFunctionRegistry - Registering alternate key : char -> chr
2026-02-10 11:03:10.493 [main] DEBUG org.hibernate.query.sqm.function.SqmFunctionRegistry - Registered SqmFunctionTemplate [org.hibernate.query.sqm.function.PatternBasedSqmFunctionDescriptor@748ac6f3] under sysdate; prior registration was null
2026-02-10 11:03:10.493 [main] DEBUG org.hibernate.query.sqm.function.SqmFunctionRegistry - Registered SqmFunctionTemplate [NamedSqmFunctionTemplate(row_number)] under row_number; prior registration was null
2026-02-10 11:03:10.493 [main] DEBUG org.hibernate.query.sqm.function.SqmFunctionRegistry - Registered SqmFunctionTemplate [NamedSqmFunctionTemplate(lag)] under lag; prior registration was null
2026-02-10 11:03:10.494 [main] DEBUG org.hibernate.query.sqm.function.SqmFunctionRegistry - Registered SqmFunctionTemplate [NamedSqmFunctionTemplate(lead)] under lead; prior registration was null
2026-02-10 11:03:10.494 [main] DEBUG org.hibernate.query.sqm.function.SqmFunctionRegistry - Registered SqmFunctionTemplate [NamedSqmFunctionTemplate(first_value)] under first_value; prior registration was null
2026-02-10 11:03:10.494 [main] DEBUG org.hibernate.query.sqm.function.SqmFunctionRegistry - Registered SqmFunctionTemplate [NamedSqmFunctionTemplate(last_value)] under last_value; prior registration was null
2026-02-10 11:03:10.494 [main] DEBUG org.hibernate.query.sqm.function.SqmFunctionRegistry - Registered SqmFunctionTemplate [NamedSqmFunctionTemplate(nth_value)] under nth_value; prior registration was null
2026-02-10 11:03:10.495 [main] DEBUG org.hibernate.query.sqm.function.SqmFunctionRegistry - Registered SqmFunctionTemplate [org.hibernate.dialect.function.HypotheticalSetWindowEmulation@43c57161] under rank; prior registration was null
2026-02-10 11:03:10.495 [main] DEBUG org.hibernate.query.sqm.function.SqmFunctionRegistry - Registered SqmFunctionTemplate [org.hibernate.dialect.function.HypotheticalSetWindowEmulation@d902300] under dense_rank; prior registration was null
2026-02-10 11:03:10.495 [main] DEBUG org.hibernate.query.sqm.function.SqmFunctionRegistry - Registered SqmFunctionTemplate [org.hibernate.dialect.function.HypotheticalSetWindowEmulation@2db33feb] under percent_rank; prior registration was null
2026-02-10 11:03:10.495 [main] DEBUG org.hibernate.query.sqm.function.SqmFunctionRegistry - Registered SqmFunctionTemplate [org.hibernate.dialect.function.HypotheticalSetWindowEmulation@30c3ae63] under cume_dist; prior registration was null
2026-02-10 11:03:10.495 [main] DEBUG org.hibernate.query.sqm.function.SqmFunctionRegistry - Registered SqmFunctionTemplate [org.hibernate.dialect.function.ListaggGroupConcatEmulation@4d84049a] under listagg; prior registration was null
2026-02-10 11:03:10.497 [main] DEBUG org.hibernate.HQL_FUNCTIONS - abs(NUMERIC arg)
2026-02-10 11:03:10.497 [main] DEBUG org.hibernate.HQL_FUNCTIONS - Double acos(NUMERIC arg)
2026-02-10 11:03:10.497 [main] DEBUG org.hibernate.HQL_FUNCTIONS - adddate(DATE datetime, INTEGER days)
2026-02-10 11:03:10.497 [main] DEBUG org.hibernate.HQL_FUNCTIONS - addtime(TIME datetime, TIME time)
2026-02-10 11:03:10.497 [main] DEBUG org.hibernate.HQL_FUNCTIONS - Boolean any(BOOLEAN arg)
2026-02-10 11:03:10.497 [main] DEBUG org.hibernate.HQL_FUNCTIONS - Integer ascii(STRING arg)
2026-02-10 11:03:10.497 [main] DEBUG org.hibernate.HQL_FUNCTIONS - Double asin(NUMERIC arg)
2026-02-10 11:03:10.497 [main] DEBUG org.hibernate.HQL_FUNCTIONS - Double atan(NUMERIC arg)
2026-02-10 11:03:10.497 [main] DEBUG org.hibernate.HQL_FUNCTIONS - Double atan2(NUMERIC arg0, NUMERIC arg1)
2026-02-10 11:03:10.497 [main] DEBUG org.hibernate.HQL_FUNCTIONS - avg(arg)
2026-02-10 11:03:10.497 [main] DEBUG org.hibernate.HQL_FUNCTIONS - bit_and(arg)
2026-02-10 11:03:10.497 [main] DEBUG org.hibernate.HQL_FUNCTIONS - Integer bit_length(STRING_OR_CLOB arg)
2026-02-10 11:03:10.497 [main] DEBUG org.hibernate.HQL_FUNCTIONS - bit_or(arg)
2026-02-10 11:03:10.497 [main] DEBUG org.hibernate.HQL_FUNCTIONS - bitand(arg0, arg1)
2026-02-10 11:03:10.497 [main] DEBUG org.hibernate.HQL_FUNCTIONS - bitnot(arg)
2026-02-10 11:03:10.497 [main] DEBUG org.hibernate.HQL_FUNCTIONS - bitor(arg0, arg1)
2026-02-10 11:03:10.497 [main] DEBUG org.hibernate.HQL_FUNCTIONS - bitxor(arg0, arg1)
2026-02-10 11:03:10.497 [main] DEBUG org.hibernate.HQL_FUNCTIONS - cast(arg as Type)
2026-02-10 11:03:10.497 [main] DEBUG org.hibernate.HQL_FUNCTIONS - ceiling(NUMERIC arg)
2026-02-10 11:03:10.497 [main] DEBUG org.hibernate.HQL_FUNCTIONS - Character char(INTEGER arg)
2026-02-10 11:03:10.497 [main] DEBUG org.hibernate.HQL_FUNCTIONS - Integer character_length(STRING_OR_CLOB arg)
2026-02-10 11:03:10.497 [main] DEBUG org.hibernate.HQL_FUNCTIONS - Character chr(INTEGER arg)
2026-02-10 11:03:10.497 [main] DEBUG org.hibernate.HQL_FUNCTIONS - coalesce(arg0[, arg1[, ...]])
2026-02-10 11:03:10.497 [main] DEBUG org.hibernate.HQL_FUNCTIONS - String collate(STRING string as COLLATION collation)
2026-02-10 11:03:10.497 [main] DEBUG org.hibernate.HQL_FUNCTIONS - String concat(STRING string0[, STRING string1[, ...]])
2026-02-10 11:03:10.497 [main] DEBUG org.hibernate.HQL_FUNCTIONS - Double cos(NUMERIC arg)
2026-02-10 11:03:10.497 [main] DEBUG org.hibernate.HQL_FUNCTIONS - Double cosh(NUMERIC arg)
2026-02-10 11:03:10.498 [main] DEBUG org.hibernate.HQL_FUNCTIONS - Double cot(NUMERIC arg)
2026-02-10 11:03:10.498 [main] DEBUG org.hibernate.HQL_FUNCTIONS - Long count([distinct ]{arg|*})
2026-02-10 11:03:10.498 [main] DEBUG org.hibernate.HQL_FUNCTIONS - Integer crc32(arg)
2026-02-10 11:03:10.498 [main] DEBUG org.hibernate.HQL_FUNCTIONS - Double cume_dist([arg0[, ...]])
2026-02-10 11:03:10.498 [main] DEBUG org.hibernate.HQL_FUNCTIONS - Date curdate()
2026-02-10 11:03:10.498 [main] DEBUG org.hibernate.HQL_FUNCTIONS - Date current date
2026-02-10 11:03:10.498 [main] DEBUG org.hibernate.HQL_FUNCTIONS - Time current time
2026-02-10 11:03:10.498 [main] DEBUG org.hibernate.HQL_FUNCTIONS - Timestamp current timestamp
2026-02-10 11:03:10.498 [main] DEBUG org.hibernate.HQL_FUNCTIONS - Date current_date
2026-02-10 11:03:10.498 [main] DEBUG org.hibernate.HQL_FUNCTIONS - Instant current_instant
2026-02-10 11:03:10.498 [main] DEBUG org.hibernate.HQL_FUNCTIONS - Time current_time
2026-02-10 11:03:10.498 [main] DEBUG org.hibernate.HQL_FUNCTIONS - Timestamp current_timestamp
2026-02-10 11:03:10.498 [main] DEBUG org.hibernate.HQL_FUNCTIONS - Time curtime()
2026-02-10 11:03:10.498 [main] DEBUG org.hibernate.HQL_FUNCTIONS - Date date(arg)
2026-02-10 11:03:10.498 [main] DEBUG org.hibernate.HQL_FUNCTIONS - dateadd(TEMPORAL_UNIT field, INTEGER magnitude, TEMPORAL datetime)
2026-02-10 11:03:10.498 [main] DEBUG org.hibernate.HQL_FUNCTIONS - Integer datediff(DATE end, DATE start)
2026-02-10 11:03:10.498 [main] DEBUG org.hibernate.HQL_FUNCTIONS - Integer day(DATE arg)
2026-02-10 11:03:10.498 [main] DEBUG org.hibernate.HQL_FUNCTIONS - String dayname(DATE arg)
2026-02-10 11:03:10.498 [main] DEBUG org.hibernate.HQL_FUNCTIONS - Integer dayofmonth(DATE arg)
2026-02-10 11:03:10.498 [main] DEBUG org.hibernate.HQL_FUNCTIONS - Integer dayofweek(DATE arg)
2026-02-10 11:03:10.498 [main] DEBUG org.hibernate.HQL_FUNCTIONS - Integer dayofyear(DATE arg)
2026-02-10 11:03:10.498 [main] DEBUG org.hibernate.HQL_FUNCTIONS - Double degrees(NUMERIC arg)
2026-02-10 11:03:10.498 [main] DEBUG org.hibernate.HQL_FUNCTIONS - Long dense_rank([arg0[, ...]])
2026-02-10 11:03:10.498 [main] DEBUG org.hibernate.HQL_FUNCTIONS - Boolean every(BOOLEAN arg)
2026-02-10 11:03:10.498 [main] DEBUG org.hibernate.HQL_FUNCTIONS - Double exp(NUMERIC arg)
2026-02-10 11:03:10.498 [main] DEBUG org.hibernate.HQL_FUNCTIONS - extract(TEMPORAL_UNIT field from TEMPORAL arg)
2026-02-10 11:03:10.498 [main] DEBUG org.hibernate.HQL_FUNCTIONS - first_valueANY value
2026-02-10 11:03:10.498 [main] DEBUG org.hibernate.HQL_FUNCTIONS - floor(NUMERIC arg)
2026-02-10 11:03:10.498 [main] DEBUG org.hibernate.HQL_FUNCTIONS - String format(TEMPORAL datetime as STRING pattern)
2026-02-10 11:03:10.498 [main] DEBUG org.hibernate.HQL_FUNCTIONS - greatest(COMPARABLE arg0, COMPARABLE arg1[, arg2[, ...]])
2026-02-10 11:03:10.498 [main] DEBUG org.hibernate.HQL_FUNCTIONS - Integer hour(TIME arg)
2026-02-10 11:03:10.498 [main] DEBUG org.hibernate.HQL_FUNCTIONS - ifnull(arg0, arg1)
2026-02-10 11:03:10.498 [main] DEBUG org.hibernate.HQL_FUNCTIONS - String insert(STRING string, INTEGER start, INTEGER length, STRING replacement)
2026-02-10 11:03:10.498 [main] DEBUG org.hibernate.HQL_FUNCTIONS - Instant instant
2026-02-10 11:03:10.498 [main] DEBUG org.hibernate.HQL_FUNCTIONS - Integer instr(STRING string, STRING pattern[, INTEGER start[, INTEGER occurrence]])
2026-02-10 11:03:10.498 [main] DEBUG org.hibernate.HQL_FUNCTIONS - lagANY value[, INTEGER offset[, ANY default]]
2026-02-10 11:03:10.498 [main] DEBUG org.hibernate.HQL_FUNCTIONS - Date last_day(DATE arg)
2026-02-10 11:03:10.498 [main] DEBUG org.hibernate.HQL_FUNCTIONS - last_valueANY value
2026-02-10 11:03:10.498 [main] DEBUG org.hibernate.HQL_FUNCTIONS - leadANY value[, INTEGER offset[, ANY default]]
2026-02-10 11:03:10.498 [main] DEBUG org.hibernate.HQL_FUNCTIONS - least(COMPARABLE arg0, COMPARABLE arg1[, arg2[, ...]])
2026-02-10 11:03:10.498 [main] DEBUG org.hibernate.HQL_FUNCTIONS - String left(STRING string, INTEGER length)
2026-02-10 11:03:10.498 [main] DEBUG org.hibernate.HQL_FUNCTIONS - Integer length(STRING_OR_CLOB arg)
2026-02-10 11:03:10.498 [main] DEBUG org.hibernate.HQL_FUNCTIONS - String listagg(STRING arg0, STRING arg1)
2026-02-10 11:03:10.498 [main] DEBUG org.hibernate.HQL_FUNCTIONS - Double ln(NUMERIC arg)
2026-02-10 11:03:10.498 [main] DEBUG org.hibernate.HQL_FUNCTIONS - LocalDate local date
2026-02-10 11:03:10.498 [main] DEBUG org.hibernate.HQL_FUNCTIONS - LocalDateTime local datetime
2026-02-10 11:03:10.499 [main] DEBUG org.hibernate.HQL_FUNCTIONS - LocalTime local time
2026-02-10 11:03:10.499 [main] DEBUG org.hibernate.HQL_FUNCTIONS - LocalDate local_date
2026-02-10 11:03:10.499 [main] DEBUG org.hibernate.HQL_FUNCTIONS - LocalDateTime local_datetime
2026-02-10 11:03:10.499 [main] DEBUG org.hibernate.HQL_FUNCTIONS - LocalTime local_time
2026-02-10 11:03:10.499 [main] DEBUG org.hibernate.HQL_FUNCTIONS - Timestamp localtime
2026-02-10 11:03:10.499 [main] DEBUG org.hibernate.HQL_FUNCTIONS - Timestamp localtimestamp
2026-02-10 11:03:10.499 [main] DEBUG org.hibernate.HQL_FUNCTIONS - Integer locate(STRING pattern, STRING string[, INTEGER start])
2026-02-10 11:03:10.499 [main] DEBUG org.hibernate.HQL_FUNCTIONS - Double log(NUMERIC arg0[, NUMERIC arg1])
2026-02-10 11:03:10.499 [main] DEBUG org.hibernate.HQL_FUNCTIONS - Double log10(NUMERIC arg)
2026-02-10 11:03:10.499 [main] DEBUG org.hibernate.HQL_FUNCTIONS - Double log2(NUMERIC arg)
2026-02-10 11:03:10.499 [main] DEBUG org.hibernate.HQL_FUNCTIONS - String lower(STRING string)
2026-02-10 11:03:10.499 [main] DEBUG org.hibernate.HQL_FUNCTIONS - String lpad(string, length[, padding])
2026-02-10 11:03:10.499 [main] DEBUG org.hibernate.HQL_FUNCTIONS - String ltrim(STRING string[, STRING characters])
2026-02-10 11:03:10.499 [main] DEBUG org.hibernate.HQL_FUNCTIONS - Date makedate(INTEGER year, INTEGER dayofyear)
2026-02-10 11:03:10.499 [main] DEBUG org.hibernate.HQL_FUNCTIONS - Time maketime(INTEGER hour, INTEGER min, INTEGER sec)
2026-02-10 11:03:10.499 [main] DEBUG org.hibernate.HQL_FUNCTIONS - max(COMPARABLE arg)
2026-02-10 11:03:10.499 [main] DEBUG org.hibernate.HQL_FUNCTIONS - String md5(arg)
2026-02-10 11:03:10.499 [main] DEBUG org.hibernate.HQL_FUNCTIONS - Integer microsecond(TIME arg)
2026-02-10 11:03:10.499 [main] DEBUG org.hibernate.HQL_FUNCTIONS - min(COMPARABLE arg)
2026-02-10 11:03:10.499 [main] DEBUG org.hibernate.HQL_FUNCTIONS - Integer minute(TIME arg)
2026-02-10 11:03:10.499 [main] DEBUG org.hibernate.HQL_FUNCTIONS - Integer mod(INTEGER arg0, INTEGER arg1)
2026-02-10 11:03:10.499 [main] DEBUG org.hibernate.HQL_FUNCTIONS - Integer month(DATE arg)
2026-02-10 11:03:10.499 [main] DEBUG org.hibernate.HQL_FUNCTIONS - String monthname(DATE arg)
2026-02-10 11:03:10.499 [main] DEBUG org.hibernate.HQL_FUNCTIONS - Timestamp now()
2026-02-10 11:03:10.499 [main] DEBUG org.hibernate.HQL_FUNCTIONS - nth_valueANY value, INTEGER nth
2026-02-10 11:03:10.499 [main] DEBUG org.hibernate.HQL_FUNCTIONS - nullif(arg0, arg1)
2026-02-10 11:03:10.499 [main] DEBUG org.hibernate.HQL_FUNCTIONS - Integer octet_length(STRING_OR_CLOB arg)
2026-02-10 11:03:10.499 [main] DEBUG org.hibernate.HQL_FUNCTIONS - OffsetDateTime offset datetime
2026-02-10 11:03:10.499 [main] DEBUG org.hibernate.HQL_FUNCTIONS - OffsetDateTime offset_datetime
2026-02-10 11:03:10.499 [main] DEBUG org.hibernate.HQL_FUNCTIONS - String overlay(STRING string placing STRING replacement from INTEGER start[ for INTEGER length])
2026-02-10 11:03:10.499 [main] DEBUG org.hibernate.HQL_FUNCTIONS - String pad(STRING string with INTEGER length {leading|trailing}[ STRING character])
2026-02-10 11:03:10.499 [main] DEBUG org.hibernate.HQL_FUNCTIONS - Double percent_rank([arg0[, ...]])
2026-02-10 11:03:10.499 [main] DEBUG org.hibernate.HQL_FUNCTIONS - Double pi
2026-02-10 11:03:10.499 [main] DEBUG org.hibernate.HQL_FUNCTIONS - Integer position(STRING pattern in STRING string)
2026-02-10 11:03:10.500 [main] DEBUG org.hibernate.HQL_FUNCTIONS - Double power(NUMERIC arg0, NUMERIC arg1)
2026-02-10 11:03:10.500 [main] DEBUG org.hibernate.HQL_FUNCTIONS - Integer quarter(DATE arg)
2026-02-10 11:03:10.500 [main] DEBUG org.hibernate.HQL_FUNCTIONS - Double radians(NUMERIC arg)
2026-02-10 11:03:10.500 [main] DEBUG org.hibernate.HQL_FUNCTIONS - Double rand([INTEGER seed])
2026-02-10 11:03:10.500 [main] DEBUG org.hibernate.HQL_FUNCTIONS - Long rank([arg0[, ...]])
2026-02-10 11:03:10.500 [main] DEBUG org.hibernate.HQL_FUNCTIONS - String repeat(STRING string, INTEGER times)
2026-02-10 11:03:10.500 [main] DEBUG org.hibernate.HQL_FUNCTIONS - String replace(STRING string, STRING pattern, STRING replacement)
2026-02-10 11:03:10.500 [main] DEBUG org.hibernate.HQL_FUNCTIONS - String reverse(STRING arg)
2026-02-10 11:03:10.500 [main] DEBUG org.hibernate.HQL_FUNCTIONS - String right(STRING string, INTEGER length)
2026-02-10 11:03:10.500 [main] DEBUG org.hibernate.HQL_FUNCTIONS - round(NUMERIC number[, INTEGER places])
2026-02-10 11:03:10.500 [main] DEBUG org.hibernate.HQL_FUNCTIONS - Long row_number()
2026-02-10 11:03:10.500 [main] DEBUG org.hibernate.HQL_FUNCTIONS - String rpad(string, length[, padding])
2026-02-10 11:03:10.500 [main] DEBUG org.hibernate.HQL_FUNCTIONS - String rtrim(STRING string[, STRING characters])
2026-02-10 11:03:10.500 [main] DEBUG org.hibernate.HQL_FUNCTIONS - Integer second(TIME arg)
2026-02-10 11:03:10.500 [main] DEBUG org.hibernate.HQL_FUNCTIONS - String sha(arg)
2026-02-10 11:03:10.500 [main] DEBUG org.hibernate.HQL_FUNCTIONS - String sha1(arg)
2026-02-10 11:03:10.500 [main] DEBUG org.hibernate.HQL_FUNCTIONS - String sha2(arg0, arg1)
2026-02-10 11:03:10.500 [main] DEBUG org.hibernate.HQL_FUNCTIONS - Integer sign(NUMERIC arg)
2026-02-10 11:03:10.500 [main] DEBUG org.hibernate.HQL_FUNCTIONS - Double sin(NUMERIC arg)
2026-02-10 11:03:10.500 [main] DEBUG org.hibernate.HQL_FUNCTIONS - Double sinh(NUMERIC arg)
2026-02-10 11:03:10.500 [main] DEBUG org.hibernate.HQL_FUNCTIONS - String soundex(arg)
2026-02-10 11:03:10.500 [main] DEBUG org.hibernate.HQL_FUNCTIONS - String space(INTEGER arg)
2026-02-10 11:03:10.500 [main] DEBUG org.hibernate.HQL_FUNCTIONS - Object sql
2026-02-10 11:03:10.500 [main] DEBUG org.hibernate.HQL_FUNCTIONS - Double sqrt(NUMERIC arg)
2026-02-10 11:03:10.500 [main] DEBUG org.hibernate.HQL_FUNCTIONS - Double stddev(NUMERIC arg)
2026-02-10 11:03:10.500 [main] DEBUG org.hibernate.HQL_FUNCTIONS - Double stddev_pop(NUMERIC arg)
2026-02-10 11:03:10.500 [main] DEBUG org.hibernate.HQL_FUNCTIONS - Double stddev_samp(NUMERIC arg)
2026-02-10 11:03:10.500 [main] DEBUG org.hibernate.HQL_FUNCTIONS - String str(arg)
2026-02-10 11:03:10.500 [main] DEBUG org.hibernate.HQL_FUNCTIONS - subdate(DATE datetime, INTEGER days)
2026-02-10 11:03:10.500 [main] DEBUG org.hibernate.HQL_FUNCTIONS - String substr(STRING string, INTEGER start[, INTEGER length])
2026-02-10 11:03:10.500 [main] DEBUG org.hibernate.HQL_FUNCTIONS - String substring(STRING string{ from|,} INTEGER start[{ for|,} INTEGER length])
2026-02-10 11:03:10.500 [main] DEBUG org.hibernate.HQL_FUNCTIONS - subtime(TIME datetime, TIME time)
2026-02-10 11:03:10.500 [main] DEBUG org.hibernate.HQL_FUNCTIONS - sum(arg)
2026-02-10 11:03:10.500 [main] DEBUG org.hibernate.HQL_FUNCTIONS - Timestamp sysdate()
2026-02-10 11:03:10.500 [main] DEBUG org.hibernate.HQL_FUNCTIONS - Double tan(NUMERIC arg)
2026-02-10 11:03:10.500 [main] DEBUG org.hibernate.HQL_FUNCTIONS - Double tanh(NUMERIC arg)
2026-02-10 11:03:10.500 [main] DEBUG org.hibernate.HQL_FUNCTIONS - String time(arg)
2026-02-10 11:03:10.500 [main] DEBUG org.hibernate.HQL_FUNCTIONS - Timestamp timestamp(arg0[, arg1])
2026-02-10 11:03:10.500 [main] DEBUG org.hibernate.HQL_FUNCTIONS - timestampadd(TEMPORAL_UNIT field, INTEGER magnitude, TEMPORAL datetime)
2026-02-10 11:03:10.501 [main] DEBUG org.hibernate.HQL_FUNCTIONS - basicType@7(java.lang.Long,-5)|basicType@17(java.lang.Double,8) timestampdiff(TEMPORAL_UNIT field, TEMPORAL start, TEMPORAL end)
2026-02-10 11:03:10.501 [main] DEBUG org.hibernate.HQL_FUNCTIONS - String trim([[{leading|trailing|both} ][STRING arg0 ]from] STRING arg1)
2026-02-10 11:03:10.501 [main] DEBUG org.hibernate.HQL_FUNCTIONS - trunc( ... )
2026-02-10 11:03:10.501 [main] DEBUG org.hibernate.HQL_FUNCTIONS - truncate( ... )
2026-02-10 11:03:10.501 [main] DEBUG org.hibernate.HQL_FUNCTIONS - String upper(STRING string)
2026-02-10 11:03:10.501 [main] DEBUG org.hibernate.HQL_FUNCTIONS - Date utc_date
2026-02-10 11:03:10.501 [main] DEBUG org.hibernate.HQL_FUNCTIONS - Time utc_time
2026-02-10 11:03:10.501 [main] DEBUG org.hibernate.HQL_FUNCTIONS - Timestamp utc_timestamp
2026-02-10 11:03:10.501 [main] DEBUG org.hibernate.HQL_FUNCTIONS - Double var_pop(NUMERIC arg)
2026-02-10 11:03:10.501 [main] DEBUG org.hibernate.HQL_FUNCTIONS - Double var_samp(NUMERIC arg)
2026-02-10 11:03:10.501 [main] DEBUG org.hibernate.HQL_FUNCTIONS - Double variance(NUMERIC arg)
2026-02-10 11:03:10.501 [main] DEBUG org.hibernate.HQL_FUNCTIONS - Integer week(DATE arg)
2026-02-10 11:03:10.501 [main] DEBUG org.hibernate.HQL_FUNCTIONS - Integer year(DATE arg)
2026-02-10 11:03:10.507 [main] DEBUG org.hibernate.orm.query.plan.cache - Starting QueryInterpretationCache(2048)
2026-02-10 11:03:10.569 [main] DEBUG org.hibernate.service.internal.SessionFactoryServiceRegistryImpl - EventListenerRegistry access via ServiceRegistry is deprecated.  Use `sessionFactory.getEventEngine().getListenerRegistry()` instead
2026-02-10 11:03:10.570 [main] DEBUG org.hibernate.event.internal.EntityCopyObserverFactoryInitiator - Configured EntityCopyObserver strategy: disallow
2026-02-10 11:03:10.634 [main] DEBUG org.hibernate.boot.internal.ClassLoaderAccessImpl - Not known whether passed class name [modelo.Pelicula] is safe
2026-02-10 11:03:10.634 [main] DEBUG org.hibernate.boot.internal.ClassLoaderAccessImpl - No temp ClassLoader provided; using live ClassLoader for loading potentially unsafe class : modelo.Pelicula
2026-02-10 11:03:10.790 [main] DEBUG org.hibernate.bytecode.internal.bytebuddy.BytecodeProviderImpl - HHH000513: Unable to create the ReflectionOptimizer for [modelo.Pelicula]: private accessor [duracion]
2026-02-10 11:03:10.808 [main] DEBUG org.hibernate.boot.internal.ClassLoaderAccessImpl - Not known whether passed class name [modelo.Cine] is safe
2026-02-10 11:03:10.808 [main] DEBUG org.hibernate.boot.internal.ClassLoaderAccessImpl - No temp ClassLoader provided; using live ClassLoader for loading potentially unsafe class : modelo.Cine
2026-02-10 11:03:10.820 [main] DEBUG org.hibernate.bytecode.internal.bytebuddy.BytecodeProviderImpl - HHH000513: Unable to create the ReflectionOptimizer for [modelo.Cine]: private accessor [nombrerevista]
2026-02-10 11:03:10.823 [main] DEBUG org.hibernate.ormbytecode.interceptor - To-one property `modelo.Sala#cine` was mapped with LAZY + NO_PROXY but the class was not enhanced
2026-02-10 11:03:10.823 [main] DEBUG org.hibernate.ormbytecode.interceptor - To-one property `modelo.Sala#cine` was mapped with LAZY + NO_PROXY but the class was not enhanced
2026-02-10 11:03:10.823 [main] DEBUG org.hibernate.boot.internal.ClassLoaderAccessImpl - Not known whether passed class name [modelo.Sala] is safe
2026-02-10 11:03:10.823 [main] DEBUG org.hibernate.boot.internal.ClassLoaderAccessImpl - No temp ClassLoader provided; using live ClassLoader for loading potentially unsafe class : modelo.Sala
2026-02-10 11:03:10.834 [main] DEBUG org.hibernate.bytecode.internal.bytebuddy.BytecodeProviderImpl - HHH000513: Unable to create the ReflectionOptimizer for [modelo.Sala]: private accessor [capacidad]
2026-02-10 11:03:10.834 [main] DEBUG org.hibernate.ormbytecode.interceptor - To-one property `modelo.Sala#cine` was mapped with LAZY + NO_PROXY but the class was not enhanced
2026-02-10 11:03:10.850 [main] DEBUG org.hibernate.orm.jdbc.mutation - Skipping collection row updates - modelo.Sala.peliculas
2026-02-10 11:03:10.853 [main] DEBUG org.hibernate.orm.jdbc.mutation - Skipping collection (re)creation - modelo.Cine.salas
2026-02-10 11:03:10.854 [main] DEBUG org.hibernate.orm.jdbc.mutation - Skipping collection row deletions - modelo.Cine.salas
2026-02-10 11:03:10.854 [main] DEBUG org.hibernate.orm.jdbc.mutation - Skipping collection removals - modelo.Cine.salas
2026-02-10 11:03:10.854 [main] DEBUG org.hibernate.orm.jdbc.mutation - Skipping collection inserts - modelo.Pelicula.salas
2026-02-10 11:03:10.854 [main] DEBUG org.hibernate.orm.jdbc.mutation - Skipping collection row updates - modelo.Pelicula.salas
2026-02-10 11:03:10.854 [main] DEBUG org.hibernate.orm.jdbc.mutation - Skipping collection row deletions - modelo.Pelicula.salas
2026-02-10 11:03:10.854 [main] DEBUG org.hibernate.orm.jdbc.mutation - Skipping collection removals - modelo.Pelicula.salas
2026-02-10 11:03:10.876 [main] DEBUG org.hibernate.orm.model.mapping.creation - Starting post-init callbacks
2026-02-10 11:03:10.876 [main] DEBUG org.hibernate.orm.model.mapping.creation - Starting PostInitCallbackEntry : PluralAttributeMapping( NavigableRole[modelo.Pelicula.salas#{element}]) - element descriptor
2026-02-10 11:03:10.876 [main] DEBUG org.hibernate.orm.model.mapping.creation - Starting PostInitCallbackEntry : PluralAttributeMapping(modelo.Pelicula.salas)#finishInitialization
2026-02-10 11:03:10.876 [main] DEBUG org.hibernate.orm.model.mapping.creation - Starting PostInitCallbackEntry : PluralAttributeMapping(modelo.Pelicula.salas) - key descriptor
2026-02-10 11:03:10.879 [main] DEBUG org.hibernate.orm.model.mapping.creation - Starting PostInitCallbackEntry : Entity(modelo.Pelicula) `staticFetchableList` generator
2026-02-10 11:03:10.879 [main] DEBUG org.hibernate.orm.model.mapping.creation - Starting PostInitCallbackEntry : Entity(modelo.Pelicula) `sqmMultiTableInsertStrategy` interpretation
2026-02-10 11:03:10.884 [main] DEBUG org.hibernate.orm.model.mapping.creation - Starting PostInitCallbackEntry : PluralAttributeMapping( NavigableRole[modelo.Cine.salas#{element}]) - element descriptor
2026-02-10 11:03:10.884 [main] DEBUG org.hibernate.orm.model.mapping.creation - Starting PostInitCallbackEntry : PluralAttributeMapping(modelo.Cine.salas)#finishInitialization
2026-02-10 11:03:10.884 [main] DEBUG org.hibernate.orm.model.mapping.creation - Starting PostInitCallbackEntry : PluralAttributeMapping(modelo.Cine.salas) - key descriptor
2026-02-10 11:03:10.884 [main] DEBUG org.hibernate.orm.model.mapping.creation - Starting PostInitCallbackEntry : Entity(modelo.Cine) `staticFetchableList` generator
2026-02-10 11:03:10.885 [main] DEBUG org.hibernate.orm.model.mapping.creation - Starting PostInitCallbackEntry : Entity(modelo.Cine) `sqmMultiTableInsertStrategy` interpretation
2026-02-10 11:03:10.885 [main] DEBUG org.hibernate.orm.model.mapping.creation - Starting PostInitCallbackEntry : To-one key - NavigableRole[modelo.Sala.cine]
2026-02-10 11:03:10.885 [main] DEBUG org.hibernate.orm.model.mapping.creation - Starting PostInitCallbackEntry : PluralAttributeMapping( NavigableRole[modelo.Sala.peliculas#{element}]) - element descriptor
2026-02-10 11:03:10.885 [main] DEBUG org.hibernate.orm.model.mapping.creation - Starting PostInitCallbackEntry : PluralAttributeMapping(modelo.Sala.peliculas)#finishInitialization
2026-02-10 11:03:10.885 [main] DEBUG org.hibernate.orm.model.mapping.creation - Starting PostInitCallbackEntry : PluralAttributeMapping(modelo.Sala.peliculas) - key descriptor
2026-02-10 11:03:10.885 [main] DEBUG org.hibernate.orm.model.mapping.creation - Starting PostInitCallbackEntry : Entity(modelo.Sala) `staticFetchableList` generator
2026-02-10 11:03:10.885 [main] DEBUG org.hibernate.orm.model.mapping.creation - Starting PostInitCallbackEntry : Entity(modelo.Sala) `sqmMultiTableInsertStrategy` interpretation
2026-02-10 11:03:10.885 [main] DEBUG org.hibernate.orm.model.mapping.creation - Starting PostInitCallbackEntry : PluralAttributeMapping( NavigableRole[modelo.Pelicula.salas#{element}]) - element descriptor
2026-02-10 11:03:10.885 [main] DEBUG org.hibernate.orm.model.mapping.creation - Starting PostInitCallbackEntry : PluralAttributeMapping( NavigableRole[modelo.Cine.salas#{element}]) - element descriptor
2026-02-10 11:03:10.937 [main] DEBUG org.hibernate.orm.sql.ast.create - Created new SQL alias : p1_0
2026-02-10 11:03:10.939 [main] DEBUG org.hibernate.orm.sql.ast.create - Registration of TableGroup [StandardTableGroup(modelo.Pelicula)] with identifierForTableGroup [modelo.Pelicula] for NavigablePath [modelo.Pelicula] 
2026-02-10 11:03:10.954 [main] DEBUG org.hibernate.orm.results.graph.AST - DomainResult Graph:
 \-EntityResultImpl [modelo.Pelicula]
 |  +-BasicFetch [modelo.Pelicula.duracion]
 |  +-BasicFetch [modelo.Pelicula.genero]
 |  +-DelayedCollectionFetch [modelo.Pelicula.salas]
 |  \-BasicFetch [modelo.Pelicula.titulo]

2026-02-10 11:03:10.956 [main] DEBUG org.hibernate.orm.sql.ast.tree - SQL AST Tree:
    SelectStatement {
      FromClause {
        StandardTableGroup (p1 : modelo.Pelicula) {
          primaryTableReference : peliculas as p1_0
        }
      }
    }

2026-02-10 11:03:10.964 [main] DEBUG org.hibernate.persister.entity.AbstractEntityPersister - Static SQL for entity: modelo.Pelicula
2026-02-10 11:03:10.964 [main] DEBUG org.hibernate.persister.entity.AbstractEntityPersister -  Version select: select id from peliculas where id=?
2026-02-10 11:03:10.964 [main] DEBUG org.hibernate.persister.entity.AbstractEntityPersister -  Insert (0): insert into peliculas (duracion,genero,titulo,id) values (?,?,?,?)
2026-02-10 11:03:10.964 [main] DEBUG org.hibernate.persister.entity.AbstractEntityPersister -  Update (0): update peliculas set duracion=?,genero=?,titulo=? where id=?
2026-02-10 11:03:10.964 [main] DEBUG org.hibernate.persister.entity.AbstractEntityPersister -  Delete (0): delete from peliculas where id=?
2026-02-10 11:03:10.964 [main] DEBUG org.hibernate.orm.sql.ast.create - Created new SQL alias : c1_0
2026-02-10 11:03:10.964 [main] DEBUG org.hibernate.orm.sql.ast.create - Registration of TableGroup [StandardTableGroup(modelo.Cine)] with identifierForTableGroup [modelo.Cine] for NavigablePath [modelo.Cine] 
2026-02-10 11:03:10.964 [main] DEBUG org.hibernate.orm.results.graph.AST - DomainResult Graph:
 \-EntityResultImpl [modelo.Cine]
 |  +-BasicFetch [modelo.Cine.nombrerevista]
 |  +-DelayedCollectionFetch [modelo.Cine.salas]
 |  \-BasicFetch [modelo.Cine.ubicacion]

2026-02-10 11:03:10.964 [main] DEBUG org.hibernate.orm.sql.ast.tree - SQL AST Tree:
    SelectStatement {
      FromClause {
        StandardTableGroup (c1 : modelo.Cine) {
          primaryTableReference : cines as c1_0
        }
      }
    }

2026-02-10 11:03:10.964 [main] DEBUG org.hibernate.persister.entity.AbstractEntityPersister - Static SQL for entity: modelo.Cine
2026-02-10 11:03:10.964 [main] DEBUG org.hibernate.persister.entity.AbstractEntityPersister -  Version select: select id from cines where id=?
2026-02-10 11:03:10.964 [main] DEBUG org.hibernate.persister.entity.AbstractEntityPersister -  Insert (0): insert into cines (nombrerevista,ubicacion,id) values (?,?,?)
2026-02-10 11:03:10.964 [main] DEBUG org.hibernate.persister.entity.AbstractEntityPersister -  Update (0): update cines set nombrerevista=?,ubicacion=? where id=?
2026-02-10 11:03:10.965 [main] DEBUG org.hibernate.persister.entity.AbstractEntityPersister -  Delete (0): delete from cines where id=?
2026-02-10 11:03:10.965 [main] DEBUG org.hibernate.orm.sql.ast.create - Created new SQL alias : s1_0
2026-02-10 11:03:10.965 [main] DEBUG org.hibernate.orm.sql.ast.create - Registration of TableGroup [StandardTableGroup(modelo.Sala)] with identifierForTableGroup [modelo.Sala] for NavigablePath [modelo.Sala] 
2026-02-10 11:03:10.967 [main] DEBUG org.hibernate.orm.sql.ast.create - Registration of TableGroup [org.hibernate.sql.ast.tree.from.LazyTableGroup@370c7cc5] with identifierForTableGroup [modelo.Sala.cine] for NavigablePath [modelo.Sala.cine] 
2026-02-10 11:03:10.969 [main] DEBUG org.hibernate.orm.sql.ast.create - Created new SQL alias : c1_0
2026-02-10 11:03:10.970 [main] DEBUG org.hibernate.orm.results.graph.AST - DomainResult Graph:
 \-EntityResultImpl [modelo.Sala]
 |  +-BasicFetch [modelo.Sala.capacidad]
 |  +-EntityFetchJoinedImpl [modelo.Sala.cine]
 |  +-BasicFetch [modelo.Sala.nombre]
 |  \-DelayedCollectionFetch [modelo.Sala.peliculas]

2026-02-10 11:03:10.970 [main] DEBUG org.hibernate.orm.sql.ast.tree - SQL AST Tree:
    SelectStatement {
      FromClause {
        StandardTableGroup (s1 : modelo.Sala) {
          primaryTableReference : salas as s1_0
          TableGroupJoins {
            left  join LazyTableGroup (c1 : modelo.Sala.cine) {
              primaryTableReference : cines as c1_0
            }
          }
        }
      }
    }

2026-02-10 11:03:10.971 [main] DEBUG org.hibernate.persister.entity.AbstractEntityPersister - Static SQL for entity: modelo.Sala
2026-02-10 11:03:10.971 [main] DEBUG org.hibernate.persister.entity.AbstractEntityPersister -  Version select: select id from salas where id=?
2026-02-10 11:03:10.971 [main] DEBUG org.hibernate.persister.entity.AbstractEntityPersister -  Insert (0): insert into salas (capacidad,cine_id,nombre,id) values (?,?,?,?)
2026-02-10 11:03:10.971 [main] DEBUG org.hibernate.persister.entity.AbstractEntityPersister -  Update (0): update salas set capacidad=?,cine_id=?,nombre=? where id=?
2026-02-10 11:03:10.971 [main] DEBUG org.hibernate.persister.entity.AbstractEntityPersister -  Delete (0): delete from salas where id=?
2026-02-10 11:03:10.972 [main] DEBUG org.hibernate.orm.sql.ast.create - Created new SQL alias : p1_0
2026-02-10 11:03:10.973 [main] DEBUG org.hibernate.orm.sql.ast.create - Registration of TableGroup [CollectionTableGroup(modelo.Sala.peliculas)] with identifierForTableGroup [modelo.Sala.peliculas] for NavigablePath [modelo.Sala.peliculas] 
2026-02-10 11:03:10.973 [main] DEBUG org.hibernate.orm.sql.ast.create - Registration of TableGroup [org.hibernate.sql.ast.tree.from.LazyTableGroup@1471b98d] with identifierForTableGroup [modelo.Sala.peliculas.{element}] for NavigablePath [modelo.Sala.peliculas.{element}] 
2026-02-10 11:03:10.974 [main] DEBUG org.hibernate.orm.sql.ast.create - Created new SQL alias : p1_1
2026-02-10 11:03:10.976 [main] DEBUG org.hibernate.orm.results.graph.AST - DomainResult Graph:
 \-CollectionDomainResult [modelo.Sala.peliculas]

2026-02-10 11:03:10.976 [main] DEBUG org.hibernate.orm.sql.ast.tree - SQL AST Tree:
    SelectStatement {
      FromClause {
        CollectionTableGroup (p1 : modelo.Sala.peliculas) {
          primaryTableReference : salas_peliculas as p1_0
          TableGroupJoins {
             join LazyTableGroup (p1 : modelo.Sala.peliculas.{element}) {
              primaryTableReference : peliculas as p1_1
            }
          }
        }
      }
    }

2026-02-10 11:03:10.976 [main] DEBUG org.hibernate.orm.jdbc.mutation - Static SQL for collection: modelo.Sala.peliculas
2026-02-10 11:03:10.976 [main] DEBUG org.hibernate.orm.jdbc.mutation -  Row insert: insert into salas_peliculas (salas_id,peliculas_id) values (?,?)
2026-02-10 11:03:10.977 [main] DEBUG org.hibernate.orm.jdbc.mutation -  Row delete: delete from salas_peliculas where salas_id=? and peliculas_id=?
2026-02-10 11:03:10.977 [main] DEBUG org.hibernate.orm.jdbc.mutation -  One-shot delete: delete from salas_peliculas where salas_id=?
2026-02-10 11:03:10.977 [main] DEBUG org.hibernate.orm.sql.ast.create - Created new SQL alias : s1_0
2026-02-10 11:03:10.978 [main] DEBUG org.hibernate.orm.sql.ast.create - Registration of TableGroup [org.hibernate.sql.ast.tree.from.OneToManyTableGroup@21dea711] with identifierForTableGroup [modelo.Cine.salas] for NavigablePath [modelo.Cine.salas] 
2026-02-10 11:03:10.978 [main] DEBUG org.hibernate.orm.sql.ast.create - Registration of TableGroup [StandardTableGroup(modelo.Cine.salas.{element})] with identifierForTableGroup [modelo.Cine.salas.{element}] for NavigablePath [modelo.Cine.salas.{element}] 
2026-02-10 11:03:10.981 [main] DEBUG org.hibernate.orm.sql.ast.create - Registration of TableGroup [org.hibernate.sql.ast.tree.from.LazyTableGroup@554566a8] with identifierForTableGroup [modelo.Cine.salas.{element}.cine] for NavigablePath [modelo.Cine.salas.{element}.cine] 
2026-02-10 11:03:10.982 [main] DEBUG org.hibernate.orm.results.graph.AST - DomainResult Graph:
 \-CollectionDomainResult [modelo.Cine.salas]

2026-02-10 11:03:10.982 [main] DEBUG org.hibernate.orm.sql.ast.tree - SQL AST Tree:
    SelectStatement {
      FromClause {
        OneToManyTableGroup (s1 : modelo.Cine.salas) {
          primaryTableReference : salas as s1_0
          TableGroupJoins {
            left  join LazyTableGroup (c1 : modelo.Cine.salas.{element}.cine) {
            }
          }
        }
      }
    }

2026-02-10 11:03:10.983 [main] DEBUG org.hibernate.orm.jdbc.mutation - Static SQL for collection: modelo.Cine.salas
2026-02-10 11:03:10.983 [main] DEBUG org.hibernate.orm.sql.ast.create - Created new SQL alias : s1_0
2026-02-10 11:03:10.983 [main] DEBUG org.hibernate.orm.sql.ast.create - Registration of TableGroup [CollectionTableGroup(modelo.Pelicula.salas)] with identifierForTableGroup [modelo.Pelicula.salas] for NavigablePath [modelo.Pelicula.salas] 
2026-02-10 11:03:10.983 [main] DEBUG org.hibernate.orm.sql.ast.create - Registration of TableGroup [org.hibernate.sql.ast.tree.from.LazyTableGroup@55421b8d] with identifierForTableGroup [modelo.Pelicula.salas.{element}] for NavigablePath [modelo.Pelicula.salas.{element}] 
2026-02-10 11:03:10.983 [main] DEBUG org.hibernate.orm.sql.ast.create - Created new SQL alias : s1_1
2026-02-10 11:03:10.983 [main] DEBUG org.hibernate.orm.sql.ast.create - Registration of TableGroup [org.hibernate.sql.ast.tree.from.LazyTableGroup@24a04257] with identifierForTableGroup [modelo.Pelicula.salas.{element}.cine] for NavigablePath [modelo.Pelicula.salas.{element}.cine] 
2026-02-10 11:03:10.983 [main] DEBUG org.hibernate.orm.sql.ast.create - Created new SQL alias : c1_0
2026-02-10 11:03:10.983 [main] DEBUG org.hibernate.orm.results.graph.AST - DomainResult Graph:
 \-CollectionDomainResult [modelo.Pelicula.salas]

2026-02-10 11:03:10.983 [main] DEBUG org.hibernate.orm.sql.ast.tree - SQL AST Tree:
    SelectStatement {
      FromClause {
        CollectionTableGroup (s1 : modelo.Pelicula.salas) {
          primaryTableReference : salas_peliculas as s1_0
          TableGroupJoins {
             join LazyTableGroup (s1 : modelo.Pelicula.salas.{element}) {
              primaryTableReference : salas as s1_1
              TableGroupJoins {
                left  join LazyTableGroup (c1 : modelo.Pelicula.salas.{element}.cine) {
                  primaryTableReference : cines as c1_0
                }
              }
            }
          }
        }
      }
    }

2026-02-10 11:03:10.983 [main] DEBUG org.hibernate.orm.jdbc.mutation - Static SQL for collection: modelo.Pelicula.salas
2026-02-10 11:03:11.006 [main] DEBUG org.hibernate.engine.transaction.jta.platform.internal.JtaPlatformInitiator - No JtaPlatform was specified, checking resolver
2026-02-10 11:03:11.006 [main] DEBUG org.hibernate.engine.transaction.jta.platform.internal.JtaPlatformResolverInitiator - No JtaPlatformResolver was specified, using default [org.hibernate.engine.transaction.jta.platform.internal.StandardJtaPlatformResolver]
2026-02-10 11:03:11.009 [main] DEBUG org.hibernate.engine.transaction.jta.platform.internal.StandardJtaPlatformResolver - Could not resolve JtaPlatform, using default [org.hibernate.engine.transaction.jta.platform.internal.NoJtaPlatform]
2026-02-10 11:03:11.009 [main] INFO  org.hibernate.engine.transaction.jta.platform.internal.JtaPlatformInitiator - HHH000489: No JTA platform available (set 'hibernate.transaction.jta.platform' to enable JTA platform integration)
2026-02-10 11:03:11.009 [main] DEBUG org.hibernate.type.spi.TypeConfiguration$Scope - Scoping TypeConfiguration [org.hibernate.type.spi.TypeConfiguration@6a0ac48e] to SessionFactoryImplementor [org.hibernate.internal.SessionFactoryImpl@bb8ead8]
2026-02-10 11:03:11.010 [main] DEBUG org.hibernate.query.named.NamedObjectRepository - Checking 0 named HQL queries
2026-02-10 11:03:11.010 [main] DEBUG org.hibernate.query.named.NamedObjectRepository - Checking 0 named SQL queries
2026-02-10 11:03:11.029 [main] DEBUG org.hibernate.SQL - 
    alter table salas 
       drop 
       foreign key FKdmuw6yg71njuedicef678kvv7
2026-02-10 11:03:11.032 [main] INFO  org.hibernate.orm.connections.access - HHH10001501: Connection obtained from JdbcConnectionAccess [org.hibernate.engine.jdbc.env.internal.JdbcEnvironmentInitiator$ConnectionProviderJdbcConnectionAccess@1c6e3ff9] for (non-JTA) DDL execution was not in auto-commit mode; the Connection 'local transaction' will be committed and the Connection will be set into auto-commit mode.
2026-02-10 11:03:11.057 [main] WARN  org.hibernate.tool.schema.internal.ExceptionHandlerLoggedImpl - GenerationTarget encountered exception accepting command : Error executing DDL "
    alter table salas 
       drop 
       foreign key FKdmuw6yg71njuedicef678kvv7" via JDBC [Table 'cineexamen.salas' doesn't exist]
org.hibernate.tool.schema.spi.CommandAcceptanceException: Error executing DDL "
    alter table salas 
       drop 
       foreign key FKdmuw6yg71njuedicef678kvv7" via JDBC [Table 'cineexamen.salas' doesn't exist]
	at org.hibernate.tool.schema.internal.exec.GenerationTargetToDatabase.accept(GenerationTargetToDatabase.java:94) ~[hibernate-core-6.4.4.Final.jar:6.4.4.Final]
	at org.hibernate.tool.schema.internal.Helper.applySqlString(Helper.java:233) ~[hibernate-core-6.4.4.Final.jar:6.4.4.Final]
	at org.hibernate.tool.schema.internal.Helper.applySqlStrings(Helper.java:217) ~[hibernate-core-6.4.4.Final.jar:6.4.4.Final]
	at org.hibernate.tool.schema.internal.SchemaDropperImpl.applyConstraintDropping(SchemaDropperImpl.java:470) ~[hibernate-core-6.4.4.Final.jar:6.4.4.Final]
	at org.hibernate.tool.schema.internal.SchemaDropperImpl.dropConstraintsTablesSequences(SchemaDropperImpl.java:242) ~[hibernate-core-6.4.4.Final.jar:6.4.4.Final]
	at org.hibernate.tool.schema.internal.SchemaDropperImpl.dropFromMetadata(SchemaDropperImpl.java:215) ~[hibernate-core-6.4.4.Final.jar:6.4.4.Final]
	at org.hibernate.tool.schema.internal.SchemaDropperImpl.performDrop(SchemaDropperImpl.java:185) ~[hibernate-core-6.4.4.Final.jar:6.4.4.Final]
	at org.hibernate.tool.schema.internal.SchemaDropperImpl.doDrop(SchemaDropperImpl.java:155) ~[hibernate-core-6.4.4.Final.jar:6.4.4.Final]
	at org.hibernate.tool.schema.internal.SchemaDropperImpl.doDrop(SchemaDropperImpl.java:115) ~[hibernate-core-6.4.4.Final.jar:6.4.4.Final]
	at org.hibernate.tool.schema.spi.SchemaManagementToolCoordinator.performDatabaseAction(SchemaManagementToolCoordinator.java:244) ~[hibernate-core-6.4.4.Final.jar:6.4.4.Final]
	at org.hibernate.tool.schema.spi.SchemaManagementToolCoordinator.lambda$process$5(SchemaManagementToolCoordinator.java:145) ~[hibernate-core-6.4.4.Final.jar:6.4.4.Final]
	at java.util.HashMap.forEach(HashMap.java:1429) [?:?]
	at org.hibernate.tool.schema.spi.SchemaManagementToolCoordinator.process(SchemaManagementToolCoordinator.java:142) [hibernate-core-6.4.4.Final.jar:6.4.4.Final]
	at org.hibernate.boot.internal.SessionFactoryObserverForSchemaExport.sessionFactoryCreated(SessionFactoryObserverForSchemaExport.java:37) [hibernate-core-6.4.4.Final.jar:6.4.4.Final]
	at org.hibernate.internal.SessionFactoryObserverChain.sessionFactoryCreated(SessionFactoryObserverChain.java:35) [hibernate-core-6.4.4.Final.jar:6.4.4.Final]
	at org.hibernate.internal.SessionFactoryImpl.<init>(SessionFactoryImpl.java:315) [hibernate-core-6.4.4.Final.jar:6.4.4.Final]
	at org.hibernate.boot.internal.SessionFactoryBuilderImpl.build(SessionFactoryBuilderImpl.java:450) [hibernate-core-6.4.4.Final.jar:6.4.4.Final]
	at org.hibernate.boot.internal.MetadataImpl.buildSessionFactory(MetadataImpl.java:205) [hibernate-core-6.4.4.Final.jar:6.4.4.Final]
	at utiles.HibernateUtil.getFactoriaSession(HibernateUtil.java:18) [classes/:?]
	at service.ServiceFestivalCine.<init>(ServiceFestivalCine.java:26) [classes/:?]
	at controller.ControladorFestivalCine.main(ControladorFestivalCine.java:20) [classes/:?]
Caused by: java.sql.SQLSyntaxErrorException: Table 'cineexamen.salas' doesn't exist
	at com.mysql.cj.jdbc.exceptions.SQLError.createSQLException(SQLError.java:112) ~[mysql-connector-j-8.4.0.jar:8.4.0]
	at com.mysql.cj.jdbc.exceptions.SQLExceptionsMapping.translateException(SQLExceptionsMapping.java:113) ~[mysql-connector-j-8.4.0.jar:8.4.0]
	at com.mysql.cj.jdbc.StatementImpl.executeInternal(StatementImpl.java:829) ~[mysql-connector-j-8.4.0.jar:8.4.0]
	at com.mysql.cj.jdbc.StatementImpl.execute(StatementImpl.java:681) ~[mysql-connector-j-8.4.0.jar:8.4.0]
	at org.hibernate.tool.schema.internal.exec.GenerationTargetToDatabase.accept(GenerationTargetToDatabase.java:80) ~[hibernate-core-6.4.4.Final.jar:6.4.4.Final]
	... 20 more
2026-02-10 11:03:11.065 [main] DEBUG org.hibernate.SQL - 
    alter table salas_peliculas 
       drop 
       foreign key FK54pusiejg1vr5o2m2r9div7ap
2026-02-10 11:03:11.067 [main] WARN  org.hibernate.tool.schema.internal.ExceptionHandlerLoggedImpl - GenerationTarget encountered exception accepting command : Error executing DDL "
    alter table salas_peliculas 
       drop 
       foreign key FK54pusiejg1vr5o2m2r9div7ap" via JDBC [Table 'cineexamen.salas_peliculas' doesn't exist]
org.hibernate.tool.schema.spi.CommandAcceptanceException: Error executing DDL "
    alter table salas_peliculas 
       drop 
       foreign key FK54pusiejg1vr5o2m2r9div7ap" via JDBC [Table 'cineexamen.salas_peliculas' doesn't exist]
	at org.hibernate.tool.schema.internal.exec.GenerationTargetToDatabase.accept(GenerationTargetToDatabase.java:94) ~[hibernate-core-6.4.4.Final.jar:6.4.4.Final]
	at org.hibernate.tool.schema.internal.Helper.applySqlString(Helper.java:233) ~[hibernate-core-6.4.4.Final.jar:6.4.4.Final]
	at org.hibernate.tool.schema.internal.Helper.applySqlStrings(Helper.java:217) ~[hibernate-core-6.4.4.Final.jar:6.4.4.Final]
	at org.hibernate.tool.schema.internal.SchemaDropperImpl.applyConstraintDropping(SchemaDropperImpl.java:470) ~[hibernate-core-6.4.4.Final.jar:6.4.4.Final]
	at org.hibernate.tool.schema.internal.SchemaDropperImpl.dropConstraintsTablesSequences(SchemaDropperImpl.java:242) ~[hibernate-core-6.4.4.Final.jar:6.4.4.Final]
	at org.hibernate.tool.schema.internal.SchemaDropperImpl.dropFromMetadata(SchemaDropperImpl.java:215) ~[hibernate-core-6.4.4.Final.jar:6.4.4.Final]
	at org.hibernate.tool.schema.internal.SchemaDropperImpl.performDrop(SchemaDropperImpl.java:185) ~[hibernate-core-6.4.4.Final.jar:6.4.4.Final]
	at org.hibernate.tool.schema.internal.SchemaDropperImpl.doDrop(SchemaDropperImpl.java:155) ~[hibernate-core-6.4.4.Final.jar:6.4.4.Final]
	at org.hibernate.tool.schema.internal.SchemaDropperImpl.doDrop(SchemaDropperImpl.java:115) ~[hibernate-core-6.4.4.Final.jar:6.4.4.Final]
	at org.hibernate.tool.schema.spi.SchemaManagementToolCoordinator.performDatabaseAction(SchemaManagementToolCoordinator.java:244) ~[hibernate-core-6.4.4.Final.jar:6.4.4.Final]
	at org.hibernate.tool.schema.spi.SchemaManagementToolCoordinator.lambda$process$5(SchemaManagementToolCoordinator.java:145) ~[hibernate-core-6.4.4.Final.jar:6.4.4.Final]
	at java.util.HashMap.forEach(HashMap.java:1429) [?:?]
	at org.hibernate.tool.schema.spi.SchemaManagementToolCoordinator.process(SchemaManagementToolCoordinator.java:142) [hibernate-core-6.4.4.Final.jar:6.4.4.Final]
	at org.hibernate.boot.internal.SessionFactoryObserverForSchemaExport.sessionFactoryCreated(SessionFactoryObserverForSchemaExport.java:37) [hibernate-core-6.4.4.Final.jar:6.4.4.Final]
	at org.hibernate.internal.SessionFactoryObserverChain.sessionFactoryCreated(SessionFactoryObserverChain.java:35) [hibernate-core-6.4.4.Final.jar:6.4.4.Final]
	at org.hibernate.internal.SessionFactoryImpl.<init>(SessionFactoryImpl.java:315) [hibernate-core-6.4.4.Final.jar:6.4.4.Final]
	at org.hibernate.boot.internal.SessionFactoryBuilderImpl.build(SessionFactoryBuilderImpl.java:450) [hibernate-core-6.4.4.Final.jar:6.4.4.Final]
	at org.hibernate.boot.internal.MetadataImpl.buildSessionFactory(MetadataImpl.java:205) [hibernate-core-6.4.4.Final.jar:6.4.4.Final]
	at utiles.HibernateUtil.getFactoriaSession(HibernateUtil.java:18) [classes/:?]
	at service.ServiceFestivalCine.<init>(ServiceFestivalCine.java:26) [classes/:?]
	at controller.ControladorFestivalCine.main(ControladorFestivalCine.java:20) [classes/:?]
Caused by: java.sql.SQLSyntaxErrorException: Table 'cineexamen.salas_peliculas' doesn't exist
	at com.mysql.cj.jdbc.exceptions.SQLError.createSQLException(SQLError.java:112) ~[mysql-connector-j-8.4.0.jar:8.4.0]
	at com.mysql.cj.jdbc.exceptions.SQLExceptionsMapping.translateException(SQLExceptionsMapping.java:113) ~[mysql-connector-j-8.4.0.jar:8.4.0]
	at com.mysql.cj.jdbc.StatementImpl.executeInternal(StatementImpl.java:829) ~[mysql-connector-j-8.4.0.jar:8.4.0]
	at com.mysql.cj.jdbc.StatementImpl.execute(StatementImpl.java:681) ~[mysql-connector-j-8.4.0.jar:8.4.0]
	at org.hibernate.tool.schema.internal.exec.GenerationTargetToDatabase.accept(GenerationTargetToDatabase.java:80) ~[hibernate-core-6.4.4.Final.jar:6.4.4.Final]
	... 20 more
2026-02-10 11:03:11.068 [main] DEBUG org.hibernate.SQL - 
    alter table salas_peliculas 
       drop 
       foreign key FKfc1vc15u93g8lgch8fvx7nl59
2026-02-10 11:03:11.069 [main] WARN  org.hibernate.tool.schema.internal.ExceptionHandlerLoggedImpl - GenerationTarget encountered exception accepting command : Error executing DDL "
    alter table salas_peliculas 
       drop 
       foreign key FKfc1vc15u93g8lgch8fvx7nl59" via JDBC [Table 'cineexamen.salas_peliculas' doesn't exist]
org.hibernate.tool.schema.spi.CommandAcceptanceException: Error executing DDL "
    alter table salas_peliculas 
       drop 
       foreign key FKfc1vc15u93g8lgch8fvx7nl59" via JDBC [Table 'cineexamen.salas_peliculas' doesn't exist]
	at org.hibernate.tool.schema.internal.exec.GenerationTargetToDatabase.accept(GenerationTargetToDatabase.java:94) ~[hibernate-core-6.4.4.Final.jar:6.4.4.Final]
	at org.hibernate.tool.schema.internal.Helper.applySqlString(Helper.java:233) ~[hibernate-core-6.4.4.Final.jar:6.4.4.Final]
	at org.hibernate.tool.schema.internal.Helper.applySqlStrings(Helper.java:217) ~[hibernate-core-6.4.4.Final.jar:6.4.4.Final]
	at org.hibernate.tool.schema.internal.SchemaDropperImpl.applyConstraintDropping(SchemaDropperImpl.java:470) ~[hibernate-core-6.4.4.Final.jar:6.4.4.Final]
	at org.hibernate.tool.schema.internal.SchemaDropperImpl.dropConstraintsTablesSequences(SchemaDropperImpl.java:242) ~[hibernate-core-6.4.4.Final.jar:6.4.4.Final]
	at org.hibernate.tool.schema.internal.SchemaDropperImpl.dropFromMetadata(SchemaDropperImpl.java:215) ~[hibernate-core-6.4.4.Final.jar:6.4.4.Final]
	at org.hibernate.tool.schema.internal.SchemaDropperImpl.performDrop(SchemaDropperImpl.java:185) ~[hibernate-core-6.4.4.Final.jar:6.4.4.Final]
	at org.hibernate.tool.schema.internal.SchemaDropperImpl.doDrop(SchemaDropperImpl.java:155) ~[hibernate-core-6.4.4.Final.jar:6.4.4.Final]
	at org.hibernate.tool.schema.internal.SchemaDropperImpl.doDrop(SchemaDropperImpl.java:115) ~[hibernate-core-6.4.4.Final.jar:6.4.4.Final]
	at org.hibernate.tool.schema.spi.SchemaManagementToolCoordinator.performDatabaseAction(SchemaManagementToolCoordinator.java:244) ~[hibernate-core-6.4.4.Final.jar:6.4.4.Final]
	at org.hibernate.tool.schema.spi.SchemaManagementToolCoordinator.lambda$process$5(SchemaManagementToolCoordinator.java:145) ~[hibernate-core-6.4.4.Final.jar:6.4.4.Final]
	at java.util.HashMap.forEach(HashMap.java:1429) [?:?]
	at org.hibernate.tool.schema.spi.SchemaManagementToolCoordinator.process(SchemaManagementToolCoordinator.java:142) [hibernate-core-6.4.4.Final.jar:6.4.4.Final]
	at org.hibernate.boot.internal.SessionFactoryObserverForSchemaExport.sessionFactoryCreated(SessionFactoryObserverForSchemaExport.java:37) [hibernate-core-6.4.4.Final.jar:6.4.4.Final]
	at org.hibernate.internal.SessionFactoryObserverChain.sessionFactoryCreated(SessionFactoryObserverChain.java:35) [hibernate-core-6.4.4.Final.jar:6.4.4.Final]
	at org.hibernate.internal.SessionFactoryImpl.<init>(SessionFactoryImpl.java:315) [hibernate-core-6.4.4.Final.jar:6.4.4.Final]
	at org.hibernate.boot.internal.SessionFactoryBuilderImpl.build(SessionFactoryBuilderImpl.java:450) [hibernate-core-6.4.4.Final.jar:6.4.4.Final]
	at org.hibernate.boot.internal.MetadataImpl.buildSessionFactory(MetadataImpl.java:205) [hibernate-core-6.4.4.Final.jar:6.4.4.Final]
	at utiles.HibernateUtil.getFactoriaSession(HibernateUtil.java:18) [classes/:?]
	at service.ServiceFestivalCine.<init>(ServiceFestivalCine.java:26) [classes/:?]
	at controller.ControladorFestivalCine.main(ControladorFestivalCine.java:20) [classes/:?]
Caused by: java.sql.SQLSyntaxErrorException: Table 'cineexamen.salas_peliculas' doesn't exist
	at com.mysql.cj.jdbc.exceptions.SQLError.createSQLException(SQLError.java:112) ~[mysql-connector-j-8.4.0.jar:8.4.0]
	at com.mysql.cj.jdbc.exceptions.SQLExceptionsMapping.translateException(SQLExceptionsMapping.java:113) ~[mysql-connector-j-8.4.0.jar:8.4.0]
	at com.mysql.cj.jdbc.StatementImpl.executeInternal(StatementImpl.java:829) ~[mysql-connector-j-8.4.0.jar:8.4.0]
	at com.mysql.cj.jdbc.StatementImpl.execute(StatementImpl.java:681) ~[mysql-connector-j-8.4.0.jar:8.4.0]
	at org.hibernate.tool.schema.internal.exec.GenerationTargetToDatabase.accept(GenerationTargetToDatabase.java:80) ~[hibernate-core-6.4.4.Final.jar:6.4.4.Final]
	... 20 more
2026-02-10 11:03:11.070 [main] DEBUG org.hibernate.SQL - 
    drop table if exists cines
2026-02-10 11:03:11.079 [main] DEBUG org.hibernate.SQL - 
    drop table if exists cines_SEQ
2026-02-10 11:03:11.086 [main] DEBUG org.hibernate.SQL - 
    drop table if exists peliculas
2026-02-10 11:03:11.091 [main] DEBUG org.hibernate.SQL - 
    drop table if exists peliculas_SEQ
2026-02-10 11:03:11.096 [main] DEBUG org.hibernate.SQL - 
    drop table if exists salas
2026-02-10 11:03:11.100 [main] DEBUG org.hibernate.SQL - 
    drop table if exists salas_peliculas
2026-02-10 11:03:11.105 [main] DEBUG org.hibernate.SQL - 
    drop table if exists salas_SEQ
2026-02-10 11:03:11.118 [main] DEBUG org.hibernate.SQL - 
    create table cines (
        id integer not null,
        nombrerevista varchar(255),
        ubicacion varchar(255),
        primary key (id)
    ) engine=InnoDB
2026-02-10 11:03:11.119 [main] INFO  org.hibernate.orm.connections.access - HHH10001501: Connection obtained from JdbcConnectionAccess [org.hibernate.engine.jdbc.env.internal.JdbcEnvironmentInitiator$ConnectionProviderJdbcConnectionAccess@5a3cf824] for (non-JTA) DDL execution was not in auto-commit mode; the Connection 'local transaction' will be committed and the Connection will be set into auto-commit mode.
2026-02-10 11:03:11.153 [main] DEBUG org.hibernate.SQL - 
    create table cines_SEQ (
        next_val bigint
    ) engine=InnoDB
2026-02-10 11:03:11.182 [main] DEBUG org.hibernate.SQL - 
    insert into cines_SEQ values ( 1 )
2026-02-10 11:03:11.197 [main] DEBUG org.hibernate.SQL - 
    create table peliculas (
        duracion integer not null,
        id integer not null,
        genero varchar(255),
        titulo varchar(255),
        primary key (id)
    ) engine=InnoDB
2026-02-10 11:03:11.226 [main] DEBUG org.hibernate.SQL - 
    create table peliculas_SEQ (
        next_val bigint
    ) engine=InnoDB
2026-02-10 11:03:11.339 [main] DEBUG org.hibernate.SQL - 
    insert into peliculas_SEQ values ( 1 )
2026-02-10 11:03:11.346 [main] DEBUG org.hibernate.SQL - 
    create table salas (
        capacidad integer not null,
        cine_id integer,
        id integer not null,
        nombre varchar(255),
        primary key (id)
    ) engine=InnoDB
2026-02-10 11:03:11.373 [main] DEBUG org.hibernate.SQL - 
    create table salas_peliculas (
        peliculas_id integer not null,
        salas_id integer not null
    ) engine=InnoDB
2026-02-10 11:03:11.409 [main] DEBUG org.hibernate.SQL - 
    create table salas_SEQ (
        next_val bigint
    ) engine=InnoDB
2026-02-10 11:03:11.437 [main] DEBUG org.hibernate.SQL - 
    insert into salas_SEQ values ( 1 )
2026-02-10 11:03:11.443 [main] DEBUG org.hibernate.SQL - 
    alter table salas 
       add constraint FKdmuw6yg71njuedicef678kvv7 
       foreign key (cine_id) 
       references cines (id)
2026-02-10 11:03:11.509 [main] DEBUG org.hibernate.SQL - 
    alter table salas_peliculas 
       add constraint FK54pusiejg1vr5o2m2r9div7ap 
       foreign key (peliculas_id) 
       references peliculas (id)
2026-02-10 11:03:11.577 [main] DEBUG org.hibernate.SQL - 
    alter table salas_peliculas 
       add constraint FKfc1vc15u93g8lgch8fvx7nl59 
       foreign key (salas_id) 
       references salas (id)
2026-02-10 11:03:11.660 [main] DEBUG org.hibernate.internal.SessionFactoryRegistry - Initializing SessionFactoryRegistry : org.hibernate.internal.SessionFactoryRegistry@7f1f60a0
2026-02-10 11:03:11.660 [main] DEBUG org.hibernate.internal.SessionFactoryRegistry - Registering SessionFactory: afdd0d9e-d701-43f1-bcce-cc5c086dc2b0 (<unnamed>)
2026-02-10 11:03:11.660 [main] DEBUG org.hibernate.internal.SessionFactoryRegistry - Not binding SessionFactory to JNDI, no JNDI name configured
2026-02-10 11:03:11.660 [main] DEBUG org.hibernate.internal.SessionFactoryImpl - Instantiated SessionFactory
2026-02-10 11:03:11.701 [main] DEBUG org.hibernate.stat.internal.StatisticsInitiator - Statistics initialized [enabled=false]
2026-02-10 11:03:11.704 [main] DEBUG org.hibernate.engine.transaction.internal.TransactionImpl - On TransactionImpl creation, JpaCompliance#isJpaTransactionComplianceEnabled == false
2026-02-10 11:03:11.704 [main] DEBUG org.hibernate.engine.transaction.internal.TransactionImpl - begin
2026-02-10 11:03:11.718 [main] DEBUG org.hibernate.SQL - 
    select
        next_val as id_val 
    from
        peliculas_SEQ for update
2026-02-10 11:03:11.724 [main] DEBUG org.hibernate.SQL - 
    update
        peliculas_SEQ 
    set
        next_val= ? 
    where
        next_val=?
2026-02-10 11:03:11.733 [main] DEBUG org.hibernate.event.internal.AbstractSaveEventListener - Generated identifier: 1, using strategy: org.hibernate.id.enhanced.SequenceStyleGenerator
2026-02-10 11:03:11.745 [main] DEBUG org.hibernate.engine.transaction.internal.TransactionImpl - committing
2026-02-10 11:03:11.745 [main] DEBUG org.hibernate.event.internal.AbstractFlushingEventListener - Processing flush-time cascades
2026-02-10 11:03:11.746 [main] DEBUG org.hibernate.event.internal.AbstractFlushingEventListener - Dirty checking collections
2026-02-10 11:03:11.749 [main] DEBUG org.hibernate.engine.internal.Collections - Collection found: [modelo.Pelicula.salas#1], was: [<unreferenced>] (initialized)
2026-02-10 11:03:11.752 [main] DEBUG org.hibernate.event.internal.AbstractFlushingEventListener - Flushed: 1 insertions, 0 updates, 0 deletions to 1 objects
2026-02-10 11:03:11.752 [main] DEBUG org.hibernate.event.internal.AbstractFlushingEventListener - Flushed: 1 (re)creations, 0 updates, 0 removals to 1 collections
2026-02-10 11:03:11.752 [main] DEBUG org.hibernate.internal.util.EntityPrinter - Listing entities:
2026-02-10 11:03:11.753 [main] DEBUG org.hibernate.internal.util.EntityPrinter - modelo.Pelicula{salas=[], genero=guay, duracion=3, titulo=Pelicula1, id=1}
2026-02-10 11:03:11.758 [main] DEBUG org.hibernate.SQL - 
    insert 
    into
        peliculas
        (duracion, genero, titulo, id) 
    values
        (?, ?, ?, ?)
2026-02-10 11:03:11.770 [main] DEBUG org.hibernate.resource.jdbc.internal.LogicalConnectionManagedImpl - Initiating JDBC connection release from afterTransaction
2026-02-10 11:03:11.771 [main] DEBUG org.hibernate.resource.jdbc.internal.LogicalConnectionManagedImpl - Initiating JDBC connection release from afterTransaction
2026-02-10 11:03:11.772 [main] DEBUG org.hibernate.engine.transaction.internal.TransactionImpl - On TransactionImpl creation, JpaCompliance#isJpaTransactionComplianceEnabled == false
2026-02-10 11:03:11.772 [main] DEBUG org.hibernate.engine.transaction.internal.TransactionImpl - begin
2026-02-10 11:03:11.774 [main] DEBUG org.hibernate.SQL - 
    select
        next_val as id_val 
    from
        peliculas_SEQ for update
2026-02-10 11:03:11.775 [main] DEBUG org.hibernate.SQL - 
    update
        peliculas_SEQ 
    set
        next_val= ? 
    where
        next_val=?
2026-02-10 11:03:11.782 [main] DEBUG org.hibernate.event.internal.AbstractSaveEventListener - Generated identifier: 2, using strategy: org.hibernate.id.enhanced.SequenceStyleGenerator
2026-02-10 11:03:11.782 [main] DEBUG org.hibernate.engine.transaction.internal.TransactionImpl - committing
2026-02-10 11:03:11.782 [main] DEBUG org.hibernate.event.internal.AbstractFlushingEventListener - Processing flush-time cascades
2026-02-10 11:03:11.782 [main] DEBUG org.hibernate.event.internal.AbstractFlushingEventListener - Dirty checking collections
2026-02-10 11:03:11.783 [main] DEBUG org.hibernate.engine.internal.Collections - Collection found: [modelo.Pelicula.salas#2], was: [<unreferenced>] (initialized)
2026-02-10 11:03:11.783 [main] DEBUG org.hibernate.event.internal.AbstractFlushingEventListener - Flushed: 1 insertions, 0 updates, 0 deletions to 1 objects
2026-02-10 11:03:11.783 [main] DEBUG org.hibernate.event.internal.AbstractFlushingEventListener - Flushed: 1 (re)creations, 0 updates, 0 removals to 1 collections
2026-02-10 11:03:11.783 [main] DEBUG org.hibernate.internal.util.EntityPrinter - Listing entities:
2026-02-10 11:03:11.783 [main] DEBUG org.hibernate.internal.util.EntityPrinter - modelo.Pelicula{salas=[], genero=ficcion, duracion=2, titulo=Pelicula2, id=2}
2026-02-10 11:03:11.783 [main] DEBUG org.hibernate.SQL - 
    insert 
    into
        peliculas
        (duracion, genero, titulo, id) 
    values
        (?, ?, ?, ?)
2026-02-10 11:03:11.790 [main] DEBUG org.hibernate.resource.jdbc.internal.LogicalConnectionManagedImpl - Initiating JDBC connection release from afterTransaction
2026-02-10 11:03:11.791 [main] DEBUG org.hibernate.resource.jdbc.internal.LogicalConnectionManagedImpl - Initiating JDBC connection release from afterTransaction
2026-02-10 11:03:11.791 [main] DEBUG org.hibernate.engine.transaction.internal.TransactionImpl - On TransactionImpl creation, JpaCompliance#isJpaTransactionComplianceEnabled == false
2026-02-10 11:03:11.791 [main] DEBUG org.hibernate.engine.transaction.internal.TransactionImpl - begin
2026-02-10 11:03:11.793 [main] DEBUG org.hibernate.event.internal.AbstractSaveEventListener - Generated identifier: 3, using strategy: org.hibernate.id.enhanced.SequenceStyleGenerator
2026-02-10 11:03:11.793 [main] DEBUG org.hibernate.engine.transaction.internal.TransactionImpl - committing
2026-02-10 11:03:11.793 [main] DEBUG org.hibernate.event.internal.AbstractFlushingEventListener - Processing flush-time cascades
2026-02-10 11:03:11.793 [main] DEBUG org.hibernate.event.internal.AbstractFlushingEventListener - Dirty checking collections
2026-02-10 11:03:11.793 [main] DEBUG org.hibernate.engine.internal.Collections - Collection found: [modelo.Pelicula.salas#3], was: [<unreferenced>] (initialized)
2026-02-10 11:03:11.793 [main] DEBUG org.hibernate.event.internal.AbstractFlushingEventListener - Flushed: 1 insertions, 0 updates, 0 deletions to 1 objects
2026-02-10 11:03:11.793 [main] DEBUG org.hibernate.event.internal.AbstractFlushingEventListener - Flushed: 1 (re)creations, 0 updates, 0 removals to 1 collections
2026-02-10 11:03:11.793 [main] DEBUG org.hibernate.internal.util.EntityPrinter - Listing entities:
2026-02-10 11:03:11.793 [main] DEBUG org.hibernate.internal.util.EntityPrinter - modelo.Pelicula{salas=[], genero=accion, duracion=1, titulo=Pelicula3, id=3}
2026-02-10 11:03:11.793 [main] DEBUG org.hibernate.SQL - 
    insert 
    into
        peliculas
        (duracion, genero, titulo, id) 
    values
        (?, ?, ?, ?)
2026-02-10 11:03:11.800 [main] DEBUG org.hibernate.resource.jdbc.internal.LogicalConnectionManagedImpl - Initiating JDBC connection release from afterTransaction
2026-02-10 11:03:11.800 [main] DEBUG org.hibernate.resource.jdbc.internal.LogicalConnectionManagedImpl - Initiating JDBC connection release from afterTransaction
2026-02-10 11:03:11.801 [main] DEBUG org.hibernate.engine.transaction.internal.TransactionImpl - On TransactionImpl creation, JpaCompliance#isJpaTransactionComplianceEnabled == false
2026-02-10 11:03:11.801 [main] DEBUG org.hibernate.engine.transaction.internal.TransactionImpl - begin
2026-02-10 11:03:11.802 [main] DEBUG org.hibernate.event.internal.AbstractSaveEventListener - Generated identifier: 4, using strategy: org.hibernate.id.enhanced.SequenceStyleGenerator
2026-02-10 11:03:11.802 [main] DEBUG org.hibernate.engine.transaction.internal.TransactionImpl - committing
2026-02-10 11:03:11.802 [main] DEBUG org.hibernate.event.internal.AbstractFlushingEventListener - Processing flush-time cascades
2026-02-10 11:03:11.802 [main] DEBUG org.hibernate.event.internal.AbstractFlushingEventListener - Dirty checking collections
2026-02-10 11:03:11.802 [main] DEBUG org.hibernate.engine.internal.Collections - Collection found: [modelo.Pelicula.salas#4], was: [<unreferenced>] (initialized)
2026-02-10 11:03:11.802 [main] DEBUG org.hibernate.event.internal.AbstractFlushingEventListener - Flushed: 1 insertions, 0 updates, 0 deletions to 1 objects
2026-02-10 11:03:11.802 [main] DEBUG org.hibernate.event.internal.AbstractFlushingEventListener - Flushed: 1 (re)creations, 0 updates, 0 removals to 1 collections
2026-02-10 11:03:11.802 [main] DEBUG org.hibernate.internal.util.EntityPrinter - Listing entities:
2026-02-10 11:03:11.802 [main] DEBUG org.hibernate.internal.util.EntityPrinter - modelo.Pelicula{salas=[], genero=romance, duracion=2, titulo=Pelicula4, id=4}
2026-02-10 11:03:11.802 [main] DEBUG org.hibernate.SQL - 
    insert 
    into
        peliculas
        (duracion, genero, titulo, id) 
    values
        (?, ?, ?, ?)
2026-02-10 11:03:11.809 [main] DEBUG org.hibernate.resource.jdbc.internal.LogicalConnectionManagedImpl - Initiating JDBC connection release from afterTransaction
2026-02-10 11:03:11.810 [main] DEBUG org.hibernate.resource.jdbc.internal.LogicalConnectionManagedImpl - Initiating JDBC connection release from afterTransaction
2026-02-10 11:03:11.810 [main] DEBUG org.hibernate.engine.transaction.internal.TransactionImpl - On TransactionImpl creation, JpaCompliance#isJpaTransactionComplianceEnabled == false
2026-02-10 11:03:11.810 [main] DEBUG org.hibernate.engine.transaction.internal.TransactionImpl - begin
2026-02-10 11:03:11.812 [main] DEBUG org.hibernate.event.internal.AbstractSaveEventListener - Generated identifier: 5, using strategy: org.hibernate.id.enhanced.SequenceStyleGenerator
2026-02-10 11:03:11.812 [main] DEBUG org.hibernate.engine.transaction.internal.TransactionImpl - committing
2026-02-10 11:03:11.812 [main] DEBUG org.hibernate.event.internal.AbstractFlushingEventListener - Processing flush-time cascades
2026-02-10 11:03:11.812 [main] DEBUG org.hibernate.event.internal.AbstractFlushingEventListener - Dirty checking collections
2026-02-10 11:03:11.812 [main] DEBUG org.hibernate.engine.internal.Collections - Collection found: [modelo.Pelicula.salas#5], was: [<unreferenced>] (initialized)
2026-02-10 11:03:11.812 [main] DEBUG org.hibernate.event.internal.AbstractFlushingEventListener - Flushed: 1 insertions, 0 updates, 0 deletions to 1 objects
2026-02-10 11:03:11.812 [main] DEBUG org.hibernate.event.internal.AbstractFlushingEventListener - Flushed: 1 (re)creations, 0 updates, 0 removals to 1 collections
2026-02-10 11:03:11.812 [main] DEBUG org.hibernate.internal.util.EntityPrinter - Listing entities:
2026-02-10 11:03:11.812 [main] DEBUG org.hibernate.internal.util.EntityPrinter - modelo.Pelicula{salas=[], genero=suspense, duracion=4, titulo=Pelicula5, id=5}
2026-02-10 11:03:11.812 [main] DEBUG org.hibernate.SQL - 
    insert 
    into
        peliculas
        (duracion, genero, titulo, id) 
    values
        (?, ?, ?, ?)
2026-02-10 11:03:11.817 [main] DEBUG org.hibernate.resource.jdbc.internal.LogicalConnectionManagedImpl - Initiating JDBC connection release from afterTransaction
2026-02-10 11:03:11.818 [main] DEBUG org.hibernate.resource.jdbc.internal.LogicalConnectionManagedImpl - Initiating JDBC connection release from afterTransaction
2026-02-10 11:03:11.819 [main] DEBUG org.hibernate.engine.transaction.internal.TransactionImpl - On TransactionImpl creation, JpaCompliance#isJpaTransactionComplianceEnabled == false
2026-02-10 11:03:11.819 [main] DEBUG org.hibernate.engine.transaction.internal.TransactionImpl - begin
2026-02-10 11:03:11.821 [main] DEBUG org.hibernate.SQL - 
    select
        next_val as id_val 
    from
        cines_SEQ for update
2026-02-10 11:03:11.822 [main] DEBUG org.hibernate.SQL - 
    update
        cines_SEQ 
    set
        next_val= ? 
    where
        next_val=?
2026-02-10 11:03:11.827 [main] DEBUG org.hibernate.event.internal.AbstractSaveEventListener - Generated identifier: 1, using strategy: org.hibernate.id.enhanced.SequenceStyleGenerator
2026-02-10 11:03:11.830 [main] DEBUG org.hibernate.SQL - 
    select
        next_val as id_val 
    from
        salas_SEQ for update
2026-02-10 11:03:11.831 [main] DEBUG org.hibernate.SQL - 
    update
        salas_SEQ 
    set
        next_val= ? 
    where
        next_val=?
2026-02-10 11:03:11.839 [main] DEBUG org.hibernate.event.internal.AbstractSaveEventListener - Generated identifier: 1, using strategy: org.hibernate.id.enhanced.SequenceStyleGenerator
2026-02-10 11:03:11.841 [main] DEBUG org.hibernate.SQL - 
    select
        next_val as id_val 
    from
        salas_SEQ for update
2026-02-10 11:03:11.842 [main] DEBUG org.hibernate.SQL - 
    update
        salas_SEQ 
    set
        next_val= ? 
    where
        next_val=?
2026-02-10 11:03:11.850 [main] DEBUG org.hibernate.event.internal.AbstractSaveEventListener - Generated identifier: 2, using strategy: org.hibernate.id.enhanced.SequenceStyleGenerator
2026-02-10 11:03:11.850 [main] DEBUG org.hibernate.engine.transaction.internal.TransactionImpl - committing
2026-02-10 11:03:11.850 [main] DEBUG org.hibernate.event.internal.AbstractFlushingEventListener - Processing flush-time cascades
2026-02-10 11:03:11.851 [main] DEBUG org.hibernate.event.internal.AbstractFlushingEventListener - Dirty checking collections
2026-02-10 11:03:11.851 [main] DEBUG org.hibernate.engine.internal.Collections - Collection found: [modelo.Cine.salas#1], was: [<unreferenced>] (initialized)
2026-02-10 11:03:11.851 [main] DEBUG org.hibernate.engine.internal.Collections - Collection found: [modelo.Sala.peliculas#1], was: [<unreferenced>] (initialized)
2026-02-10 11:03:11.851 [main] DEBUG org.hibernate.engine.internal.Collections - Collection found: [modelo.Sala.peliculas#2], was: [<unreferenced>] (initialized)
2026-02-10 11:03:11.851 [main] DEBUG org.hibernate.event.internal.AbstractFlushingEventListener - Flushed: 3 insertions, 0 updates, 0 deletions to 3 objects
2026-02-10 11:03:11.851 [main] DEBUG org.hibernate.event.internal.AbstractFlushingEventListener - Flushed: 3 (re)creations, 0 updates, 0 removals to 3 collections
2026-02-10 11:03:11.851 [main] DEBUG org.hibernate.internal.util.EntityPrinter - Listing entities:
2026-02-10 11:03:11.851 [main] DEBUG org.hibernate.internal.util.EntityPrinter - modelo.Cine{nombrerevista=Cine 1, salas=[modelo.Sala#1, modelo.Sala#2], ubicacion=Al lao de mi casa, id=1}
2026-02-10 11:03:11.851 [main] DEBUG org.hibernate.internal.util.EntityPrinter - modelo.Sala{cine=modelo.Cine#1, peliculas=[modelo.Pelicula#2, modelo.Pelicula#4], id=1, nombre=sala2, capacidad=40}
2026-02-10 11:03:11.851 [main] DEBUG org.hibernate.internal.util.EntityPrinter - modelo.Sala{cine=modelo.Cine#1, peliculas=[modelo.Pelicula#3], id=2, nombre=sala4, capacidad=60}
2026-02-10 11:03:11.852 [main] DEBUG org.hibernate.SQL - 
    insert 
    into
        cines
        (nombrerevista, ubicacion, id) 
    values
        (?, ?, ?)
2026-02-10 11:03:11.854 [main] DEBUG org.hibernate.SQL - 
    insert 
    into
        salas
        (capacidad, cine_id, nombre, id) 
    values
        (?, ?, ?, ?)
2026-02-10 11:03:11.857 [main] DEBUG org.hibernate.SQL - 
    insert 
    into
        salas
        (capacidad, cine_id, nombre, id) 
    values
        (?, ?, ?, ?)
2026-02-10 11:03:11.858 [main] DEBUG org.hibernate.orm.jdbc.mutation - Inserting collection rows - modelo.Sala.peliculas : 1
2026-02-10 11:03:11.859 [main] DEBUG org.hibernate.SQL - 
    insert 
    into
        salas_peliculas
        (salas_id, peliculas_id) 
    values
        (?, ?)
2026-02-10 11:03:11.861 [main] DEBUG org.hibernate.SQL - 
    insert 
    into
        salas_peliculas
        (salas_id, peliculas_id) 
    values
        (?, ?)
2026-02-10 11:03:11.862 [main] DEBUG org.hibernate.orm.jdbc.mutation - Done inserting `2` collection rows : modelo.Sala.peliculas
2026-02-10 11:03:11.862 [main] DEBUG org.hibernate.orm.jdbc.mutation - Inserting collection rows - modelo.Sala.peliculas : 2
2026-02-10 11:03:11.862 [main] DEBUG org.hibernate.SQL - 
    insert 
    into
        salas_peliculas
        (salas_id, peliculas_id) 
    values
        (?, ?)
2026-02-10 11:03:11.864 [main] DEBUG org.hibernate.orm.jdbc.mutation - Done inserting `1` collection rows : modelo.Sala.peliculas
2026-02-10 11:03:11.868 [main] DEBUG org.hibernate.resource.jdbc.internal.LogicalConnectionManagedImpl - Initiating JDBC connection release from afterTransaction
2026-02-10 11:03:11.869 [main] DEBUG org.hibernate.resource.jdbc.internal.LogicalConnectionManagedImpl - Initiating JDBC connection release from afterTransaction
2026-02-10 11:03:11.869 [main] DEBUG org.hibernate.engine.transaction.internal.TransactionImpl - On TransactionImpl creation, JpaCompliance#isJpaTransactionComplianceEnabled == false
2026-02-10 11:03:11.869 [main] DEBUG org.hibernate.engine.transaction.internal.TransactionImpl - begin
2026-02-10 11:03:11.872 [main] DEBUG org.hibernate.SQL - 
    select
        next_val as id_val 
    from
        cines_SEQ for update
2026-02-10 11:03:11.873 [main] DEBUG org.hibernate.SQL - 
    update
        cines_SEQ 
    set
        next_val= ? 
    where
        next_val=?
2026-02-10 11:03:11.879 [main] DEBUG org.hibernate.event.internal.AbstractSaveEventListener - Generated identifier: 2, using strategy: org.hibernate.id.enhanced.SequenceStyleGenerator
2026-02-10 11:03:11.879 [main] DEBUG org.hibernate.event.internal.AbstractSaveEventListener - Generated identifier: 3, using strategy: org.hibernate.id.enhanced.SequenceStyleGenerator
2026-02-10 11:03:11.879 [main] DEBUG org.hibernate.event.internal.AbstractSaveEventListener - Generated identifier: 4, using strategy: org.hibernate.id.enhanced.SequenceStyleGenerator
2026-02-10 11:03:11.879 [main] DEBUG org.hibernate.engine.transaction.internal.TransactionImpl - committing
2026-02-10 11:03:11.879 [main] DEBUG org.hibernate.event.internal.AbstractFlushingEventListener - Processing flush-time cascades
2026-02-10 11:03:11.879 [main] DEBUG org.hibernate.event.internal.AbstractFlushingEventListener - Dirty checking collections
2026-02-10 11:03:11.880 [main] DEBUG org.hibernate.engine.internal.Collections - Collection found: [modelo.Cine.salas#2], was: [<unreferenced>] (initialized)
2026-02-10 11:03:11.880 [main] DEBUG org.hibernate.engine.internal.Collections - Collection found: [modelo.Sala.peliculas#3], was: [<unreferenced>] (initialized)
2026-02-10 11:03:11.880 [main] DEBUG org.hibernate.engine.internal.Collections - Collection found: [modelo.Sala.peliculas#4], was: [<unreferenced>] (initialized)
2026-02-10 11:03:11.880 [main] DEBUG org.hibernate.event.internal.AbstractFlushingEventListener - Flushed: 3 insertions, 0 updates, 0 deletions to 3 objects
2026-02-10 11:03:11.880 [main] DEBUG org.hibernate.event.internal.AbstractFlushingEventListener - Flushed: 3 (re)creations, 0 updates, 0 removals to 3 collections
2026-02-10 11:03:11.880 [main] DEBUG org.hibernate.internal.util.EntityPrinter - Listing entities:
2026-02-10 11:03:11.880 [main] DEBUG org.hibernate.internal.util.EntityPrinter - modelo.Cine{nombrerevista=Cine 2, salas=[modelo.Sala#3, modelo.Sala#4], ubicacion=No esta al lao de mi casa, id=2}
2026-02-10 11:03:11.880 [main] DEBUG org.hibernate.internal.util.EntityPrinter - modelo.Sala{cine=modelo.Cine#2, peliculas=[modelo.Pelicula#1, modelo.Pelicula#2], id=3, nombre=sala1, capacidad=50}
2026-02-10 11:03:11.880 [main] DEBUG org.hibernate.internal.util.EntityPrinter - modelo.Sala{cine=modelo.Cine#2, peliculas=[modelo.Pelicula#5], id=4, nombre=sala3, capacidad=30}
2026-02-10 11:03:11.880 [main] DEBUG org.hibernate.SQL - 
    insert 
    into
        cines
        (nombrerevista, ubicacion, id) 
    values
        (?, ?, ?)
2026-02-10 11:03:11.882 [main] DEBUG org.hibernate.SQL - 
    insert 
    into
        salas
        (capacidad, cine_id, nombre, id) 
    values
        (?, ?, ?, ?)
2026-02-10 11:03:11.885 [main] DEBUG org.hibernate.SQL - 
    insert 
    into
        salas
        (capacidad, cine_id, nombre, id) 
    values
        (?, ?, ?, ?)
2026-02-10 11:03:11.886 [main] DEBUG org.hibernate.orm.jdbc.mutation - Inserting collection rows - modelo.Sala.peliculas : 3
2026-02-10 11:03:11.886 [main] DEBUG org.hibernate.SQL - 
    insert 
    into
        salas_peliculas
        (salas_id, peliculas_id) 
    values
        (?, ?)
2026-02-10 11:03:11.887 [main] DEBUG org.hibernate.SQL - 
    insert 
    into
        salas_peliculas
        (salas_id, peliculas_id) 
    values
        (?, ?)
2026-02-10 11:03:11.888 [main] DEBUG org.hibernate.orm.jdbc.mutation - Done inserting `2` collection rows : modelo.Sala.peliculas
2026-02-10 11:03:11.888 [main] DEBUG org.hibernate.orm.jdbc.mutation - Inserting collection rows - modelo.Sala.peliculas : 4
2026-02-10 11:03:11.888 [main] DEBUG org.hibernate.SQL - 
    insert 
    into
        salas_peliculas
        (salas_id, peliculas_id) 
    values
        (?, ?)
2026-02-10 11:03:11.889 [main] DEBUG org.hibernate.orm.jdbc.mutation - Done inserting `1` collection rows : modelo.Sala.peliculas
2026-02-10 11:03:11.893 [main] DEBUG org.hibernate.resource.jdbc.internal.LogicalConnectionManagedImpl - Initiating JDBC connection release from afterTransaction
2026-02-10 11:03:11.894 [main] DEBUG org.hibernate.resource.jdbc.internal.LogicalConnectionManagedImpl - Initiating JDBC connection release from afterTransaction
2026-02-10 11:03:11.894 [main] DEBUG org.hibernate.engine.transaction.internal.TransactionImpl - On TransactionImpl creation, JpaCompliance#isJpaTransactionComplianceEnabled == false
2026-02-10 11:03:11.894 [main] DEBUG org.hibernate.engine.transaction.internal.TransactionImpl - begin
2026-02-10 11:03:11.900 [main] DEBUG org.hibernate.orm.sql.ast.create - Created new SQL alias : c1_0
2026-02-10 11:03:11.900 [main] DEBUG org.hibernate.orm.sql.ast.create - Registration of TableGroup [StandardTableGroup(modelo.Cine)] with identifierForTableGroup [modelo.Cine] for NavigablePath [modelo.Cine] 
2026-02-10 11:03:11.901 [main] DEBUG org.hibernate.orm.sql.ast.create - Created new SQL alias : s1_0
2026-02-10 11:03:11.902 [main] DEBUG org.hibernate.orm.sql.ast.create - Registration of TableGroup [org.hibernate.sql.ast.tree.from.OneToManyTableGroup@31c7c281] with identifierForTableGroup [modelo.Cine.salas] for NavigablePath [modelo.Cine.salas] 
2026-02-10 11:03:11.902 [main] DEBUG org.hibernate.orm.sql.ast.create - Registration of TableGroup [StandardTableGroup(modelo.Cine.salas.{element})] with identifierForTableGroup [modelo.Cine.salas.{element}] for NavigablePath [modelo.Cine.salas.{element}] 
2026-02-10 11:03:11.903 [main] DEBUG org.hibernate.orm.results.graph.AST - DomainResult Graph:
 \-EntityResultImpl [modelo.Cine]
 |  +-BasicFetch [modelo.Cine.nombrerevista]
 |  +-EagerCollectionFetch [modelo.Cine.salas]
 |  |  \-EntityFetchJoinedImpl [modelo.Cine.salas.{element}]
 |  \-BasicFetch [modelo.Cine.ubicacion]

2026-02-10 11:03:11.903 [main] DEBUG org.hibernate.orm.sql.ast.tree - SQL AST Tree:
    SelectStatement {
      FromClause {
        StandardTableGroup (c1 : modelo.Cine) {
          primaryTableReference : cines as c1_0
          TableGroupJoins {
            left  join OneToManyTableGroup (s1 : modelo.Cine.salas) {
              primaryTableReference : salas as s1_0
            }
          }
        }
      }
    }

2026-02-10 11:03:11.911 [main] DEBUG org.hibernate.orm.sql.exec - Skipping reading Query result cache data: cache-enabled = false, cache-mode = IGNORE
2026-02-10 11:03:11.925 [main] DEBUG org.hibernate.orm.results - Initializer list:
	  modelo.Cine.salas.{element} -> EntityJoinedFetchInitializer(modelo.Cine.salas.{element})@569707820 (EntityCollectionPart(modelo.Cine.salas#{element})@773512559)
	  modelo.Cine -> EntityResultInitializer(modelo.Cine)@1182463628 (SingleTableEntityPersister(modelo.Cine))
	  modelo.Cine.salas -> BagInitializer(modelo.Cine.salas)@1131963943 (PluralAttribute(modelo.Cine.salas))
	  modelo.Cine.salas.{element}.peliculas -> DelayedCollectionInitializer(modelo.Cine.salas.{element}.peliculas)@493844439 (PluralAttribute(modelo.Sala.peliculas))

2026-02-10 11:03:11.929 [main] DEBUG org.hibernate.SQL - 
    select
        c1_0.id,
        c1_0.nombrerevista,
        c1_0.ubicacion,
        s1_0.cine_id,
        s1_0.id,
        s1_0.capacidad,
        s1_0.nombre 
    from
        cines c1_0 
    left join
        salas s1_0 
            on c1_0.id=s1_0.cine_id 
    where
        c1_0.id=?
2026-02-10 11:03:11.933 [main] DEBUG org.hibernate.orm.results - Extracted JDBC value [4] - [1]
2026-02-10 11:03:11.933 [main] DEBUG org.hibernate.orm.results.loading.entity - (EntityJoinedFetchInitializer) Hydrated EntityKey (modelo.Cine.salas.{element}): 1
2026-02-10 11:03:11.933 [main] DEBUG org.hibernate.orm.results.loading.entity - (EntityResultInitializer) Hydrated EntityKey (modelo.Cine): 1
2026-02-10 11:03:11.933 [main] DEBUG org.hibernate.orm.results - Extracted JDBC value [4] - [1]
2026-02-10 11:03:11.933 [main] DEBUG org.hibernate.orm.results.loading.org.hibernate.orm.results.loading.collection - (DelayedCollectionInitializer) Current row collection key : modelo.Cine.salas.{element}.peliculas#1
2026-02-10 11:03:11.933 [main] DEBUG org.hibernate.orm.results - Extracted JDBC value [0] - [1]
2026-02-10 11:03:11.933 [main] DEBUG org.hibernate.orm.results.loading.org.hibernate.orm.results.loading.collection - (BagInitializer) Current row collection key : modelo.Cine.salas#1
2026-02-10 11:03:11.933 [main] DEBUG org.hibernate.orm.results - Extracted JDBC value [3] - [1]
2026-02-10 11:03:11.934 [main] DEBUG org.hibernate.orm.results.loading.entity - (EntityJoinedFetchInitializer) Created new entity instance [modelo.Cine.salas.{element}#1] : 1040079319
2026-02-10 11:03:11.934 [main] DEBUG org.hibernate.orm.results.loading.entity - (EntityResultInitializer) Created new entity instance [modelo.Cine#1] : 1503844182
2026-02-10 11:03:11.935 [main] DEBUG org.hibernate.orm.results.loading.org.hibernate.orm.results.loading.collection - (BagInitializer) Created new collection wrapper [modelo.Cine.salas#1] : org.hibernate.collection.spi.PersistentBag@562952150
2026-02-10 11:03:11.935 [main] DEBUG org.hibernate.orm.results.loading.org.hibernate.orm.results.loading.collection - (BagInitializer) Responsible for loading collection [modelo.Cine.salas#1] : org.hibernate.collection.spi.PersistentBag@562952150
2026-02-10 11:03:11.935 [main] DEBUG org.hibernate.orm.results - Extracted JDBC value [5] - [40]
2026-02-10 11:03:11.936 [main] DEBUG org.hibernate.orm.results - Extracted JDBC value [6] - [sala2]
2026-02-10 11:03:11.937 [main] DEBUG org.hibernate.orm.results.loading.entity - (EntityJoinedFetchInitializer) Done materializing entityInstance : modelo.Cine.salas.{element}#1
2026-02-10 11:03:11.937 [main] DEBUG org.hibernate.orm.results.loading.org.hibernate.orm.results.loading.collection - (BagInitializer) Reading element from row for collection [modelo.Cine.salas#1] -> org.hibernate.collection.spi.PersistentBag@562952150
2026-02-10 11:03:11.937 [main] DEBUG org.hibernate.orm.results - Extracted JDBC value [1] - [Cine 1]
2026-02-10 11:03:11.937 [main] DEBUG org.hibernate.orm.results - Extracted JDBC value [2] - [Al lao de mi casa]
2026-02-10 11:03:11.937 [main] DEBUG org.hibernate.orm.results.loading.entity - (EntityResultInitializer) Done materializing entityInstance : modelo.Cine#1
2026-02-10 11:03:11.937 [main] DEBUG org.hibernate.orm.results.loading - Calling top-level assembler (0 / 1) : org.hibernate.sql.results.graph.entity.internal.EntityAssembler@7e81617a
2026-02-10 11:03:11.937 [main] DEBUG org.hibernate.orm.results - Extracted JDBC value [4] - [2]
2026-02-10 11:03:11.937 [main] DEBUG org.hibernate.orm.results.loading.entity - (EntityJoinedFetchInitializer) Hydrated EntityKey (modelo.Cine.salas.{element}): 2
2026-02-10 11:03:11.938 [main] DEBUG org.hibernate.orm.results.loading.entity - (EntityResultInitializer) Hydrated EntityKey (modelo.Cine): 1
2026-02-10 11:03:11.938 [main] DEBUG org.hibernate.orm.results - Extracted JDBC value [4] - [2]
2026-02-10 11:03:11.938 [main] DEBUG org.hibernate.orm.results.loading.org.hibernate.orm.results.loading.collection - (DelayedCollectionInitializer) Current row collection key : modelo.Cine.salas.{element}.peliculas#2
2026-02-10 11:03:11.938 [main] DEBUG org.hibernate.orm.results - Extracted JDBC value [0] - [1]
2026-02-10 11:03:11.938 [main] DEBUG org.hibernate.orm.results.loading.org.hibernate.orm.results.loading.collection - (BagInitializer) Current row collection key : modelo.Cine.salas#1
2026-02-10 11:03:11.938 [main] DEBUG org.hibernate.orm.results - Extracted JDBC value [3] - [1]
2026-02-10 11:03:11.938 [main] DEBUG org.hibernate.orm.results.loading.entity - (EntityJoinedFetchInitializer) Created new entity instance [modelo.Cine.salas.{element}#2] : 1156260946
2026-02-10 11:03:11.938 [main] DEBUG org.hibernate.orm.results.loading.org.hibernate.orm.results.loading.collection - (BagInitializer) Found existing loading collection entry [modelo.Cine.salas#1]; using loading collection instance - org.hibernate.collection.spi.PersistentBag@562952150
2026-02-10 11:03:11.938 [main] DEBUG org.hibernate.orm.results.loading.org.hibernate.orm.results.loading.collection - (BagInitializer) Responsible for loading collection [modelo.Cine.salas#1] : org.hibernate.collection.spi.PersistentBag@562952150
2026-02-10 11:03:11.938 [main] DEBUG org.hibernate.orm.results - Extracted JDBC value [5] - [60]
2026-02-10 11:03:11.938 [main] DEBUG org.hibernate.orm.results - Extracted JDBC value [6] - [sala4]
2026-02-10 11:03:11.938 [main] DEBUG org.hibernate.orm.results.loading.entity - (EntityJoinedFetchInitializer) Done materializing entityInstance : modelo.Cine.salas.{element}#2
2026-02-10 11:03:11.938 [main] DEBUG org.hibernate.orm.results.loading.org.hibernate.orm.results.loading.collection - (BagInitializer) Reading element from row for collection [modelo.Cine.salas#1] -> org.hibernate.collection.spi.PersistentBag@562952150
2026-02-10 11:03:11.939 [main] DEBUG org.hibernate.orm.results.loading - Calling top-level assembler (0 / 1) : org.hibernate.sql.results.graph.entity.internal.EntityAssembler@7e81617a
2026-02-10 11:03:11.939 [main] DEBUG org.hibernate.sql.results.internal.ResultsHelper - Collection fully initialized: [modelo.Cine.salas#1]
2026-02-10 11:03:11.942 [main] DEBUG org.hibernate.orm.sql.exec - Skipping reading Query result cache data: cache-enabled = false, cache-mode = IGNORE
2026-02-10 11:03:11.942 [main] DEBUG org.hibernate.orm.results - Initializer list:
	  modelo.Sala.peliculas -> BagInitializer(modelo.Sala.peliculas)@126791597 (PluralAttribute(modelo.Sala.peliculas))
	  modelo.Sala.peliculas.{element}.salas -> DelayedCollectionInitializer(modelo.Sala.peliculas.{element}.salas)@1895082945 (PluralAttribute(modelo.Pelicula.salas))
	  modelo.Sala.peliculas.{element} -> EntityJoinedFetchInitializer(modelo.Sala.peliculas.{element})@651176183 (EntityCollectionPart(modelo.Sala.peliculas#{element})@170782933)

2026-02-10 11:03:11.942 [main] DEBUG org.hibernate.SQL - 
    select
        p1_0.salas_id,
        p1_1.id,
        p1_1.duracion,
        p1_1.genero,
        p1_1.titulo 
    from
        salas_peliculas p1_0 
    join
        peliculas p1_1 
            on p1_1.id=p1_0.peliculas_id 
    where
        p1_0.salas_id=?
2026-02-10 11:03:11.943 [main] DEBUG org.hibernate.orm.results - Extracted JDBC value [1] - [2]
2026-02-10 11:03:11.943 [main] DEBUG org.hibernate.orm.results.loading.entity - (EntityJoinedFetchInitializer) Hydrated EntityKey (modelo.Sala.peliculas.{element}): 2
2026-02-10 11:03:11.943 [main] DEBUG org.hibernate.orm.results - Extracted JDBC value [1] - [2]
2026-02-10 11:03:11.943 [main] DEBUG org.hibernate.orm.results.loading.org.hibernate.orm.results.loading.collection - (DelayedCollectionInitializer) Current row collection key : modelo.Sala.peliculas.{element}.salas#2
2026-02-10 11:03:11.943 [main] DEBUG org.hibernate.orm.results - Extracted JDBC value [0] - [1]
2026-02-10 11:03:11.943 [main] DEBUG org.hibernate.orm.results.loading.org.hibernate.orm.results.loading.collection - (BagInitializer) Current row collection key : modelo.Sala.peliculas#1
2026-02-10 11:03:11.943 [main] DEBUG org.hibernate.orm.results - Extracted JDBC value [0] - [1]
2026-02-10 11:03:11.944 [main] DEBUG org.hibernate.orm.results.loading.entity - (EntityJoinedFetchInitializer) Created new entity instance [modelo.Sala.peliculas.{element}#2] : 182698304
2026-02-10 11:03:11.944 [main] DEBUG org.hibernate.orm.results.loading.org.hibernate.orm.results.loading.collection - (BagInitializer) Responsible for loading collection [modelo.Sala.peliculas#1] : org.hibernate.collection.spi.PersistentBag@1666530975
2026-02-10 11:03:11.944 [main] DEBUG org.hibernate.orm.results - Extracted JDBC value [2] - [2]
2026-02-10 11:03:11.944 [main] DEBUG org.hibernate.orm.results - Extracted JDBC value [3] - [ficcion]
2026-02-10 11:03:11.944 [main] DEBUG org.hibernate.orm.results - Extracted JDBC value [4] - [Pelicula2]
2026-02-10 11:03:11.944 [main] DEBUG org.hibernate.orm.results.loading.entity - (EntityJoinedFetchInitializer) Done materializing entityInstance : modelo.Sala.peliculas.{element}#2
2026-02-10 11:03:11.944 [main] DEBUG org.hibernate.orm.results.loading.org.hibernate.orm.results.loading.collection - (BagInitializer) Reading element from row for collection [modelo.Sala.peliculas#1] -> org.hibernate.collection.spi.PersistentBag@1666530975
2026-02-10 11:03:11.944 [main] DEBUG org.hibernate.orm.results.loading - Calling top-level assembler (0 / 1) : org.hibernate.sql.results.graph.collection.internal.EagerCollectionAssembler@71b0289b
2026-02-10 11:03:11.944 [main] DEBUG org.hibernate.orm.results - Extracted JDBC value [1] - [4]
2026-02-10 11:03:11.944 [main] DEBUG org.hibernate.orm.results.loading.entity - (EntityJoinedFetchInitializer) Hydrated EntityKey (modelo.Sala.peliculas.{element}): 4
2026-02-10 11:03:11.944 [main] DEBUG org.hibernate.orm.results - Extracted JDBC value [1] - [4]
2026-02-10 11:03:11.944 [main] DEBUG org.hibernate.orm.results.loading.org.hibernate.orm.results.loading.collection - (DelayedCollectionInitializer) Current row collection key : modelo.Sala.peliculas.{element}.salas#4
2026-02-10 11:03:11.944 [main] DEBUG org.hibernate.orm.results - Extracted JDBC value [0] - [1]
2026-02-10 11:03:11.944 [main] DEBUG org.hibernate.orm.results.loading.org.hibernate.orm.results.loading.collection - (BagInitializer) Current row collection key : modelo.Sala.peliculas#1
2026-02-10 11:03:11.945 [main] DEBUG org.hibernate.orm.results - Extracted JDBC value [0] - [1]
2026-02-10 11:03:11.945 [main] DEBUG org.hibernate.orm.results.loading.entity - (EntityJoinedFetchInitializer) Created new entity instance [modelo.Sala.peliculas.{element}#4] : 1120682507
2026-02-10 11:03:11.945 [main] DEBUG org.hibernate.orm.results.loading.org.hibernate.orm.results.loading.collection - (BagInitializer) Found existing loading collection entry [modelo.Sala.peliculas#1]; using loading collection instance - org.hibernate.collection.spi.PersistentBag@1666530975
2026-02-10 11:03:11.945 [main] DEBUG org.hibernate.orm.results.loading.org.hibernate.orm.results.loading.collection - (BagInitializer) Responsible for loading collection [modelo.Sala.peliculas#1] : org.hibernate.collection.spi.PersistentBag@1666530975
2026-02-10 11:03:11.945 [main] DEBUG org.hibernate.orm.results - Extracted JDBC value [2] - [2]
2026-02-10 11:03:11.945 [main] DEBUG org.hibernate.orm.results - Extracted JDBC value [3] - [romance]
2026-02-10 11:03:11.945 [main] DEBUG org.hibernate.orm.results - Extracted JDBC value [4] - [Pelicula4]
2026-02-10 11:03:11.945 [main] DEBUG org.hibernate.orm.results.loading.entity - (EntityJoinedFetchInitializer) Done materializing entityInstance : modelo.Sala.peliculas.{element}#4
2026-02-10 11:03:11.945 [main] DEBUG org.hibernate.orm.results.loading.org.hibernate.orm.results.loading.collection - (BagInitializer) Reading element from row for collection [modelo.Sala.peliculas#1] -> org.hibernate.collection.spi.PersistentBag@1666530975
2026-02-10 11:03:11.945 [main] DEBUG org.hibernate.orm.results.loading - Calling top-level assembler (0 / 1) : org.hibernate.sql.results.graph.collection.internal.EagerCollectionAssembler@71b0289b
2026-02-10 11:03:11.945 [main] DEBUG org.hibernate.sql.results.internal.ResultsHelper - Collection fully initialized: [modelo.Sala.peliculas#1]
2026-02-10 11:03:11.945 [main] DEBUG org.hibernate.engine.spi.CollectionEntry - Reset storedSnapshot to [modelo.Pelicula@ae3c140, modelo.Pelicula@42cc420b] for CollectionEntry[modelo.Sala.peliculas#1]
2026-02-10 11:03:11.945 [main] DEBUG org.hibernate.orm.sql.exec - Skipping reading Query result cache data: cache-enabled = false, cache-mode = IGNORE
2026-02-10 11:03:11.946 [main] DEBUG org.hibernate.orm.results - Initializer list:
	  modelo.Sala.peliculas -> BagInitializer(modelo.Sala.peliculas)@537033796 (PluralAttribute(modelo.Sala.peliculas))
	  modelo.Sala.peliculas.{element}.salas -> DelayedCollectionInitializer(modelo.Sala.peliculas.{element}.salas)@8302165 (PluralAttribute(modelo.Pelicula.salas))
	  modelo.Sala.peliculas.{element} -> EntityJoinedFetchInitializer(modelo.Sala.peliculas.{element})@1568990051 (EntityCollectionPart(modelo.Sala.peliculas#{element})@170782933)

2026-02-10 11:03:11.946 [main] DEBUG org.hibernate.SQL - 
    select
        p1_0.salas_id,
        p1_1.id,
        p1_1.duracion,
        p1_1.genero,
        p1_1.titulo 
    from
        salas_peliculas p1_0 
    join
        peliculas p1_1 
            on p1_1.id=p1_0.peliculas_id 
    where
        p1_0.salas_id=?
2026-02-10 11:03:11.947 [main] DEBUG org.hibernate.orm.results - Extracted JDBC value [1] - [3]
2026-02-10 11:03:11.948 [main] DEBUG org.hibernate.orm.results.loading.entity - (EntityJoinedFetchInitializer) Hydrated EntityKey (modelo.Sala.peliculas.{element}): 3
2026-02-10 11:03:11.948 [main] DEBUG org.hibernate.orm.results - Extracted JDBC value [1] - [3]
2026-02-10 11:03:11.948 [main] DEBUG org.hibernate.orm.results.loading.org.hibernate.orm.results.loading.collection - (DelayedCollectionInitializer) Current row collection key : modelo.Sala.peliculas.{element}.salas#3
2026-02-10 11:03:11.948 [main] DEBUG org.hibernate.orm.results - Extracted JDBC value [0] - [2]
2026-02-10 11:03:11.948 [main] DEBUG org.hibernate.orm.results.loading.org.hibernate.orm.results.loading.collection - (BagInitializer) Current row collection key : modelo.Sala.peliculas#2
2026-02-10 11:03:11.948 [main] DEBUG org.hibernate.orm.results - Extracted JDBC value [0] - [2]
2026-02-10 11:03:11.948 [main] DEBUG org.hibernate.orm.results.loading.entity - (EntityJoinedFetchInitializer) Created new entity instance [modelo.Sala.peliculas.{element}#3] : 2019181911
2026-02-10 11:03:11.948 [main] DEBUG org.hibernate.orm.results.loading.org.hibernate.orm.results.loading.collection - (BagInitializer) Responsible for loading collection [modelo.Sala.peliculas#2] : org.hibernate.collection.spi.PersistentBag@831784708
2026-02-10 11:03:11.948 [main] DEBUG org.hibernate.orm.results - Extracted JDBC value [2] - [1]
2026-02-10 11:03:11.949 [main] DEBUG org.hibernate.orm.results - Extracted JDBC value [3] - [accion]
2026-02-10 11:03:11.949 [main] DEBUG org.hibernate.orm.results - Extracted JDBC value [4] - [Pelicula3]
2026-02-10 11:03:11.949 [main] DEBUG org.hibernate.orm.results.loading.entity - (EntityJoinedFetchInitializer) Done materializing entityInstance : modelo.Sala.peliculas.{element}#3
2026-02-10 11:03:11.949 [main] DEBUG org.hibernate.orm.results.loading.org.hibernate.orm.results.loading.collection - (BagInitializer) Reading element from row for collection [modelo.Sala.peliculas#2] -> org.hibernate.collection.spi.PersistentBag@831784708
2026-02-10 11:03:11.949 [main] DEBUG org.hibernate.orm.results.loading - Calling top-level assembler (0 / 1) : org.hibernate.sql.results.graph.collection.internal.EagerCollectionAssembler@3b5da0b0
2026-02-10 11:03:11.949 [main] DEBUG org.hibernate.sql.results.internal.ResultsHelper - Collection fully initialized: [modelo.Sala.peliculas#2]
2026-02-10 11:03:11.949 [main] DEBUG org.hibernate.engine.spi.CollectionEntry - Reset storedSnapshot to [modelo.Pelicula@785a4557] for CollectionEntry[modelo.Sala.peliculas#2]
2026-02-10 11:03:11.949 [main] DEBUG org.hibernate.engine.spi.CollectionEntry - Reset storedSnapshot to [modelo.Sala@3dfe59d7, modelo.Sala@44eb2452] for CollectionEntry[modelo.Cine.salas#1]
2026-02-10 11:03:11.949 [main] DEBUG org.hibernate.engine.transaction.internal.TransactionImpl - committing
2026-02-10 11:03:11.949 [main] DEBUG org.hibernate.event.internal.AbstractFlushingEventListener - Processing flush-time cascades
2026-02-10 11:03:11.949 [main] DEBUG org.hibernate.event.internal.AbstractFlushingEventListener - Dirty checking collections
2026-02-10 11:03:11.950 [main] DEBUG org.hibernate.engine.internal.Collections - Collection found: [modelo.Sala.peliculas#1], was: [modelo.Sala.peliculas#1] (initialized)
2026-02-10 11:03:11.950 [main] DEBUG org.hibernate.engine.internal.Collections - Collection found: [modelo.Cine.salas#1], was: [modelo.Cine.salas#1] (initialized)
2026-02-10 11:03:11.950 [main] DEBUG org.hibernate.engine.internal.Collections - Collection found: [modelo.Sala.peliculas#2], was: [modelo.Sala.peliculas#2] (initialized)
2026-02-10 11:03:11.950 [main] DEBUG org.hibernate.engine.internal.Collections - Collection found: [modelo.Pelicula.salas#2], was: [modelo.Pelicula.salas#2] (uninitialized)
2026-02-10 11:03:11.950 [main] DEBUG org.hibernate.engine.internal.Collections - Collection found: [modelo.Pelicula.salas#4], was: [modelo.Pelicula.salas#4] (uninitialized)
2026-02-10 11:03:11.950 [main] DEBUG org.hibernate.engine.internal.Collections - Collection found: [modelo.Pelicula.salas#3], was: [modelo.Pelicula.salas#3] (uninitialized)
2026-02-10 11:03:11.950 [main] DEBUG org.hibernate.event.internal.AbstractFlushingEventListener - Flushed: 0 insertions, 0 updates, 0 deletions to 6 objects
2026-02-10 11:03:11.950 [main] DEBUG org.hibernate.event.internal.AbstractFlushingEventListener - Flushed: 0 (re)creations, 0 updates, 0 removals to 6 collections
2026-02-10 11:03:11.950 [main] DEBUG org.hibernate.internal.util.EntityPrinter - Listing entities:
2026-02-10 11:03:11.950 [main] DEBUG org.hibernate.internal.util.EntityPrinter - modelo.Pelicula{salas=<uninitialized>, genero=romance, duracion=2, titulo=Pelicula4, id=4}
2026-02-10 11:03:11.950 [main] DEBUG org.hibernate.internal.util.EntityPrinter - modelo.Pelicula{salas=<uninitialized>, genero=ficcion, duracion=2, titulo=Pelicula2, id=2}
2026-02-10 11:03:11.950 [main] DEBUG org.hibernate.internal.util.EntityPrinter - modelo.Cine{nombrerevista=Cine 1, salas=[modelo.Sala#1, modelo.Sala#2], ubicacion=Al lao de mi casa, id=1}
2026-02-10 11:03:11.950 [main] DEBUG org.hibernate.internal.util.EntityPrinter - modelo.Pelicula{salas=<uninitialized>, genero=accion, duracion=1, titulo=Pelicula3, id=3}
2026-02-10 11:03:11.951 [main] DEBUG org.hibernate.internal.util.EntityPrinter - modelo.Sala{cine=modelo.Cine#1, peliculas=[modelo.Pelicula#2, modelo.Pelicula#4], id=1, nombre=sala2, capacidad=40}
2026-02-10 11:03:11.951 [main] DEBUG org.hibernate.internal.util.EntityPrinter - modelo.Sala{cine=modelo.Cine#1, peliculas=[modelo.Pelicula#3], id=2, nombre=sala4, capacidad=60}
2026-02-10 11:03:11.952 [main] DEBUG org.hibernate.resource.jdbc.internal.LogicalConnectionManagedImpl - Initiating JDBC connection release from afterTransaction
2026-02-10 11:03:11.953 [main] DEBUG org.hibernate.resource.jdbc.internal.LogicalConnectionManagedImpl - Initiating JDBC connection release from afterTransaction
2026-02-10 11:03:11.953 [main] DEBUG org.hibernate.engine.transaction.internal.TransactionImpl - On TransactionImpl creation, JpaCompliance#isJpaTransactionComplianceEnabled == false
2026-02-10 11:03:11.953 [main] DEBUG org.hibernate.engine.transaction.internal.TransactionImpl - begin
2026-02-10 11:03:11.955 [main] DEBUG org.hibernate.orm.sql.exec - Skipping reading Query result cache data: cache-enabled = false, cache-mode = IGNORE
2026-02-10 11:03:11.955 [main] DEBUG org.hibernate.orm.results - Initializer list:
	  modelo.Cine.salas.{element} -> EntityJoinedFetchInitializer(modelo.Cine.salas.{element})@748466085 (EntityCollectionPart(modelo.Cine.salas#{element})@773512559)
	  modelo.Cine -> EntityResultInitializer(modelo.Cine)@113653660 (SingleTableEntityPersister(modelo.Cine))
	  modelo.Cine.salas -> BagInitializer(modelo.Cine.salas)@2113171614 (PluralAttribute(modelo.Cine.salas))
	  modelo.Cine.salas.{element}.peliculas -> DelayedCollectionInitializer(modelo.Cine.salas.{element}.peliculas)@737810352 (PluralAttribute(modelo.Sala.peliculas))

2026-02-10 11:03:11.955 [main] DEBUG org.hibernate.SQL - 
    select
        c1_0.id,
        c1_0.nombrerevista,
        c1_0.ubicacion,
        s1_0.cine_id,
        s1_0.id,
        s1_0.capacidad,
        s1_0.nombre 
    from
        cines c1_0 
    left join
        salas s1_0 
            on c1_0.id=s1_0.cine_id 
    where
        c1_0.id=?
2026-02-10 11:03:11.957 [main] DEBUG org.hibernate.orm.results - Extracted JDBC value [4] - [3]
2026-02-10 11:03:11.957 [main] DEBUG org.hibernate.orm.results.loading.entity - (EntityJoinedFetchInitializer) Hydrated EntityKey (modelo.Cine.salas.{element}): 3
2026-02-10 11:03:11.957 [main] DEBUG org.hibernate.orm.results.loading.entity - (EntityResultInitializer) Hydrated EntityKey (modelo.Cine): 2
2026-02-10 11:03:11.957 [main] DEBUG org.hibernate.orm.results - Extracted JDBC value [4] - [3]
2026-02-10 11:03:11.957 [main] DEBUG org.hibernate.orm.results.loading.org.hibernate.orm.results.loading.collection - (DelayedCollectionInitializer) Current row collection key : modelo.Cine.salas.{element}.peliculas#3
2026-02-10 11:03:11.957 [main] DEBUG org.hibernate.orm.results - Extracted JDBC value [0] - [2]
2026-02-10 11:03:11.957 [main] DEBUG org.hibernate.orm.results.loading.org.hibernate.orm.results.loading.collection - (BagInitializer) Current row collection key : modelo.Cine.salas#2
2026-02-10 11:03:11.957 [main] DEBUG org.hibernate.orm.results - Extracted JDBC value [3] - [2]
2026-02-10 11:03:11.957 [main] DEBUG org.hibernate.orm.results.loading.entity - (EntityJoinedFetchInitializer) Created new entity instance [modelo.Cine.salas.{element}#3] : 196161345
2026-02-10 11:03:11.957 [main] DEBUG org.hibernate.orm.results.loading.entity - (EntityResultInitializer) Created new entity instance [modelo.Cine#2] : 1888353808
2026-02-10 11:03:11.957 [main] DEBUG org.hibernate.orm.results.loading.org.hibernate.orm.results.loading.collection - (BagInitializer) Created new collection wrapper [modelo.Cine.salas#2] : org.hibernate.collection.spi.PersistentBag@705825928
2026-02-10 11:03:11.957 [main] DEBUG org.hibernate.orm.results.loading.org.hibernate.orm.results.loading.collection - (BagInitializer) Responsible for loading collection [modelo.Cine.salas#2] : org.hibernate.collection.spi.PersistentBag@705825928
2026-02-10 11:03:11.957 [main] DEBUG org.hibernate.orm.results - Extracted JDBC value [5] - [50]
2026-02-10 11:03:11.957 [main] DEBUG org.hibernate.orm.results - Extracted JDBC value [6] - [sala1]
2026-02-10 11:03:11.957 [main] DEBUG org.hibernate.orm.results.loading.entity - (EntityJoinedFetchInitializer) Done materializing entityInstance : modelo.Cine.salas.{element}#3
2026-02-10 11:03:11.957 [main] DEBUG org.hibernate.orm.results.loading.org.hibernate.orm.results.loading.collection - (BagInitializer) Reading element from row for collection [modelo.Cine.salas#2] -> org.hibernate.collection.spi.PersistentBag@705825928
2026-02-10 11:03:11.957 [main] DEBUG org.hibernate.orm.results - Extracted JDBC value [1] - [Cine 2]
2026-02-10 11:03:11.957 [main] DEBUG org.hibernate.orm.results - Extracted JDBC value [2] - [No esta al lao de mi casa]
2026-02-10 11:03:11.957 [main] DEBUG org.hibernate.orm.results.loading.entity - (EntityResultInitializer) Done materializing entityInstance : modelo.Cine#2
2026-02-10 11:03:11.957 [main] DEBUG org.hibernate.orm.results.loading - Calling top-level assembler (0 / 1) : org.hibernate.sql.results.graph.entity.internal.EntityAssembler@285bf5ac
2026-02-10 11:03:11.957 [main] DEBUG org.hibernate.orm.results - Extracted JDBC value [4] - [4]
2026-02-10 11:03:11.957 [main] DEBUG org.hibernate.orm.results.loading.entity - (EntityJoinedFetchInitializer) Hydrated EntityKey (modelo.Cine.salas.{element}): 4
2026-02-10 11:03:11.957 [main] DEBUG org.hibernate.orm.results.loading.entity - (EntityResultInitializer) Hydrated EntityKey (modelo.Cine): 2
2026-02-10 11:03:11.957 [main] DEBUG org.hibernate.orm.results - Extracted JDBC value [4] - [4]
2026-02-10 11:03:11.957 [main] DEBUG org.hibernate.orm.results.loading.org.hibernate.orm.results.loading.collection - (DelayedCollectionInitializer) Current row collection key : modelo.Cine.salas.{element}.peliculas#4
2026-02-10 11:03:11.957 [main] DEBUG org.hibernate.orm.results - Extracted JDBC value [0] - [2]
2026-02-10 11:03:11.958 [main] DEBUG org.hibernate.orm.results.loading.org.hibernate.orm.results.loading.collection - (BagInitializer) Current row collection key : modelo.Cine.salas#2
2026-02-10 11:03:11.958 [main] DEBUG org.hibernate.orm.results - Extracted JDBC value [3] - [2]
2026-02-10 11:03:11.958 [main] DEBUG org.hibernate.orm.results.loading.entity - (EntityJoinedFetchInitializer) Created new entity instance [modelo.Cine.salas.{element}#4] : 926544841
2026-02-10 11:03:11.958 [main] DEBUG org.hibernate.orm.results.loading.org.hibernate.orm.results.loading.collection - (BagInitializer) Found existing loading collection entry [modelo.Cine.salas#2]; using loading collection instance - org.hibernate.collection.spi.PersistentBag@705825928
2026-02-10 11:03:11.958 [main] DEBUG org.hibernate.orm.results.loading.org.hibernate.orm.results.loading.collection - (BagInitializer) Responsible for loading collection [modelo.Cine.salas#2] : org.hibernate.collection.spi.PersistentBag@705825928
2026-02-10 11:03:11.958 [main] DEBUG org.hibernate.orm.results - Extracted JDBC value [5] - [30]
2026-02-10 11:03:11.958 [main] DEBUG org.hibernate.orm.results - Extracted JDBC value [6] - [sala3]
2026-02-10 11:03:11.958 [main] DEBUG org.hibernate.orm.results.loading.entity - (EntityJoinedFetchInitializer) Done materializing entityInstance : modelo.Cine.salas.{element}#4
2026-02-10 11:03:11.958 [main] DEBUG org.hibernate.orm.results.loading.org.hibernate.orm.results.loading.collection - (BagInitializer) Reading element from row for collection [modelo.Cine.salas#2] -> org.hibernate.collection.spi.PersistentBag@705825928
2026-02-10 11:03:11.958 [main] DEBUG org.hibernate.orm.results.loading - Calling top-level assembler (0 / 1) : org.hibernate.sql.results.graph.entity.internal.EntityAssembler@285bf5ac
2026-02-10 11:03:11.958 [main] DEBUG org.hibernate.sql.results.internal.ResultsHelper - Collection fully initialized: [modelo.Cine.salas#2]
2026-02-10 11:03:11.958 [main] DEBUG org.hibernate.orm.sql.exec - Skipping reading Query result cache data: cache-enabled = false, cache-mode = IGNORE
2026-02-10 11:03:11.958 [main] DEBUG org.hibernate.orm.results - Initializer list:
	  modelo.Sala.peliculas -> BagInitializer(modelo.Sala.peliculas)@1090424789 (PluralAttribute(modelo.Sala.peliculas))
	  modelo.Sala.peliculas.{element}.salas -> DelayedCollectionInitializer(modelo.Sala.peliculas.{element}.salas)@939517171 (PluralAttribute(modelo.Pelicula.salas))
	  modelo.Sala.peliculas.{element} -> EntityJoinedFetchInitializer(modelo.Sala.peliculas.{element})@1335946878 (EntityCollectionPart(modelo.Sala.peliculas#{element})@170782933)

2026-02-10 11:03:11.958 [main] DEBUG org.hibernate.SQL - 
    select
        p1_0.salas_id,
        p1_1.id,
        p1_1.duracion,
        p1_1.genero,
        p1_1.titulo 
    from
        salas_peliculas p1_0 
    join
        peliculas p1_1 
            on p1_1.id=p1_0.peliculas_id 
    where
        p1_0.salas_id=?
2026-02-10 11:03:11.960 [main] DEBUG org.hibernate.orm.results - Extracted JDBC value [1] - [1]
2026-02-10 11:03:11.960 [main] DEBUG org.hibernate.orm.results.loading.entity - (EntityJoinedFetchInitializer) Hydrated EntityKey (modelo.Sala.peliculas.{element}): 1
2026-02-10 11:03:11.960 [main] DEBUG org.hibernate.orm.results - Extracted JDBC value [1] - [1]
2026-02-10 11:03:11.960 [main] DEBUG org.hibernate.orm.results.loading.org.hibernate.orm.results.loading.collection - (DelayedCollectionInitializer) Current row collection key : modelo.Sala.peliculas.{element}.salas#1
2026-02-10 11:03:11.960 [main] DEBUG org.hibernate.orm.results - Extracted JDBC value [0] - [3]
2026-02-10 11:03:11.960 [main] DEBUG org.hibernate.orm.results.loading.org.hibernate.orm.results.loading.collection - (BagInitializer) Current row collection key : modelo.Sala.peliculas#3
2026-02-10 11:03:11.960 [main] DEBUG org.hibernate.orm.results - Extracted JDBC value [0] - [3]
2026-02-10 11:03:11.960 [main] DEBUG org.hibernate.orm.results.loading.entity - (EntityJoinedFetchInitializer) Created new entity instance [modelo.Sala.peliculas.{element}#1] : 1552617652
2026-02-10 11:03:11.960 [main] DEBUG org.hibernate.orm.results.loading.org.hibernate.orm.results.loading.collection - (BagInitializer) Responsible for loading collection [modelo.Sala.peliculas#3] : org.hibernate.collection.spi.PersistentBag@25790944
2026-02-10 11:03:11.960 [main] DEBUG org.hibernate.orm.results - Extracted JDBC value [2] - [3]
2026-02-10 11:03:11.960 [main] DEBUG org.hibernate.orm.results - Extracted JDBC value [3] - [guay]
2026-02-10 11:03:11.960 [main] DEBUG org.hibernate.orm.results - Extracted JDBC value [4] - [Pelicula1]
2026-02-10 11:03:11.960 [main] DEBUG org.hibernate.orm.results.loading.entity - (EntityJoinedFetchInitializer) Done materializing entityInstance : modelo.Sala.peliculas.{element}#1
2026-02-10 11:03:11.960 [main] DEBUG org.hibernate.orm.results.loading.org.hibernate.orm.results.loading.collection - (BagInitializer) Reading element from row for collection [modelo.Sala.peliculas#3] -> org.hibernate.collection.spi.PersistentBag@25790944
2026-02-10 11:03:11.961 [main] DEBUG org.hibernate.orm.results.loading - Calling top-level assembler (0 / 1) : org.hibernate.sql.results.graph.collection.internal.EagerCollectionAssembler@4ccdacf5
2026-02-10 11:03:11.961 [main] DEBUG org.hibernate.orm.results - Extracted JDBC value [1] - [2]
2026-02-10 11:03:11.961 [main] DEBUG org.hibernate.orm.results.loading.entity - (EntityJoinedFetchInitializer) Hydrated EntityKey (modelo.Sala.peliculas.{element}): 2
2026-02-10 11:03:11.961 [main] DEBUG org.hibernate.orm.results - Extracted JDBC value [1] - [2]
2026-02-10 11:03:11.961 [main] DEBUG org.hibernate.orm.results.loading.org.hibernate.orm.results.loading.collection - (DelayedCollectionInitializer) Current row collection key : modelo.Sala.peliculas.{element}.salas#2
2026-02-10 11:03:11.961 [main] DEBUG org.hibernate.orm.results - Extracted JDBC value [0] - [3]
2026-02-10 11:03:11.961 [main] DEBUG org.hibernate.orm.results.loading.org.hibernate.orm.results.loading.collection - (BagInitializer) Current row collection key : modelo.Sala.peliculas#3
2026-02-10 11:03:11.961 [main] DEBUG org.hibernate.orm.results - Extracted JDBC value [0] - [3]
2026-02-10 11:03:11.961 [main] DEBUG org.hibernate.orm.results.loading.entity - (EntityJoinedFetchInitializer) Created new entity instance [modelo.Sala.peliculas.{element}#2] : 95055266
2026-02-10 11:03:11.961 [main] DEBUG org.hibernate.orm.results.loading.org.hibernate.orm.results.loading.collection - (BagInitializer) Found existing loading collection entry [modelo.Sala.peliculas#3]; using loading collection instance - org.hibernate.collection.spi.PersistentBag@25790944
2026-02-10 11:03:11.961 [main] DEBUG org.hibernate.orm.results.loading.org.hibernate.orm.results.loading.collection - (BagInitializer) Responsible for loading collection [modelo.Sala.peliculas#3] : org.hibernate.collection.spi.PersistentBag@25790944
2026-02-10 11:03:11.961 [main] DEBUG org.hibernate.orm.results - Extracted JDBC value [2] - [2]
2026-02-10 11:03:11.961 [main] DEBUG org.hibernate.orm.results - Extracted JDBC value [3] - [ficcion]
2026-02-10 11:03:11.961 [main] DEBUG org.hibernate.orm.results - Extracted JDBC value [4] - [Pelicula2]
2026-02-10 11:03:11.961 [main] DEBUG org.hibernate.orm.results.loading.entity - (EntityJoinedFetchInitializer) Done materializing entityInstance : modelo.Sala.peliculas.{element}#2
2026-02-10 11:03:11.961 [main] DEBUG org.hibernate.orm.results.loading.org.hibernate.orm.results.loading.collection - (BagInitializer) Reading element from row for collection [modelo.Sala.peliculas#3] -> org.hibernate.collection.spi.PersistentBag@25790944
2026-02-10 11:03:11.961 [main] DEBUG org.hibernate.orm.results.loading - Calling top-level assembler (0 / 1) : org.hibernate.sql.results.graph.collection.internal.EagerCollectionAssembler@4ccdacf5
2026-02-10 11:03:11.961 [main] DEBUG org.hibernate.sql.results.internal.ResultsHelper - Collection fully initialized: [modelo.Sala.peliculas#3]
2026-02-10 11:03:11.961 [main] DEBUG org.hibernate.engine.spi.CollectionEntry - Reset storedSnapshot to [modelo.Pelicula@5c8b10b4, modelo.Pelicula@5aa6da2] for CollectionEntry[modelo.Sala.peliculas#3]
2026-02-10 11:03:11.962 [main] DEBUG org.hibernate.orm.sql.exec - Skipping reading Query result cache data: cache-enabled = false, cache-mode = IGNORE
2026-02-10 11:03:11.962 [main] DEBUG org.hibernate.orm.results - Initializer list:
	  modelo.Sala.peliculas -> BagInitializer(modelo.Sala.peliculas)@328241052 (PluralAttribute(modelo.Sala.peliculas))
	  modelo.Sala.peliculas.{element}.salas -> DelayedCollectionInitializer(modelo.Sala.peliculas.{element}.salas)@849031967 (PluralAttribute(modelo.Pelicula.salas))
	  modelo.Sala.peliculas.{element} -> EntityJoinedFetchInitializer(modelo.Sala.peliculas.{element})@1678413715 (EntityCollectionPart(modelo.Sala.peliculas#{element})@170782933)

2026-02-10 11:03:11.962 [main] DEBUG org.hibernate.SQL - 
    select
        p1_0.salas_id,
        p1_1.id,
        p1_1.duracion,
        p1_1.genero,
        p1_1.titulo 
    from
        salas_peliculas p1_0 
    join
        peliculas p1_1 
            on p1_1.id=p1_0.peliculas_id 
    where
        p1_0.salas_id=?
2026-02-10 11:03:11.964 [main] DEBUG org.hibernate.orm.results - Extracted JDBC value [1] - [5]
2026-02-10 11:03:11.964 [main] DEBUG org.hibernate.orm.results.loading.entity - (EntityJoinedFetchInitializer) Hydrated EntityKey (modelo.Sala.peliculas.{element}): 5
2026-02-10 11:03:11.964 [main] DEBUG org.hibernate.orm.results - Extracted JDBC value [1] - [5]
2026-02-10 11:03:11.964 [main] DEBUG org.hibernate.orm.results.loading.org.hibernate.orm.results.loading.collection - (DelayedCollectionInitializer) Current row collection key : modelo.Sala.peliculas.{element}.salas#5
2026-02-10 11:03:11.964 [main] DEBUG org.hibernate.orm.results - Extracted JDBC value [0] - [4]
2026-02-10 11:03:11.964 [main] DEBUG org.hibernate.orm.results.loading.org.hibernate.orm.results.loading.collection - (BagInitializer) Current row collection key : modelo.Sala.peliculas#4
2026-02-10 11:03:11.964 [main] DEBUG org.hibernate.orm.results - Extracted JDBC value [0] - [4]
2026-02-10 11:03:11.964 [main] DEBUG org.hibernate.orm.results.loading.entity - (EntityJoinedFetchInitializer) Created new entity instance [modelo.Sala.peliculas.{element}#5] : 522631570
2026-02-10 11:03:11.964 [main] DEBUG org.hibernate.orm.results.loading.org.hibernate.orm.results.loading.collection - (BagInitializer) Responsible for loading collection [modelo.Sala.peliculas#4] : org.hibernate.collection.spi.PersistentBag@2058533447
2026-02-10 11:03:11.964 [main] DEBUG org.hibernate.orm.results - Extracted JDBC value [2] - [4]
2026-02-10 11:03:11.964 [main] DEBUG org.hibernate.orm.results - Extracted JDBC value [3] - [suspense]
2026-02-10 11:03:11.964 [main] DEBUG org.hibernate.orm.results - Extracted JDBC value [4] - [Pelicula5]
2026-02-10 11:03:11.964 [main] DEBUG org.hibernate.orm.results.loading.entity - (EntityJoinedFetchInitializer) Done materializing entityInstance : modelo.Sala.peliculas.{element}#5
2026-02-10 11:03:11.964 [main] DEBUG org.hibernate.orm.results.loading.org.hibernate.orm.results.loading.collection - (BagInitializer) Reading element from row for collection [modelo.Sala.peliculas#4] -> org.hibernate.collection.spi.PersistentBag@2058533447
2026-02-10 11:03:11.964 [main] DEBUG org.hibernate.orm.results.loading - Calling top-level assembler (0 / 1) : org.hibernate.sql.results.graph.collection.internal.EagerCollectionAssembler@631bc9f4
2026-02-10 11:03:11.964 [main] DEBUG org.hibernate.sql.results.internal.ResultsHelper - Collection fully initialized: [modelo.Sala.peliculas#4]
2026-02-10 11:03:11.965 [main] DEBUG org.hibernate.engine.spi.CollectionEntry - Reset storedSnapshot to [modelo.Pelicula@1f26b992] for CollectionEntry[modelo.Sala.peliculas#4]
2026-02-10 11:03:11.965 [main] DEBUG org.hibernate.engine.spi.CollectionEntry - Reset storedSnapshot to [modelo.Sala@bb12f41, modelo.Sala@3739f3c9] for CollectionEntry[modelo.Cine.salas#2]
2026-02-10 11:03:11.965 [main] DEBUG org.hibernate.engine.transaction.internal.TransactionImpl - committing
2026-02-10 11:03:11.965 [main] DEBUG org.hibernate.event.internal.AbstractFlushingEventListener - Processing flush-time cascades
2026-02-10 11:03:11.965 [main] DEBUG org.hibernate.event.internal.AbstractFlushingEventListener - Dirty checking collections
2026-02-10 11:03:11.965 [main] DEBUG org.hibernate.engine.internal.Collections - Collection found: [modelo.Sala.peliculas#3], was: [modelo.Sala.peliculas#3] (initialized)
2026-02-10 11:03:11.965 [main] DEBUG org.hibernate.engine.internal.Collections - Collection found: [modelo.Cine.salas#2], was: [modelo.Cine.salas#2] (initialized)
2026-02-10 11:03:11.965 [main] DEBUG org.hibernate.engine.internal.Collections - Collection found: [modelo.Sala.peliculas#4], was: [modelo.Sala.peliculas#4] (initialized)
2026-02-10 11:03:11.965 [main] DEBUG org.hibernate.engine.internal.Collections - Collection found: [modelo.Pelicula.salas#1], was: [modelo.Pelicula.salas#1] (uninitialized)
2026-02-10 11:03:11.965 [main] DEBUG org.hibernate.engine.internal.Collections - Collection found: [modelo.Pelicula.salas#2], was: [modelo.Pelicula.salas#2] (uninitialized)
2026-02-10 11:03:11.965 [main] DEBUG org.hibernate.engine.internal.Collections - Collection found: [modelo.Pelicula.salas#5], was: [modelo.Pelicula.salas#5] (uninitialized)
2026-02-10 11:03:11.965 [main] DEBUG org.hibernate.event.internal.AbstractFlushingEventListener - Flushed: 0 insertions, 0 updates, 0 deletions to 6 objects
2026-02-10 11:03:11.965 [main] DEBUG org.hibernate.event.internal.AbstractFlushingEventListener - Flushed: 0 (re)creations, 0 updates, 0 removals to 6 collections
2026-02-10 11:03:11.965 [main] DEBUG org.hibernate.internal.util.EntityPrinter - Listing entities:
2026-02-10 11:03:11.965 [main] DEBUG org.hibernate.internal.util.EntityPrinter - modelo.Pelicula{salas=<uninitialized>, genero=suspense, duracion=4, titulo=Pelicula5, id=5}
2026-02-10 11:03:11.965 [main] DEBUG org.hibernate.internal.util.EntityPrinter - modelo.Pelicula{salas=<uninitialized>, genero=ficcion, duracion=2, titulo=Pelicula2, id=2}
2026-02-10 11:03:11.965 [main] DEBUG org.hibernate.internal.util.EntityPrinter - modelo.Cine{nombrerevista=Cine 2, salas=[modelo.Sala#3, modelo.Sala#4], ubicacion=No esta al lao de mi casa, id=2}
2026-02-10 11:03:11.965 [main] DEBUG org.hibernate.internal.util.EntityPrinter - modelo.Sala{cine=modelo.Cine#2, peliculas=[modelo.Pelicula#1, modelo.Pelicula#2], id=3, nombre=sala1, capacidad=50}
2026-02-10 11:03:11.966 [main] DEBUG org.hibernate.internal.util.EntityPrinter - modelo.Sala{cine=modelo.Cine#2, peliculas=[modelo.Pelicula#5], id=4, nombre=sala3, capacidad=30}
2026-02-10 11:03:11.966 [main] DEBUG org.hibernate.internal.util.EntityPrinter - modelo.Pelicula{salas=<uninitialized>, genero=guay, duracion=3, titulo=Pelicula1, id=1}
2026-02-10 11:03:11.967 [main] DEBUG org.hibernate.resource.jdbc.internal.LogicalConnectionManagedImpl - Initiating JDBC connection release from afterTransaction
2026-02-10 11:03:11.968 [main] DEBUG org.hibernate.resource.jdbc.internal.LogicalConnectionManagedImpl - Initiating JDBC connection release from afterTransaction
2026-02-10 11:03:11.990 [main] DEBUG org.hibernate.orm.query.hql - HQL : FROM modelo.Pelicula
2026-02-10 11:03:12.206 [main] DEBUG org.hibernate.orm.query.sqm.ast - SqmStatement Tree :
    -> [select]
      -> [query-spec]
        -> [select]
          -> [selection]
            -> [root] - `modelo.Pelicula(10714893942800)`
            <- [root] - `modelo.Pelicula(10714893942800)`
          <- [selection]
        <- [select]
        -> [from]
          -> [root] - `modelo.Pelicula(10714893942800)`
          <- [root] - `modelo.Pelicula(10714893942800)`
        <- [from]
      <- [query-spec]
    <- [select]

2026-02-10 11:03:12.234 [main] DEBUG org.hibernate.orm.sql.ast.create - Created new SQL alias : p1_0
2026-02-10 11:03:12.234 [main] DEBUG org.hibernate.orm.sql.ast.create - Registration of TableGroup [StandardTableGroup(modelo.Pelicula(10714893942800))] with identifierForTableGroup [modelo.Pelicula] for NavigablePath [modelo.Pelicula] 
2026-02-10 11:03:12.239 [main] DEBUG org.hibernate.orm.results.graph.AST - DomainResult Graph:
 \-EntityResultImpl [modelo.Pelicula(10714893942800)]
 |  +-BasicFetch [modelo.Pelicula(10714893942800).duracion]
 |  +-BasicFetch [modelo.Pelicula(10714893942800).genero]
 |  +-DelayedCollectionFetch [modelo.Pelicula(10714893942800).salas]
 |  \-BasicFetch [modelo.Pelicula(10714893942800).titulo]

2026-02-10 11:03:12.239 [main] DEBUG org.hibernate.orm.sql.ast.tree - SQL AST Tree:
    SelectStatement {
      FromClause {
        StandardTableGroup (p1 : modelo.Pelicula(10714893942800)) {
          primaryTableReference : peliculas as p1_0
        }
      }
    }

2026-02-10 11:03:12.240 [main] DEBUG org.hibernate.orm.sql.exec - Skipping reading Query result cache data: cache-enabled = false, cache-mode = NORMAL
2026-02-10 11:03:12.240 [main] DEBUG org.hibernate.orm.results - Initializer list:
	  modelo.Pelicula(10714893942800) -> EntityResultInitializer(modelo.Pelicula(10714893942800))@970827119 (SingleTableEntityPersister(modelo.Pelicula))
	  modelo.Pelicula(10714893942800).salas -> DelayedCollectionInitializer(modelo.Pelicula(10714893942800).salas)@1619282322 (PluralAttribute(modelo.Pelicula.salas))

2026-02-10 11:03:12.240 [main] DEBUG org.hibernate.SQL - 
    select
        p1_0.id,
        p1_0.duracion,
        p1_0.genero,
        p1_0.titulo 
    from
        peliculas p1_0
2026-02-10 11:03:12.243 [main] DEBUG org.hibernate.orm.results - Extracted JDBC value [0] - [1]
2026-02-10 11:03:12.243 [main] DEBUG org.hibernate.orm.results.loading.entity - (EntityResultInitializer) Hydrated EntityKey (modelo.Pelicula(10714893942800)): 1
2026-02-10 11:03:12.243 [main] DEBUG org.hibernate.orm.results - Extracted JDBC value [0] - [1]
2026-02-10 11:03:12.243 [main] DEBUG org.hibernate.orm.results.loading.org.hibernate.orm.results.loading.collection - (DelayedCollectionInitializer) Current row collection key : modelo.Pelicula(10714893942800).salas#1
2026-02-10 11:03:12.243 [main] DEBUG org.hibernate.orm.results.loading.entity - (EntityResultInitializer) Created new entity instance [modelo.Pelicula(10714893942800)#1] : 961628534
2026-02-10 11:03:12.243 [main] DEBUG org.hibernate.orm.results - Extracted JDBC value [1] - [3]
2026-02-10 11:03:12.243 [main] DEBUG org.hibernate.orm.results - Extracted JDBC value [2] - [guay]
2026-02-10 11:03:12.243 [main] DEBUG org.hibernate.orm.results - Extracted JDBC value [3] - [Pelicula1]
2026-02-10 11:03:12.243 [main] DEBUG org.hibernate.orm.results.loading.entity - (EntityResultInitializer) Done materializing entityInstance : modelo.Pelicula(10714893942800)#1
2026-02-10 11:03:12.243 [main] DEBUG org.hibernate.orm.results.loading - Calling top-level assembler (0 / 1) : org.hibernate.sql.results.graph.entity.internal.EntityAssembler@77856cc5
2026-02-10 11:03:12.243 [main] DEBUG org.hibernate.orm.results - Extracted JDBC value [0] - [2]
2026-02-10 11:03:12.243 [main] DEBUG org.hibernate.orm.results.loading.entity - (EntityResultInitializer) Hydrated EntityKey (modelo.Pelicula(10714893942800)): 2
2026-02-10 11:03:12.243 [main] DEBUG org.hibernate.orm.results - Extracted JDBC value [0] - [2]
2026-02-10 11:03:12.243 [main] DEBUG org.hibernate.orm.results.loading.org.hibernate.orm.results.loading.collection - (DelayedCollectionInitializer) Current row collection key : modelo.Pelicula(10714893942800).salas#2
2026-02-10 11:03:12.243 [main] DEBUG org.hibernate.orm.results.loading.entity - (EntityResultInitializer) Created new entity instance [modelo.Pelicula(10714893942800)#2] : 33281504
2026-02-10 11:03:12.243 [main] DEBUG org.hibernate.orm.results - Extracted JDBC value [1] - [2]
2026-02-10 11:03:12.243 [main] DEBUG org.hibernate.orm.results - Extracted JDBC value [2] - [ficcion]
2026-02-10 11:03:12.243 [main] DEBUG org.hibernate.orm.results - Extracted JDBC value [3] - [Pelicula2]
2026-02-10 11:03:12.244 [main] DEBUG org.hibernate.orm.results.loading.entity - (EntityResultInitializer) Done materializing entityInstance : modelo.Pelicula(10714893942800)#2
2026-02-10 11:03:12.244 [main] DEBUG org.hibernate.orm.results.loading - Calling top-level assembler (0 / 1) : org.hibernate.sql.results.graph.entity.internal.EntityAssembler@77856cc5
2026-02-10 11:03:12.244 [main] DEBUG org.hibernate.orm.results - Extracted JDBC value [0] - [3]
2026-02-10 11:03:12.244 [main] DEBUG org.hibernate.orm.results.loading.entity - (EntityResultInitializer) Hydrated EntityKey (modelo.Pelicula(10714893942800)): 3
2026-02-10 11:03:12.244 [main] DEBUG org.hibernate.orm.results - Extracted JDBC value [0] - [3]
2026-02-10 11:03:12.244 [main] DEBUG org.hibernate.orm.results.loading.org.hibernate.orm.results.loading.collection - (DelayedCollectionInitializer) Current row collection key : modelo.Pelicula(10714893942800).salas#3
2026-02-10 11:03:12.244 [main] DEBUG org.hibernate.orm.results.loading.entity - (EntityResultInitializer) Created new entity instance [modelo.Pelicula(10714893942800)#3] : 324035818
2026-02-10 11:03:12.244 [main] DEBUG org.hibernate.orm.results - Extracted JDBC value [1] - [1]
2026-02-10 11:03:12.244 [main] DEBUG org.hibernate.orm.results - Extracted JDBC value [2] - [accion]
2026-02-10 11:03:12.244 [main] DEBUG org.hibernate.orm.results - Extracted JDBC value [3] - [Pelicula3]
2026-02-10 11:03:12.244 [main] DEBUG org.hibernate.orm.results.loading.entity - (EntityResultInitializer) Done materializing entityInstance : modelo.Pelicula(10714893942800)#3
2026-02-10 11:03:12.244 [main] DEBUG org.hibernate.orm.results.loading - Calling top-level assembler (0 / 1) : org.hibernate.sql.results.graph.entity.internal.EntityAssembler@77856cc5
2026-02-10 11:03:12.244 [main] DEBUG org.hibernate.orm.results - Extracted JDBC value [0] - [4]
2026-02-10 11:03:12.244 [main] DEBUG org.hibernate.orm.results.loading.entity - (EntityResultInitializer) Hydrated EntityKey (modelo.Pelicula(10714893942800)): 4
2026-02-10 11:03:12.244 [main] DEBUG org.hibernate.orm.results - Extracted JDBC value [0] - [4]
2026-02-10 11:03:12.244 [main] DEBUG org.hibernate.orm.results.loading.org.hibernate.orm.results.loading.collection - (DelayedCollectionInitializer) Current row collection key : modelo.Pelicula(10714893942800).salas#4
2026-02-10 11:03:12.245 [main] DEBUG org.hibernate.orm.results.loading.entity - (EntityResultInitializer) Created new entity instance [modelo.Pelicula(10714893942800)#4] : 275012057
2026-02-10 11:03:12.245 [main] DEBUG org.hibernate.orm.results - Extracted JDBC value [1] - [2]
2026-02-10 11:03:12.245 [main] DEBUG org.hibernate.orm.results - Extracted JDBC value [2] - [romance]
2026-02-10 11:03:12.245 [main] DEBUG org.hibernate.orm.results - Extracted JDBC value [3] - [Pelicula4]
2026-02-10 11:03:12.245 [main] DEBUG org.hibernate.orm.results.loading.entity - (EntityResultInitializer) Done materializing entityInstance : modelo.Pelicula(10714893942800)#4
2026-02-10 11:03:12.245 [main] DEBUG org.hibernate.orm.results.loading - Calling top-level assembler (0 / 1) : org.hibernate.sql.results.graph.entity.internal.EntityAssembler@77856cc5
2026-02-10 11:03:12.245 [main] DEBUG org.hibernate.orm.results - Extracted JDBC value [0] - [5]
2026-02-10 11:03:12.245 [main] DEBUG org.hibernate.orm.results.loading.entity - (EntityResultInitializer) Hydrated EntityKey (modelo.Pelicula(10714893942800)): 5
2026-02-10 11:03:12.245 [main] DEBUG org.hibernate.orm.results - Extracted JDBC value [0] - [5]
2026-02-10 11:03:12.245 [main] DEBUG org.hibernate.orm.results.loading.org.hibernate.orm.results.loading.collection - (DelayedCollectionInitializer) Current row collection key : modelo.Pelicula(10714893942800).salas#5
2026-02-10 11:03:12.245 [main] DEBUG org.hibernate.orm.results.loading.entity - (EntityResultInitializer) Created new entity instance [modelo.Pelicula(10714893942800)#5] : 599808137
2026-02-10 11:03:12.245 [main] DEBUG org.hibernate.orm.results - Extracted JDBC value [1] - [4]
2026-02-10 11:03:12.245 [main] DEBUG org.hibernate.orm.results - Extracted JDBC value [2] - [suspense]
2026-02-10 11:03:12.245 [main] DEBUG org.hibernate.orm.results - Extracted JDBC value [3] - [Pelicula5]
2026-02-10 11:03:12.245 [main] DEBUG org.hibernate.orm.results.loading.entity - (EntityResultInitializer) Done materializing entityInstance : modelo.Pelicula(10714893942800)#5
2026-02-10 11:03:12.245 [main] DEBUG org.hibernate.orm.results.loading - Calling top-level assembler (0 / 1) : org.hibernate.sql.results.graph.entity.internal.EntityAssembler@77856cc5
2026-02-10 11:03:12.245 [main] DEBUG org.hibernate.resource.jdbc.internal.LogicalConnectionManagedImpl - Initiating JDBC connection release from afterTransaction
2026-02-10 11:03:12.246 [main] DEBUG org.hibernate.resource.jdbc.internal.LogicalConnectionManagedImpl - Initiating JDBC connection release from afterTransaction
2026-02-10 11:03:12.248 [main] DEBUG controller.ControladorFestivalCine - modelo.Pelicula@39514976
2026-02-10 11:03:12.248 [main] DEBUG controller.ControladorFestivalCine - modelo.Pelicula@1fbd5e0
2026-02-10 11:03:12.248 [main] DEBUG controller.ControladorFestivalCine - modelo.Pelicula@135064ea
2026-02-10 11:03:12.248 [main] DEBUG controller.ControladorFestivalCine - modelo.Pelicula@106459d9
2026-02-10 11:03:12.248 [main] DEBUG controller.ControladorFestivalCine - modelo.Pelicula@23c05889
2026-02-10 11:03:12.248 [main] DEBUG org.hibernate.orm.query.hql - HQL : FROM modelo.Sala
2026-02-10 11:03:12.249 [main] DEBUG org.hibernate.orm.query.sqm.ast - SqmStatement Tree :
    -> [select]
      -> [query-spec]
        -> [select]
          -> [selection]
            -> [root] - `modelo.Sala(10714945179900)`
            <- [root] - `modelo.Sala(10714945179900)`
          <- [selection]
        <- [select]
        -> [from]
          -> [root] - `modelo.Sala(10714945179900)`
          <- [root] - `modelo.Sala(10714945179900)`
        <- [from]
      <- [query-spec]
    <- [select]

2026-02-10 11:03:12.249 [main] DEBUG org.hibernate.orm.sql.ast.create - Created new SQL alias : s1_0
2026-02-10 11:03:12.249 [main] DEBUG org.hibernate.orm.sql.ast.create - Registration of TableGroup [StandardTableGroup(modelo.Sala(10714945179900))] with identifierForTableGroup [modelo.Sala] for NavigablePath [modelo.Sala] 
2026-02-10 11:03:12.249 [main] DEBUG org.hibernate.orm.sql.ast.create - Registration of TableGroup [org.hibernate.sql.ast.tree.from.LazyTableGroup@1a01ffff] with identifierForTableGroup [modelo.Sala.cine] for NavigablePath [modelo.Sala.cine] 
2026-02-10 11:03:12.249 [main] DEBUG org.hibernate.orm.results.graph.AST - DomainResult Graph:
 \-EntityResultImpl [modelo.Sala(10714945179900)]
 |  +-BasicFetch [modelo.Sala(10714945179900).capacidad]
 |  +-CircularFetchImpl [modelo.Sala(10714945179900).cine]
 |  +-BasicFetch [modelo.Sala(10714945179900).nombre]
 |  \-DelayedCollectionFetch [modelo.Sala(10714945179900).peliculas]

2026-02-10 11:03:12.250 [main] DEBUG org.hibernate.orm.sql.ast.tree - SQL AST Tree:
    SelectStatement {
      FromClause {
        StandardTableGroup (s1 : modelo.Sala(10714945179900)) {
          primaryTableReference : salas as s1_0
          TableGroupJoins {
            left  join LazyTableGroup (c1 : modelo.Sala(10714945179900).cine) {
            }
          }
        }
      }
    }

2026-02-10 11:03:12.250 [main] DEBUG org.hibernate.orm.sql.exec - Skipping reading Query result cache data: cache-enabled = false, cache-mode = NORMAL
2026-02-10 11:03:12.253 [main] DEBUG org.hibernate.orm.results - Initializer list:
	  modelo.Sala(10714945179900) -> EntityResultInitializer(modelo.Sala(10714945179900))@1722053305 (SingleTableEntityPersister(modelo.Sala))
	  modelo.Sala(10714945179900).cine -> EntitySelectFetchInitializer(modelo.Sala(10714945179900).cine)@1116648405 (ToOneAttributeMapping(NavigableRole[modelo.Sala.cine])@1574798546)
	  modelo.Sala(10714945179900).peliculas -> DelayedCollectionInitializer(modelo.Sala(10714945179900).peliculas)@1070978681 (PluralAttribute(modelo.Sala.peliculas))

2026-02-10 11:03:12.253 [main] DEBUG org.hibernate.SQL - 
    select
        s1_0.id,
        s1_0.capacidad,
        s1_0.cine_id,
        s1_0.nombre 
    from
        salas s1_0
2026-02-10 11:03:12.256 [main] DEBUG org.hibernate.orm.results - Extracted JDBC value [0] - [1]
2026-02-10 11:03:12.256 [main] DEBUG org.hibernate.orm.results.loading.entity - (EntityResultInitializer) Hydrated EntityKey (modelo.Sala(10714945179900)): 1
2026-02-10 11:03:12.256 [main] DEBUG org.hibernate.orm.results - Extracted JDBC value [0] - [1]
2026-02-10 11:03:12.256 [main] DEBUG org.hibernate.orm.results.loading.org.hibernate.orm.results.loading.collection - (DelayedCollectionInitializer) Current row collection key : modelo.Sala(10714945179900).peliculas#1
2026-02-10 11:03:12.256 [main] DEBUG org.hibernate.orm.results.loading.entity - (EntityResultInitializer) Created new entity instance [modelo.Sala(10714945179900)#1] : 2085398652
2026-02-10 11:03:12.256 [main] DEBUG org.hibernate.orm.results - Extracted JDBC value [2] - [1]
2026-02-10 11:03:12.256 [main] DEBUG org.hibernate.orm.results.loading.entity - (EntitySelectFetchInitializer) Invoking session#internalLoad for entity (modelo.Sala(10714945179900).cine#1) : 1
2026-02-10 11:03:12.257 [main] DEBUG org.hibernate.orm.sql.exec - Skipping reading Query result cache data: cache-enabled = false, cache-mode = IGNORE
2026-02-10 11:03:12.257 [main] DEBUG org.hibernate.orm.results - Initializer list:
	  modelo.Cine -> EntityResultInitializer(modelo.Cine)@499052031 (SingleTableEntityPersister(modelo.Cine))
	  modelo.Cine.salas -> DelayedCollectionInitializer(modelo.Cine.salas)@1656194780 (PluralAttribute(modelo.Cine.salas))

2026-02-10 11:03:12.257 [main] DEBUG org.hibernate.SQL - 
    select
        c1_0.id,
        c1_0.nombrerevista,
        c1_0.ubicacion 
    from
        cines c1_0 
    where
        c1_0.id=?
2026-02-10 11:03:12.258 [main] DEBUG org.hibernate.orm.results.loading.entity - (EntityResultInitializer) Hydrated EntityKey (modelo.Cine): 1
2026-02-10 11:03:12.258 [main] DEBUG org.hibernate.orm.results - Extracted JDBC value [0] - [1]
2026-02-10 11:03:12.258 [main] DEBUG org.hibernate.orm.results.loading.org.hibernate.orm.results.loading.collection - (DelayedCollectionInitializer) Current row collection key : modelo.Cine.salas#1
2026-02-10 11:03:12.258 [main] DEBUG org.hibernate.orm.results.loading.entity - (EntityResultInitializer) Created new entity instance [modelo.Cine#1] : 577636327
2026-02-10 11:03:12.258 [main] DEBUG org.hibernate.orm.results - Extracted JDBC value [1] - [Cine 1]
2026-02-10 11:03:12.258 [main] DEBUG org.hibernate.orm.results - Extracted JDBC value [2] - [Al lao de mi casa]
2026-02-10 11:03:12.258 [main] DEBUG org.hibernate.orm.results.loading.entity - (EntityResultInitializer) Done materializing entityInstance : modelo.Cine#1
2026-02-10 11:03:12.258 [main] DEBUG org.hibernate.orm.results.loading - Calling top-level assembler (0 / 1) : org.hibernate.sql.results.graph.entity.internal.EntityAssembler@9880a15
2026-02-10 11:03:12.259 [main] DEBUG org.hibernate.orm.results.loading.entity - (EntitySelectFetchInitializer) Entity [modelo.Sala(10714945179900).cine#1] : 1 has being loaded by session.internalLoad.
2026-02-10 11:03:12.259 [main] DEBUG org.hibernate.orm.results - Extracted JDBC value [1] - [40]
2026-02-10 11:03:12.259 [main] DEBUG org.hibernate.orm.results - Extracted JDBC value [3] - [sala2]
2026-02-10 11:03:12.259 [main] DEBUG org.hibernate.orm.results.loading.entity - (EntityResultInitializer) Done materializing entityInstance : modelo.Sala(10714945179900)#1
2026-02-10 11:03:12.259 [main] DEBUG org.hibernate.orm.results.loading - Calling top-level assembler (0 / 1) : org.hibernate.sql.results.graph.entity.internal.EntityAssembler@6febec41
2026-02-10 11:03:12.259 [main] DEBUG org.hibernate.orm.results - Extracted JDBC value [0] - [2]
2026-02-10 11:03:12.259 [main] DEBUG org.hibernate.orm.results.loading.entity - (EntityResultInitializer) Hydrated EntityKey (modelo.Sala(10714945179900)): 2
2026-02-10 11:03:12.259 [main] DEBUG org.hibernate.orm.results - Extracted JDBC value [0] - [2]
2026-02-10 11:03:12.259 [main] DEBUG org.hibernate.orm.results.loading.org.hibernate.orm.results.loading.collection - (DelayedCollectionInitializer) Current row collection key : modelo.Sala(10714945179900).peliculas#2
2026-02-10 11:03:12.259 [main] DEBUG org.hibernate.orm.results.loading.entity - (EntityResultInitializer) Created new entity instance [modelo.Sala(10714945179900)#2] : 1038651236
2026-02-10 11:03:12.259 [main] DEBUG org.hibernate.orm.results - Extracted JDBC value [2] - [1]
2026-02-10 11:03:12.259 [main] DEBUG org.hibernate.orm.results.loading.entity - (EntitySelectFetchInitializer) Found existing loading entry [modelo.Sala(10714945179900).cine#1] - using loading instance
2026-02-10 11:03:12.259 [main] DEBUG org.hibernate.orm.results - Extracted JDBC value [1] - [60]
2026-02-10 11:03:12.259 [main] DEBUG org.hibernate.orm.results - Extracted JDBC value [3] - [sala4]
2026-02-10 11:03:12.259 [main] DEBUG org.hibernate.orm.results.loading.entity - (EntityResultInitializer) Done materializing entityInstance : modelo.Sala(10714945179900)#2
2026-02-10 11:03:12.259 [main] DEBUG org.hibernate.orm.results.loading - Calling top-level assembler (0 / 1) : org.hibernate.sql.results.graph.entity.internal.EntityAssembler@6febec41
2026-02-10 11:03:12.259 [main] DEBUG org.hibernate.orm.results - Extracted JDBC value [0] - [3]
2026-02-10 11:03:12.259 [main] DEBUG org.hibernate.orm.results.loading.entity - (EntityResultInitializer) Hydrated EntityKey (modelo.Sala(10714945179900)): 3
2026-02-10 11:03:12.259 [main] DEBUG org.hibernate.orm.results - Extracted JDBC value [0] - [3]
2026-02-10 11:03:12.259 [main] DEBUG org.hibernate.orm.results.loading.org.hibernate.orm.results.loading.collection - (DelayedCollectionInitializer) Current row collection key : modelo.Sala(10714945179900).peliculas#3
2026-02-10 11:03:12.259 [main] DEBUG org.hibernate.orm.results.loading.entity - (EntityResultInitializer) Created new entity instance [modelo.Sala(10714945179900)#3] : 127635147
2026-02-10 11:03:12.259 [main] DEBUG org.hibernate.orm.results - Extracted JDBC value [2] - [2]
2026-02-10 11:03:12.259 [main] DEBUG org.hibernate.orm.results.loading.entity - (EntitySelectFetchInitializer) Invoking session#internalLoad for entity (modelo.Sala(10714945179900).cine#2) : 2
2026-02-10 11:03:12.259 [main] DEBUG org.hibernate.orm.sql.exec - Skipping reading Query result cache data: cache-enabled = false, cache-mode = IGNORE
2026-02-10 11:03:12.259 [main] DEBUG org.hibernate.orm.results - Initializer list:
	  modelo.Cine -> EntityResultInitializer(modelo.Cine)@1321785778 (SingleTableEntityPersister(modelo.Cine))
	  modelo.Cine.salas -> DelayedCollectionInitializer(modelo.Cine.salas)@1471558227 (PluralAttribute(modelo.Cine.salas))

2026-02-10 11:03:12.259 [main] DEBUG org.hibernate.SQL - 
    select
        c1_0.id,
        c1_0.nombrerevista,
        c1_0.ubicacion 
    from
        cines c1_0 
    where
        c1_0.id=?
2026-02-10 11:03:12.261 [main] DEBUG org.hibernate.orm.results.loading.entity - (EntityResultInitializer) Hydrated EntityKey (modelo.Cine): 2
2026-02-10 11:03:12.261 [main] DEBUG org.hibernate.orm.results - Extracted JDBC value [0] - [2]
2026-02-10 11:03:12.261 [main] DEBUG org.hibernate.orm.results.loading.org.hibernate.orm.results.loading.collection - (DelayedCollectionInitializer) Current row collection key : modelo.Cine.salas#2
2026-02-10 11:03:12.261 [main] DEBUG org.hibernate.orm.results.loading.entity - (EntityResultInitializer) Created new entity instance [modelo.Cine#2] : 613674694
2026-02-10 11:03:12.261 [main] DEBUG org.hibernate.orm.results - Extracted JDBC value [1] - [Cine 2]
2026-02-10 11:03:12.261 [main] DEBUG org.hibernate.orm.results - Extracted JDBC value [2] - [No esta al lao de mi casa]
2026-02-10 11:03:12.261 [main] DEBUG org.hibernate.orm.results.loading.entity - (EntityResultInitializer) Done materializing entityInstance : modelo.Cine#2
2026-02-10 11:03:12.261 [main] DEBUG org.hibernate.orm.results.loading - Calling top-level assembler (0 / 1) : org.hibernate.sql.results.graph.entity.internal.EntityAssembler@4ec0229c
2026-02-10 11:03:12.261 [main] DEBUG org.hibernate.orm.results.loading.entity - (EntitySelectFetchInitializer) Entity [modelo.Sala(10714945179900).cine#2] : 2 has being loaded by session.internalLoad.
2026-02-10 11:03:12.261 [main] DEBUG org.hibernate.orm.results - Extracted JDBC value [1] - [50]
2026-02-10 11:03:12.261 [main] DEBUG org.hibernate.orm.results - Extracted JDBC value [3] - [sala1]
2026-02-10 11:03:12.261 [main] DEBUG org.hibernate.orm.results.loading.entity - (EntityResultInitializer) Done materializing entityInstance : modelo.Sala(10714945179900)#3
2026-02-10 11:03:12.261 [main] DEBUG org.hibernate.orm.results.loading - Calling top-level assembler (0 / 1) : org.hibernate.sql.results.graph.entity.internal.EntityAssembler@6febec41
2026-02-10 11:03:12.261 [main] DEBUG org.hibernate.orm.results - Extracted JDBC value [0] - [4]
2026-02-10 11:03:12.261 [main] DEBUG org.hibernate.orm.results.loading.entity - (EntityResultInitializer) Hydrated EntityKey (modelo.Sala(10714945179900)): 4
2026-02-10 11:03:12.261 [main] DEBUG org.hibernate.orm.results - Extracted JDBC value [0] - [4]
2026-02-10 11:03:12.261 [main] DEBUG org.hibernate.orm.results.loading.org.hibernate.orm.results.loading.collection - (DelayedCollectionInitializer) Current row collection key : modelo.Sala(10714945179900).peliculas#4
2026-02-10 11:03:12.261 [main] DEBUG org.hibernate.orm.results.loading.entity - (EntityResultInitializer) Created new entity instance [modelo.Sala(10714945179900)#4] : 389701549
2026-02-10 11:03:12.261 [main] DEBUG org.hibernate.orm.results - Extracted JDBC value [2] - [2]
2026-02-10 11:03:12.261 [main] DEBUG org.hibernate.orm.results.loading.entity - (EntitySelectFetchInitializer) Found existing loading entry [modelo.Sala(10714945179900).cine#2] - using loading instance
2026-02-10 11:03:12.262 [main] DEBUG org.hibernate.orm.results - Extracted JDBC value [1] - [30]
2026-02-10 11:03:12.262 [main] DEBUG org.hibernate.orm.results - Extracted JDBC value [3] - [sala3]
2026-02-10 11:03:12.262 [main] DEBUG org.hibernate.orm.results.loading.entity - (EntityResultInitializer) Done materializing entityInstance : modelo.Sala(10714945179900)#4
2026-02-10 11:03:12.262 [main] DEBUG org.hibernate.orm.results.loading - Calling top-level assembler (0 / 1) : org.hibernate.sql.results.graph.entity.internal.EntityAssembler@6febec41
2026-02-10 11:03:12.262 [main] DEBUG org.hibernate.resource.jdbc.internal.LogicalConnectionManagedImpl - Initiating JDBC connection release from afterTransaction
2026-02-10 11:03:12.263 [main] DEBUG org.hibernate.resource.jdbc.internal.LogicalConnectionManagedImpl - Initiating JDBC connection release from afterTransaction
2026-02-10 11:03:12.263 [main] DEBUG controller.ControladorFestivalCine - modelo.Sala@7c4ca87c
2026-02-10 11:03:12.263 [main] DEBUG controller.ControladorFestivalCine - modelo.Sala@3de88f64
2026-02-10 11:03:12.263 [main] DEBUG controller.ControladorFestivalCine - modelo.Sala@79b8ecb
2026-02-10 11:03:12.263 [main] DEBUG controller.ControladorFestivalCine - modelo.Sala@173a5fad
