2025-12-17 12:14:08.320 [main] INFO  controlador.GestionaUsuarios - Usuario [id=usr001, username=User001, email=user001@fitdroid.com, plan_activo=MENSUAL, dispositivo=android14, preferencias=null]
2025-12-17 12:14:08.325 [main] INFO  controlador.GestionaUsuarios - Usuario [id=usr002, username=User002, email=user002@fitdroid.com, plan_activo=MENSUAL, dispositivo=android11, preferencias=null]
2025-12-17 12:14:08.325 [main] INFO  controlador.GestionaUsuarios - Usuario [id=usr003, username=User003, email=user003@fitdroid.com, plan_activo=TRIMESTRAL, dispositivo=android12, preferencias=null]
2025-12-17 12:14:08.325 [main] INFO  controlador.GestionaUsuarios - Usuario [id=usr004, username=User004, email=user004@fitdroid.com, plan_activo=ANUAL, dispositivo=iphone16, preferencias=null]
2025-12-17 12:14:08.325 [main] INFO  controlador.GestionaUsuarios - Usuario [id=usr005, username=User005, email=user005@fitdroid.com, plan_activo=MENSUAL, dispositivo=android14, preferencias=null]
2025-12-17 12:14:08.325 [main] INFO  controlador.GestionaUsuarios - Usuario [id=usr006, username=User006, email=user006@fitdroid.com, plan_activo=FREE, dispositivo=android13, preferencias=null]
2025-12-17 12:14:08.325 [main] INFO  controlador.GestionaUsuarios - Usuario [id=usr007, username=User007, email=user007@fitdroid.com, plan_activo=MENSUAL, dispositivo=android11, preferencias=null]
2025-12-17 12:14:08.325 [main] INFO  controlador.GestionaUsuarios - Usuario [id=usr008, username=User008, email=user008@fitdroid.com, plan_activo=TRIMESTRAL, dispositivo=android11, preferencias=null]
2025-12-17 12:14:08.325 [main] INFO  controlador.GestionaUsuarios - Usuario [id=usr009, username=User009, email=user009@fitdroid.com, plan_activo=ANUAL, dispositivo=android12, preferencias=null]
2025-12-17 12:14:08.325 [main] INFO  controlador.GestionaUsuarios - Usuario [id=usr010, username=User010, email=user010@fitdroid.com, plan_activo=VIP, dispositivo=android13, preferencias=null]
2025-12-17 12:14:08.325 [main] INFO  controlador.GestionaUsuarios - Usuario [id=usr011, username=User011, email=user011@fitdroid.com, plan_activo=FREE, dispositivo=android13, preferencias=null]
2025-12-17 12:14:08.326 [main] INFO  controlador.GestionaUsuarios - Usuario [id=usr012, username=User012, email=user012@fitdroid.com, plan_activo=MENSUAL, dispositivo=iphone17, preferencias=null]
2025-12-17 12:14:08.326 [main] INFO  controlador.GestionaUsuarios - Usuario [id=usr013, username=User013, email=user013@fitdroid.com, plan_activo=TRIMESTRAL, dispositivo=android12, preferencias=null]
2025-12-17 12:14:08.326 [main] INFO  controlador.GestionaUsuarios - Usuario [id=usr014, username=User014, email=user014@fitdroid.com, plan_activo=ANUAL, dispositivo=android11, preferencias=null]
2025-12-17 12:14:08.326 [main] INFO  controlador.GestionaUsuarios - Usuario [id=usr015, username=User015, email=user015@fitdroid.com, plan_activo=VIP, dispositivo=android13, preferencias=null]
2025-12-17 12:14:08.326 [main] INFO  controlador.GestionaUsuarios - Usuario [id=usr016, username=User016, email=user016@fitdroid.com, plan_activo=FREE, dispositivo=iphone16, preferencias=null]
2025-12-17 12:14:08.326 [main] INFO  controlador.GestionaUsuarios - Usuario [id=usr017, username=User017, email=user017@fitdroid.com, plan_activo=MENSUAL, dispositivo=android13, preferencias=null]
2025-12-17 12:14:08.326 [main] INFO  controlador.GestionaUsuarios - Usuario [id=usr018, username=User018, email=user018@fitdroid.com, plan_activo=TRIMESTRAL, dispositivo=iphone16, preferencias=null]
2025-12-17 12:14:08.326 [main] INFO  controlador.GestionaUsuarios - Usuario [id=usr019, username=User019, email=user019@fitdroid.com, plan_activo=ANUAL, dispositivo=android11, preferencias=null]
2025-12-17 12:14:08.326 [main] INFO  controlador.GestionaUsuarios - Usuario [id=usr020, username=User020, email=user020@fitdroid.com, plan_activo=VIP, dispositivo=iphone17, preferencias=null]
2025-12-17 12:14:08.326 [main] INFO  controlador.GestionaUsuarios - Usuario [id=usr021, username=User021, email=user021@fitdroid.com, plan_activo=FREE, dispositivo=android11, preferencias=null]
2025-12-17 12:14:08.326 [main] INFO  controlador.GestionaUsuarios - Usuario [id=usr022, username=User022, email=user022@fitdroid.com, plan_activo=MENSUAL, dispositivo=iphone17, preferencias=null]
2025-12-17 12:14:08.327 [main] INFO  controlador.GestionaUsuarios - Usuario [id=usr023, username=User023, email=user023@fitdroid.com, plan_activo=MENSUAL, dispositivo=android14, preferencias=null]
2025-12-17 12:14:08.327 [main] INFO  controlador.GestionaUsuarios - Usuario [id=usr024, username=User024, email=user024@fitdroid.com, plan_activo=ANUAL, dispositivo=android13, preferencias=null]
2025-12-17 12:14:08.327 [main] INFO  controlador.GestionaUsuarios - Usuario [id=usr025, username=User025, email=user025@fitdroid.com, plan_activo=VIP, dispositivo=iphone15, preferencias=null]
2025-12-17 12:14:08.327 [main] INFO  controlador.GestionaUsuarios - Usuario [id=usr026, username=User026, email=user026@fitdroid.com, plan_activo=FREE, dispositivo=iphone14, preferencias=null]
2025-12-17 12:14:08.327 [main] INFO  controlador.GestionaUsuarios - Usuario [id=usr027, username=User027, email=user027@fitdroid.com, plan_activo=MENSUAL, dispositivo=iphone17, preferencias=null]
2025-12-17 12:14:08.327 [main] INFO  controlador.GestionaUsuarios - Usuario [id=usr028, username=User028, email=user028@fitdroid.com, plan_activo=TRIMESTRAL, dispositivo=android13, preferencias=null]
2025-12-17 12:14:08.327 [main] INFO  controlador.GestionaUsuarios - Usuario [id=usr029, username=User029, email=user029@fitdroid.com, plan_activo=ANUAL, dispositivo=android14, preferencias=null]
2025-12-17 12:14:08.327 [main] INFO  controlador.GestionaUsuarios - Usuario [id=usr030, username=User030, email=user030@fitdroid.com, plan_activo=VIP, dispositivo=android11, preferencias=null]
2025-12-17 12:14:08.327 [main] INFO  controlador.GestionaUsuarios - Usuario [id=usr031, username=User031, email=user031@fitdroid.com, plan_activo=FREE, dispositivo=iphone15, preferencias=null]
2025-12-17 12:14:08.327 [main] INFO  controlador.GestionaUsuarios - Usuario [id=usr032, username=User032, email=user032@fitdroid.com, plan_activo=MENSUAL, dispositivo=android12, preferencias=null]
2025-12-17 12:14:08.327 [main] INFO  controlador.GestionaUsuarios - Usuario [id=usr033, username=User033, email=user033@fitdroid.com, plan_activo=TRIMESTRAL, dispositivo=android14, preferencias=null]
2025-12-17 12:14:08.327 [main] INFO  controlador.GestionaUsuarios - Usuario [id=usr034, username=User034, email=user034@fitdroid.com, plan_activo=ANUAL, dispositivo=iphone15, preferencias=null]
2025-12-17 12:14:08.328 [main] INFO  controlador.GestionaUsuarios - Usuario [id=usr035, username=User035, email=user035@fitdroid.com, plan_activo=VIP, dispositivo=iphone17, preferencias=null]
2025-12-17 12:14:08.328 [main] INFO  controlador.GestionaUsuarios - Usuario [id=usr036, username=User036, email=user036@fitdroid.com, plan_activo=FREE, dispositivo=android13, preferencias=null]
2025-12-17 12:14:08.328 [main] INFO  controlador.GestionaUsuarios - Usuario [id=usr037, username=User037, email=user037@fitdroid.com, plan_activo=MENSUAL, dispositivo=android13, preferencias=null]
2025-12-17 12:14:08.328 [main] INFO  controlador.GestionaUsuarios - Usuario [id=usr038, username=User038, email=user038@fitdroid.com, plan_activo=TRIMESTRAL, dispositivo=iphone14, preferencias=null]
2025-12-17 12:14:08.328 [main] INFO  controlador.GestionaUsuarios - Usuario [id=usr039, username=User039, email=user039@fitdroid.com, plan_activo=ANUAL, dispositivo=android14, preferencias=null]
2025-12-17 12:14:08.328 [main] INFO  controlador.GestionaUsuarios - Usuario [id=usr040, username=User040, email=user040@fitdroid.com, plan_activo=VIP, dispositivo=android14, preferencias=null]
2025-12-17 12:19:26.305 [main] INFO  controlador.GestionaUsuarios - Usuario [id=usr001, username=User001, email=user001@fitdroid.com, plan_activo=MENSUAL, dispositivo=android14, preferencias=null]
2025-12-17 12:19:26.308 [main] INFO  controlador.GestionaUsuarios - Usuario [id=usr002, username=User002, email=user002@fitdroid.com, plan_activo=MENSUAL, dispositivo=android11, preferencias=null]
2025-12-17 12:19:26.309 [main] INFO  controlador.GestionaUsuarios - Usuario [id=usr003, username=User003, email=user003@fitdroid.com, plan_activo=TRIMESTRAL, dispositivo=android12, preferencias=null]
2025-12-17 12:19:26.309 [main] INFO  controlador.GestionaUsuarios - Usuario [id=usr004, username=User004, email=user004@fitdroid.com, plan_activo=ANUAL, dispositivo=iphone16, preferencias=null]
2025-12-17 12:19:26.309 [main] INFO  controlador.GestionaUsuarios - Usuario [id=usr005, username=User005, email=user005@fitdroid.com, plan_activo=MENSUAL, dispositivo=android14, preferencias=null]
2025-12-17 12:19:26.309 [main] INFO  controlador.GestionaUsuarios - Usuario [id=usr006, username=User006, email=user006@fitdroid.com, plan_activo=FREE, dispositivo=android13, preferencias=null]
2025-12-17 12:19:26.309 [main] INFO  controlador.GestionaUsuarios - Usuario [id=usr007, username=User007, email=user007@fitdroid.com, plan_activo=MENSUAL, dispositivo=android11, preferencias=null]
2025-12-17 12:19:26.309 [main] INFO  controlador.GestionaUsuarios - Usuario [id=usr008, username=User008, email=user008@fitdroid.com, plan_activo=TRIMESTRAL, dispositivo=android11, preferencias=null]
2025-12-17 12:19:26.309 [main] INFO  controlador.GestionaUsuarios - Usuario [id=usr009, username=User009, email=user009@fitdroid.com, plan_activo=ANUAL, dispositivo=android12, preferencias=null]
2025-12-17 12:19:26.309 [main] INFO  controlador.GestionaUsuarios - Usuario [id=usr010, username=User010, email=user010@fitdroid.com, plan_activo=VIP, dispositivo=android13, preferencias=null]
2025-12-17 12:19:26.309 [main] INFO  controlador.GestionaUsuarios - Usuario [id=usr011, username=User011, email=user011@fitdroid.com, plan_activo=FREE, dispositivo=android13, preferencias=null]
2025-12-17 12:19:26.309 [main] INFO  controlador.GestionaUsuarios - Usuario [id=usr012, username=User012, email=user012@fitdroid.com, plan_activo=MENSUAL, dispositivo=iphone17, preferencias=null]
2025-12-17 12:19:26.309 [main] INFO  controlador.GestionaUsuarios - Usuario [id=usr013, username=User013, email=user013@fitdroid.com, plan_activo=TRIMESTRAL, dispositivo=android12, preferencias=null]
2025-12-17 12:19:26.310 [main] INFO  controlador.GestionaUsuarios - Usuario [id=usr014, username=User014, email=user014@fitdroid.com, plan_activo=ANUAL, dispositivo=android11, preferencias=null]
2025-12-17 12:19:26.310 [main] INFO  controlador.GestionaUsuarios - Usuario [id=usr015, username=User015, email=user015@fitdroid.com, plan_activo=VIP, dispositivo=android13, preferencias=null]
2025-12-17 12:19:26.310 [main] INFO  controlador.GestionaUsuarios - Usuario [id=usr016, username=User016, email=user016@fitdroid.com, plan_activo=FREE, dispositivo=iphone16, preferencias=null]
2025-12-17 12:19:26.310 [main] INFO  controlador.GestionaUsuarios - Usuario [id=usr017, username=User017, email=user017@fitdroid.com, plan_activo=MENSUAL, dispositivo=android13, preferencias=null]
2025-12-17 12:19:26.310 [main] INFO  controlador.GestionaUsuarios - Usuario [id=usr018, username=User018, email=user018@fitdroid.com, plan_activo=TRIMESTRAL, dispositivo=iphone16, preferencias=null]
2025-12-17 12:19:26.310 [main] INFO  controlador.GestionaUsuarios - Usuario [id=usr019, username=User019, email=user019@fitdroid.com, plan_activo=ANUAL, dispositivo=android11, preferencias=null]
2025-12-17 12:19:26.310 [main] INFO  controlador.GestionaUsuarios - Usuario [id=usr020, username=User020, email=user020@fitdroid.com, plan_activo=VIP, dispositivo=iphone17, preferencias=null]
2025-12-17 12:19:26.310 [main] INFO  controlador.GestionaUsuarios - Usuario [id=usr021, username=User021, email=user021@fitdroid.com, plan_activo=FREE, dispositivo=android11, preferencias=null]
2025-12-17 12:19:26.310 [main] INFO  controlador.GestionaUsuarios - Usuario [id=usr022, username=User022, email=user022@fitdroid.com, plan_activo=MENSUAL, dispositivo=iphone17, preferencias=null]
2025-12-17 12:19:26.310 [main] INFO  controlador.GestionaUsuarios - Usuario [id=usr023, username=User023, email=user023@fitdroid.com, plan_activo=MENSUAL, dispositivo=android14, preferencias=null]
2025-12-17 12:19:26.310 [main] INFO  controlador.GestionaUsuarios - Usuario [id=usr024, username=User024, email=user024@fitdroid.com, plan_activo=ANUAL, dispositivo=android13, preferencias=null]
2025-12-17 12:19:26.311 [main] INFO  controlador.GestionaUsuarios - Usuario [id=usr025, username=User025, email=user025@fitdroid.com, plan_activo=VIP, dispositivo=iphone15, preferencias=null]
2025-12-17 12:19:26.311 [main] INFO  controlador.GestionaUsuarios - Usuario [id=usr026, username=User026, email=user026@fitdroid.com, plan_activo=FREE, dispositivo=iphone14, preferencias=null]
2025-12-17 12:19:26.311 [main] INFO  controlador.GestionaUsuarios - Usuario [id=usr027, username=User027, email=user027@fitdroid.com, plan_activo=MENSUAL, dispositivo=iphone17, preferencias=null]
2025-12-17 12:19:26.311 [main] INFO  controlador.GestionaUsuarios - Usuario [id=usr028, username=User028, email=user028@fitdroid.com, plan_activo=TRIMESTRAL, dispositivo=android13, preferencias=null]
2025-12-17 12:19:26.311 [main] INFO  controlador.GestionaUsuarios - Usuario [id=usr029, username=User029, email=user029@fitdroid.com, plan_activo=ANUAL, dispositivo=android14, preferencias=null]
2025-12-17 12:19:26.311 [main] INFO  controlador.GestionaUsuarios - Usuario [id=usr030, username=User030, email=user030@fitdroid.com, plan_activo=VIP, dispositivo=android11, preferencias=null]
2025-12-17 12:19:26.311 [main] INFO  controlador.GestionaUsuarios - Usuario [id=usr031, username=User031, email=user031@fitdroid.com, plan_activo=FREE, dispositivo=iphone15, preferencias=null]
2025-12-17 12:19:26.311 [main] INFO  controlador.GestionaUsuarios - Usuario [id=usr032, username=User032, email=user032@fitdroid.com, plan_activo=MENSUAL, dispositivo=android12, preferencias=null]
2025-12-17 12:19:26.311 [main] INFO  controlador.GestionaUsuarios - Usuario [id=usr033, username=User033, email=user033@fitdroid.com, plan_activo=TRIMESTRAL, dispositivo=android14, preferencias=null]
2025-12-17 12:19:26.311 [main] INFO  controlador.GestionaUsuarios - Usuario [id=usr034, username=User034, email=user034@fitdroid.com, plan_activo=ANUAL, dispositivo=iphone15, preferencias=null]
2025-12-17 12:19:26.311 [main] INFO  controlador.GestionaUsuarios - Usuario [id=usr035, username=User035, email=user035@fitdroid.com, plan_activo=VIP, dispositivo=iphone17, preferencias=null]
2025-12-17 12:19:26.311 [main] INFO  controlador.GestionaUsuarios - Usuario [id=usr036, username=User036, email=user036@fitdroid.com, plan_activo=FREE, dispositivo=android13, preferencias=null]
2025-12-17 12:19:26.312 [main] INFO  controlador.GestionaUsuarios - Usuario [id=usr037, username=User037, email=user037@fitdroid.com, plan_activo=MENSUAL, dispositivo=android13, preferencias=null]
2025-12-17 12:19:26.312 [main] INFO  controlador.GestionaUsuarios - Usuario [id=usr038, username=User038, email=user038@fitdroid.com, plan_activo=TRIMESTRAL, dispositivo=iphone14, preferencias=null]
2025-12-17 12:19:26.312 [main] INFO  controlador.GestionaUsuarios - Usuario [id=usr039, username=User039, email=user039@fitdroid.com, plan_activo=ANUAL, dispositivo=android14, preferencias=null]
2025-12-17 12:19:26.312 [main] INFO  controlador.GestionaUsuarios - Usuario [id=usr040, username=User040, email=user040@fitdroid.com, plan_activo=VIP, dispositivo=android14, preferencias=null]
2025-12-17 12:33:25.711 [main] INFO  controlador.GestionaUsuarios - Usuario [id=usr001, username=User001, email=user001@fitdroid.com, plan_activo=MENSUAL, dispositivo=android14, preferencias=null]
2025-12-17 12:33:25.714 [main] INFO  controlador.GestionaUsuarios - Usuario [id=usr002, username=User002, email=user002@fitdroid.com, plan_activo=MENSUAL, dispositivo=android11, preferencias=null]
2025-12-17 12:33:25.714 [main] INFO  controlador.GestionaUsuarios - Usuario [id=usr003, username=User003, email=user003@fitdroid.com, plan_activo=TRIMESTRAL, dispositivo=android12, preferencias=null]
2025-12-17 12:33:25.714 [main] INFO  controlador.GestionaUsuarios - Usuario [id=usr004, username=User004, email=user004@fitdroid.com, plan_activo=ANUAL, dispositivo=iphone16, preferencias=null]
2025-12-17 12:33:25.714 [main] INFO  controlador.GestionaUsuarios - Usuario [id=usr005, username=User005, email=user005@fitdroid.com, plan_activo=MENSUAL, dispositivo=android14, preferencias=null]
2025-12-17 12:33:25.715 [main] INFO  controlador.GestionaUsuarios - Usuario [id=usr006, username=User006, email=user006@fitdroid.com, plan_activo=FREE, dispositivo=android13, preferencias=null]
2025-12-17 12:33:25.715 [main] INFO  controlador.GestionaUsuarios - Usuario [id=usr007, username=User007, email=user007@fitdroid.com, plan_activo=MENSUAL, dispositivo=android11, preferencias=null]
2025-12-17 12:33:25.715 [main] INFO  controlador.GestionaUsuarios - Usuario [id=usr008, username=User008, email=user008@fitdroid.com, plan_activo=TRIMESTRAL, dispositivo=android11, preferencias=null]
2025-12-17 12:33:25.715 [main] INFO  controlador.GestionaUsuarios - Usuario [id=usr009, username=User009, email=user009@fitdroid.com, plan_activo=ANUAL, dispositivo=android12, preferencias=null]
2025-12-17 12:33:25.715 [main] INFO  controlador.GestionaUsuarios - Usuario [id=usr010, username=User010, email=user010@fitdroid.com, plan_activo=VIP, dispositivo=android13, preferencias=null]
2025-12-17 12:33:25.715 [main] INFO  controlador.GestionaUsuarios - Usuario [id=usr011, username=User011, email=user011@fitdroid.com, plan_activo=FREE, dispositivo=android13, preferencias=null]
2025-12-17 12:33:25.715 [main] INFO  controlador.GestionaUsuarios - Usuario [id=usr012, username=User012, email=user012@fitdroid.com, plan_activo=MENSUAL, dispositivo=iphone17, preferencias=null]
2025-12-17 12:33:25.715 [main] INFO  controlador.GestionaUsuarios - Usuario [id=usr013, username=User013, email=user013@fitdroid.com, plan_activo=TRIMESTRAL, dispositivo=android12, preferencias=null]
2025-12-17 12:33:25.715 [main] INFO  controlador.GestionaUsuarios - Usuario [id=usr014, username=User014, email=user014@fitdroid.com, plan_activo=ANUAL, dispositivo=android11, preferencias=null]
2025-12-17 12:33:25.715 [main] INFO  controlador.GestionaUsuarios - Usuario [id=usr015, username=User015, email=user015@fitdroid.com, plan_activo=VIP, dispositivo=android13, preferencias=null]
2025-12-17 12:33:25.715 [main] INFO  controlador.GestionaUsuarios - Usuario [id=usr016, username=User016, email=user016@fitdroid.com, plan_activo=FREE, dispositivo=iphone16, preferencias=null]
2025-12-17 12:33:25.716 [main] INFO  controlador.GestionaUsuarios - Usuario [id=usr017, username=User017, email=user017@fitdroid.com, plan_activo=MENSUAL, dispositivo=android13, preferencias=null]
2025-12-17 12:33:25.716 [main] INFO  controlador.GestionaUsuarios - Usuario [id=usr018, username=User018, email=user018@fitdroid.com, plan_activo=TRIMESTRAL, dispositivo=iphone16, preferencias=null]
2025-12-17 12:33:25.716 [main] INFO  controlador.GestionaUsuarios - Usuario [id=usr019, username=User019, email=user019@fitdroid.com, plan_activo=ANUAL, dispositivo=android11, preferencias=null]
2025-12-17 12:33:25.716 [main] INFO  controlador.GestionaUsuarios - Usuario [id=usr020, username=User020, email=user020@fitdroid.com, plan_activo=VIP, dispositivo=iphone17, preferencias=null]
2025-12-17 12:33:25.716 [main] INFO  controlador.GestionaUsuarios - Usuario [id=usr021, username=User021, email=user021@fitdroid.com, plan_activo=FREE, dispositivo=android11, preferencias=null]
2025-12-17 12:33:25.716 [main] INFO  controlador.GestionaUsuarios - Usuario [id=usr022, username=User022, email=user022@fitdroid.com, plan_activo=MENSUAL, dispositivo=iphone17, preferencias=null]
2025-12-17 12:33:25.716 [main] INFO  controlador.GestionaUsuarios - Usuario [id=usr023, username=User023, email=user023@fitdroid.com, plan_activo=MENSUAL, dispositivo=android14, preferencias=null]
2025-12-17 12:33:25.716 [main] INFO  controlador.GestionaUsuarios - Usuario [id=usr024, username=User024, email=user024@fitdroid.com, plan_activo=ANUAL, dispositivo=android13, preferencias=null]
2025-12-17 12:33:25.716 [main] INFO  controlador.GestionaUsuarios - Usuario [id=usr025, username=User025, email=user025@fitdroid.com, plan_activo=VIP, dispositivo=iphone15, preferencias=null]
2025-12-17 12:33:25.716 [main] INFO  controlador.GestionaUsuarios - Usuario [id=usr026, username=User026, email=user026@fitdroid.com, plan_activo=FREE, dispositivo=iphone14, preferencias=null]
2025-12-17 12:33:25.716 [main] INFO  controlador.GestionaUsuarios - Usuario [id=usr027, username=User027, email=user027@fitdroid.com, plan_activo=MENSUAL, dispositivo=iphone17, preferencias=null]
2025-12-17 12:33:25.716 [main] INFO  controlador.GestionaUsuarios - Usuario [id=usr028, username=User028, email=user028@fitdroid.com, plan_activo=TRIMESTRAL, dispositivo=android13, preferencias=null]
2025-12-17 12:33:25.716 [main] INFO  controlador.GestionaUsuarios - Usuario [id=usr029, username=User029, email=user029@fitdroid.com, plan_activo=ANUAL, dispositivo=android14, preferencias=null]
2025-12-17 12:33:25.717 [main] INFO  controlador.GestionaUsuarios - Usuario [id=usr030, username=User030, email=user030@fitdroid.com, plan_activo=VIP, dispositivo=android11, preferencias=null]
2025-12-17 12:33:25.717 [main] INFO  controlador.GestionaUsuarios - Usuario [id=usr031, username=User031, email=user031@fitdroid.com, plan_activo=FREE, dispositivo=iphone15, preferencias=null]
2025-12-17 12:33:25.717 [main] INFO  controlador.GestionaUsuarios - Usuario [id=usr032, username=User032, email=user032@fitdroid.com, plan_activo=MENSUAL, dispositivo=android12, preferencias=null]
2025-12-17 12:33:25.717 [main] INFO  controlador.GestionaUsuarios - Usuario [id=usr033, username=User033, email=user033@fitdroid.com, plan_activo=TRIMESTRAL, dispositivo=android14, preferencias=null]
2025-12-17 12:33:25.717 [main] INFO  controlador.GestionaUsuarios - Usuario [id=usr034, username=User034, email=user034@fitdroid.com, plan_activo=ANUAL, dispositivo=iphone15, preferencias=null]
2025-12-17 12:33:25.717 [main] INFO  controlador.GestionaUsuarios - Usuario [id=usr035, username=User035, email=user035@fitdroid.com, plan_activo=VIP, dispositivo=iphone17, preferencias=null]
2025-12-17 12:33:25.717 [main] INFO  controlador.GestionaUsuarios - Usuario [id=usr036, username=User036, email=user036@fitdroid.com, plan_activo=FREE, dispositivo=android13, preferencias=null]
2025-12-17 12:33:25.717 [main] INFO  controlador.GestionaUsuarios - Usuario [id=usr037, username=User037, email=user037@fitdroid.com, plan_activo=MENSUAL, dispositivo=android13, preferencias=null]
2025-12-17 12:33:25.717 [main] INFO  controlador.GestionaUsuarios - Usuario [id=usr038, username=User038, email=user038@fitdroid.com, plan_activo=TRIMESTRAL, dispositivo=iphone14, preferencias=null]
2025-12-17 12:33:25.717 [main] INFO  controlador.GestionaUsuarios - Usuario [id=usr039, username=User039, email=user039@fitdroid.com, plan_activo=ANUAL, dispositivo=android14, preferencias=null]
2025-12-17 12:33:25.718 [main] INFO  controlador.GestionaUsuarios - Usuario [id=usr040, username=User040, email=user040@fitdroid.com, plan_activo=VIP, dispositivo=android14, preferencias=null]
2025-12-17 12:33:25.746 [main] INFO  controlador.GestionaUsuarios - null
2025-12-17 12:33:59.586 [main] INFO  controlador.GestionaUsuarios - Usuario [id=usr001, username=User001, email=user001@fitdroid.com, plan_activo=MENSUAL, dispositivo=android14, preferencias=null]
2025-12-17 12:33:59.589 [main] INFO  controlador.GestionaUsuarios - Usuario [id=usr002, username=User002, email=user002@fitdroid.com, plan_activo=MENSUAL, dispositivo=android11, preferencias=null]
2025-12-17 12:33:59.590 [main] INFO  controlador.GestionaUsuarios - Usuario [id=usr003, username=User003, email=user003@fitdroid.com, plan_activo=TRIMESTRAL, dispositivo=android12, preferencias=null]
2025-12-17 12:33:59.590 [main] INFO  controlador.GestionaUsuarios - Usuario [id=usr004, username=User004, email=user004@fitdroid.com, plan_activo=ANUAL, dispositivo=iphone16, preferencias=null]
2025-12-17 12:33:59.590 [main] INFO  controlador.GestionaUsuarios - Usuario [id=usr005, username=User005, email=user005@fitdroid.com, plan_activo=MENSUAL, dispositivo=android14, preferencias=null]
2025-12-17 12:33:59.590 [main] INFO  controlador.GestionaUsuarios - Usuario [id=usr006, username=User006, email=user006@fitdroid.com, plan_activo=FREE, dispositivo=android13, preferencias=null]
2025-12-17 12:33:59.590 [main] INFO  controlador.GestionaUsuarios - Usuario [id=usr007, username=User007, email=user007@fitdroid.com, plan_activo=MENSUAL, dispositivo=android11, preferencias=null]
2025-12-17 12:33:59.590 [main] INFO  controlador.GestionaUsuarios - Usuario [id=usr008, username=User008, email=user008@fitdroid.com, plan_activo=TRIMESTRAL, dispositivo=android11, preferencias=null]
2025-12-17 12:33:59.590 [main] INFO  controlador.GestionaUsuarios - Usuario [id=usr009, username=User009, email=user009@fitdroid.com, plan_activo=ANUAL, dispositivo=android12, preferencias=null]
2025-12-17 12:33:59.590 [main] INFO  controlador.GestionaUsuarios - Usuario [id=usr010, username=User010, email=user010@fitdroid.com, plan_activo=VIP, dispositivo=android13, preferencias=null]
2025-12-17 12:33:59.590 [main] INFO  controlador.GestionaUsuarios - Usuario [id=usr011, username=User011, email=user011@fitdroid.com, plan_activo=FREE, dispositivo=android13, preferencias=null]
2025-12-17 12:33:59.590 [main] INFO  controlador.GestionaUsuarios - Usuario [id=usr012, username=User012, email=user012@fitdroid.com, plan_activo=MENSUAL, dispositivo=iphone17, preferencias=null]
2025-12-17 12:33:59.591 [main] INFO  controlador.GestionaUsuarios - Usuario [id=usr013, username=User013, email=user013@fitdroid.com, plan_activo=TRIMESTRAL, dispositivo=android12, preferencias=null]
2025-12-17 12:33:59.591 [main] INFO  controlador.GestionaUsuarios - Usuario [id=usr014, username=User014, email=user014@fitdroid.com, plan_activo=ANUAL, dispositivo=android11, preferencias=null]
2025-12-17 12:33:59.591 [main] INFO  controlador.GestionaUsuarios - Usuario [id=usr015, username=User015, email=user015@fitdroid.com, plan_activo=VIP, dispositivo=android13, preferencias=null]
2025-12-17 12:33:59.591 [main] INFO  controlador.GestionaUsuarios - Usuario [id=usr016, username=User016, email=user016@fitdroid.com, plan_activo=FREE, dispositivo=iphone16, preferencias=null]
2025-12-17 12:33:59.591 [main] INFO  controlador.GestionaUsuarios - Usuario [id=usr017, username=User017, email=user017@fitdroid.com, plan_activo=MENSUAL, dispositivo=android13, preferencias=null]
2025-12-17 12:33:59.591 [main] INFO  controlador.GestionaUsuarios - Usuario [id=usr018, username=User018, email=user018@fitdroid.com, plan_activo=TRIMESTRAL, dispositivo=iphone16, preferencias=null]
2025-12-17 12:33:59.591 [main] INFO  controlador.GestionaUsuarios - Usuario [id=usr019, username=User019, email=user019@fitdroid.com, plan_activo=ANUAL, dispositivo=android11, preferencias=null]
2025-12-17 12:33:59.591 [main] INFO  controlador.GestionaUsuarios - Usuario [id=usr020, username=User020, email=user020@fitdroid.com, plan_activo=VIP, dispositivo=iphone17, preferencias=null]
2025-12-17 12:33:59.591 [main] INFO  controlador.GestionaUsuarios - Usuario [id=usr021, username=User021, email=user021@fitdroid.com, plan_activo=FREE, dispositivo=android11, preferencias=null]
2025-12-17 12:33:59.591 [main] INFO  controlador.GestionaUsuarios - Usuario [id=usr022, username=User022, email=user022@fitdroid.com, plan_activo=MENSUAL, dispositivo=iphone17, preferencias=null]
2025-12-17 12:33:59.591 [main] INFO  controlador.GestionaUsuarios - Usuario [id=usr023, username=User023, email=user023@fitdroid.com, plan_activo=MENSUAL, dispositivo=android14, preferencias=null]
2025-12-17 12:33:59.591 [main] INFO  controlador.GestionaUsuarios - Usuario [id=usr024, username=User024, email=user024@fitdroid.com, plan_activo=ANUAL, dispositivo=android13, preferencias=null]
2025-12-17 12:33:59.592 [main] INFO  controlador.GestionaUsuarios - Usuario [id=usr025, username=User025, email=user025@fitdroid.com, plan_activo=VIP, dispositivo=iphone15, preferencias=null]
2025-12-17 12:33:59.592 [main] INFO  controlador.GestionaUsuarios - Usuario [id=usr026, username=User026, email=user026@fitdroid.com, plan_activo=FREE, dispositivo=iphone14, preferencias=null]
2025-12-17 12:33:59.592 [main] INFO  controlador.GestionaUsuarios - Usuario [id=usr027, username=User027, email=user027@fitdroid.com, plan_activo=MENSUAL, dispositivo=iphone17, preferencias=null]
2025-12-17 12:33:59.592 [main] INFO  controlador.GestionaUsuarios - Usuario [id=usr028, username=User028, email=user028@fitdroid.com, plan_activo=TRIMESTRAL, dispositivo=android13, preferencias=null]
2025-12-17 12:33:59.592 [main] INFO  controlador.GestionaUsuarios - Usuario [id=usr029, username=User029, email=user029@fitdroid.com, plan_activo=ANUAL, dispositivo=android14, preferencias=null]
2025-12-17 12:33:59.592 [main] INFO  controlador.GestionaUsuarios - Usuario [id=usr030, username=User030, email=user030@fitdroid.com, plan_activo=VIP, dispositivo=android11, preferencias=null]
2025-12-17 12:33:59.592 [main] INFO  controlador.GestionaUsuarios - Usuario [id=usr031, username=User031, email=user031@fitdroid.com, plan_activo=FREE, dispositivo=iphone15, preferencias=null]
2025-12-17 12:33:59.592 [main] INFO  controlador.GestionaUsuarios - Usuario [id=usr032, username=User032, email=user032@fitdroid.com, plan_activo=MENSUAL, dispositivo=android12, preferencias=null]
2025-12-17 12:33:59.592 [main] INFO  controlador.GestionaUsuarios - Usuario [id=usr033, username=User033, email=user033@fitdroid.com, plan_activo=TRIMESTRAL, dispositivo=android14, preferencias=null]
2025-12-17 12:33:59.592 [main] INFO  controlador.GestionaUsuarios - Usuario [id=usr034, username=User034, email=user034@fitdroid.com, plan_activo=ANUAL, dispositivo=iphone15, preferencias=null]
2025-12-17 12:33:59.592 [main] INFO  controlador.GestionaUsuarios - Usuario [id=usr035, username=User035, email=user035@fitdroid.com, plan_activo=VIP, dispositivo=iphone17, preferencias=null]
2025-12-17 12:33:59.593 [main] INFO  controlador.GestionaUsuarios - Usuario [id=usr036, username=User036, email=user036@fitdroid.com, plan_activo=FREE, dispositivo=android13, preferencias=null]
2025-12-17 12:33:59.593 [main] INFO  controlador.GestionaUsuarios - Usuario [id=usr037, username=User037, email=user037@fitdroid.com, plan_activo=MENSUAL, dispositivo=android13, preferencias=null]
2025-12-17 12:33:59.593 [main] INFO  controlador.GestionaUsuarios - Usuario [id=usr038, username=User038, email=user038@fitdroid.com, plan_activo=TRIMESTRAL, dispositivo=iphone14, preferencias=null]
2025-12-17 12:33:59.593 [main] INFO  controlador.GestionaUsuarios - Usuario [id=usr039, username=User039, email=user039@fitdroid.com, plan_activo=ANUAL, dispositivo=android14, preferencias=null]
2025-12-17 12:33:59.593 [main] INFO  controlador.GestionaUsuarios - Usuario [id=usr040, username=User040, email=user040@fitdroid.com, plan_activo=VIP, dispositivo=android14, preferencias=null]
2025-12-17 12:33:59.610 [main] INFO  controlador.GestionaUsuarios - null
2025-12-17 12:34:50.759 [main] INFO  controlador.GestionaUsuarios - Usuario [id=usr001, username=User001, email=user001@fitdroid.com, plan_activo=MENSUAL, dispositivo=android14, preferencias=null]
2025-12-17 12:34:50.762 [main] INFO  controlador.GestionaUsuarios - Usuario [id=usr002, username=User002, email=user002@fitdroid.com, plan_activo=MENSUAL, dispositivo=android11, preferencias=null]
2025-12-17 12:34:50.763 [main] INFO  controlador.GestionaUsuarios - Usuario [id=usr003, username=User003, email=user003@fitdroid.com, plan_activo=TRIMESTRAL, dispositivo=android12, preferencias=null]
2025-12-17 12:34:50.763 [main] INFO  controlador.GestionaUsuarios - Usuario [id=usr004, username=User004, email=user004@fitdroid.com, plan_activo=ANUAL, dispositivo=iphone16, preferencias=null]
2025-12-17 12:34:50.763 [main] INFO  controlador.GestionaUsuarios - Usuario [id=usr005, username=User005, email=user005@fitdroid.com, plan_activo=MENSUAL, dispositivo=android14, preferencias=null]
2025-12-17 12:34:50.763 [main] INFO  controlador.GestionaUsuarios - Usuario [id=usr006, username=User006, email=user006@fitdroid.com, plan_activo=FREE, dispositivo=android13, preferencias=null]
2025-12-17 12:34:50.763 [main] INFO  controlador.GestionaUsuarios - Usuario [id=usr007, username=User007, email=user007@fitdroid.com, plan_activo=MENSUAL, dispositivo=android11, preferencias=null]
2025-12-17 12:34:50.763 [main] INFO  controlador.GestionaUsuarios - Usuario [id=usr008, username=User008, email=user008@fitdroid.com, plan_activo=TRIMESTRAL, dispositivo=android11, preferencias=null]
2025-12-17 12:34:50.763 [main] INFO  controlador.GestionaUsuarios - Usuario [id=usr009, username=User009, email=user009@fitdroid.com, plan_activo=ANUAL, dispositivo=android12, preferencias=null]
2025-12-17 12:34:50.763 [main] INFO  controlador.GestionaUsuarios - Usuario [id=usr010, username=User010, email=user010@fitdroid.com, plan_activo=VIP, dispositivo=android13, preferencias=null]
2025-12-17 12:34:50.763 [main] INFO  controlador.GestionaUsuarios - Usuario [id=usr011, username=User011, email=user011@fitdroid.com, plan_activo=FREE, dispositivo=android13, preferencias=null]
2025-12-17 12:34:50.763 [main] INFO  controlador.GestionaUsuarios - Usuario [id=usr012, username=User012, email=user012@fitdroid.com, plan_activo=MENSUAL, dispositivo=iphone17, preferencias=null]
2025-12-17 12:34:50.764 [main] INFO  controlador.GestionaUsuarios - Usuario [id=usr013, username=User013, email=user013@fitdroid.com, plan_activo=TRIMESTRAL, dispositivo=android12, preferencias=null]
2025-12-17 12:34:50.764 [main] INFO  controlador.GestionaUsuarios - Usuario [id=usr014, username=User014, email=user014@fitdroid.com, plan_activo=ANUAL, dispositivo=android11, preferencias=null]
2025-12-17 12:34:50.764 [main] INFO  controlador.GestionaUsuarios - Usuario [id=usr015, username=User015, email=user015@fitdroid.com, plan_activo=VIP, dispositivo=android13, preferencias=null]
2025-12-17 12:34:50.764 [main] INFO  controlador.GestionaUsuarios - Usuario [id=usr016, username=User016, email=user016@fitdroid.com, plan_activo=FREE, dispositivo=iphone16, preferencias=null]
2025-12-17 12:34:50.764 [main] INFO  controlador.GestionaUsuarios - Usuario [id=usr017, username=User017, email=user017@fitdroid.com, plan_activo=MENSUAL, dispositivo=android13, preferencias=null]
2025-12-17 12:34:50.764 [main] INFO  controlador.GestionaUsuarios - Usuario [id=usr018, username=User018, email=user018@fitdroid.com, plan_activo=TRIMESTRAL, dispositivo=iphone16, preferencias=null]
2025-12-17 12:34:50.764 [main] INFO  controlador.GestionaUsuarios - Usuario [id=usr019, username=User019, email=user019@fitdroid.com, plan_activo=ANUAL, dispositivo=android11, preferencias=null]
2025-12-17 12:34:50.764 [main] INFO  controlador.GestionaUsuarios - Usuario [id=usr020, username=User020, email=user020@fitdroid.com, plan_activo=VIP, dispositivo=iphone17, preferencias=null]
2025-12-17 12:34:50.764 [main] INFO  controlador.GestionaUsuarios - Usuario [id=usr021, username=User021, email=user021@fitdroid.com, plan_activo=FREE, dispositivo=android11, preferencias=null]
2025-12-17 12:34:50.764 [main] INFO  controlador.GestionaUsuarios - Usuario [id=usr022, username=User022, email=user022@fitdroid.com, plan_activo=MENSUAL, dispositivo=iphone17, preferencias=null]
2025-12-17 12:34:50.764 [main] INFO  controlador.GestionaUsuarios - Usuario [id=usr023, username=User023, email=user023@fitdroid.com, plan_activo=MENSUAL, dispositivo=android14, preferencias=null]
2025-12-17 12:34:50.764 [main] INFO  controlador.GestionaUsuarios - Usuario [id=usr024, username=User024, email=user024@fitdroid.com, plan_activo=ANUAL, dispositivo=android13, preferencias=null]
2025-12-17 12:34:50.764 [main] INFO  controlador.GestionaUsuarios - Usuario [id=usr025, username=User025, email=user025@fitdroid.com, plan_activo=VIP, dispositivo=iphone15, preferencias=null]
2025-12-17 12:34:50.765 [main] INFO  controlador.GestionaUsuarios - Usuario [id=usr026, username=User026, email=user026@fitdroid.com, plan_activo=FREE, dispositivo=iphone14, preferencias=null]
2025-12-17 12:34:50.765 [main] INFO  controlador.GestionaUsuarios - Usuario [id=usr027, username=User027, email=user027@fitdroid.com, plan_activo=MENSUAL, dispositivo=iphone17, preferencias=null]
2025-12-17 12:34:50.765 [main] INFO  controlador.GestionaUsuarios - Usuario [id=usr028, username=User028, email=user028@fitdroid.com, plan_activo=TRIMESTRAL, dispositivo=android13, preferencias=null]
2025-12-17 12:34:50.765 [main] INFO  controlador.GestionaUsuarios - Usuario [id=usr029, username=User029, email=user029@fitdroid.com, plan_activo=ANUAL, dispositivo=android14, preferencias=null]
2025-12-17 12:34:50.765 [main] INFO  controlador.GestionaUsuarios - Usuario [id=usr030, username=User030, email=user030@fitdroid.com, plan_activo=VIP, dispositivo=android11, preferencias=null]
2025-12-17 12:34:50.765 [main] INFO  controlador.GestionaUsuarios - Usuario [id=usr031, username=User031, email=user031@fitdroid.com, plan_activo=FREE, dispositivo=iphone15, preferencias=null]
2025-12-17 12:34:50.765 [main] INFO  controlador.GestionaUsuarios - Usuario [id=usr032, username=User032, email=user032@fitdroid.com, plan_activo=MENSUAL, dispositivo=android12, preferencias=null]
2025-12-17 12:34:50.765 [main] INFO  controlador.GestionaUsuarios - Usuario [id=usr033, username=User033, email=user033@fitdroid.com, plan_activo=TRIMESTRAL, dispositivo=android14, preferencias=null]
2025-12-17 12:34:50.765 [main] INFO  controlador.GestionaUsuarios - Usuario [id=usr034, username=User034, email=user034@fitdroid.com, plan_activo=ANUAL, dispositivo=iphone15, preferencias=null]
2025-12-17 12:34:50.765 [main] INFO  controlador.GestionaUsuarios - Usuario [id=usr035, username=User035, email=user035@fitdroid.com, plan_activo=VIP, dispositivo=iphone17, preferencias=null]
2025-12-17 12:34:50.766 [main] INFO  controlador.GestionaUsuarios - Usuario [id=usr036, username=User036, email=user036@fitdroid.com, plan_activo=FREE, dispositivo=android13, preferencias=null]
2025-12-17 12:34:50.766 [main] INFO  controlador.GestionaUsuarios - Usuario [id=usr037, username=User037, email=user037@fitdroid.com, plan_activo=MENSUAL, dispositivo=android13, preferencias=null]
2025-12-17 12:34:50.766 [main] INFO  controlador.GestionaUsuarios - Usuario [id=usr038, username=User038, email=user038@fitdroid.com, plan_activo=TRIMESTRAL, dispositivo=iphone14, preferencias=null]
2025-12-17 12:34:50.766 [main] INFO  controlador.GestionaUsuarios - Usuario [id=usr039, username=User039, email=user039@fitdroid.com, plan_activo=ANUAL, dispositivo=android14, preferencias=null]
2025-12-17 12:34:50.766 [main] INFO  controlador.GestionaUsuarios - Usuario [id=usr040, username=User040, email=user040@fitdroid.com, plan_activo=VIP, dispositivo=android14, preferencias=null]
2025-12-17 12:34:50.781 [main] INFO  controlador.GestionaUsuarios - null
2025-12-17 12:36:22.809 [main] INFO  controlador.GestionaUsuarios - Usuario [id=usr001, username=User001, email=user001@fitdroid.com, plan_activo=MENSUAL, dispositivo=android14, preferencias=null]
2025-12-17 12:36:22.814 [main] INFO  controlador.GestionaUsuarios - Usuario [id=usr002, username=User002, email=user002@fitdroid.com, plan_activo=MENSUAL, dispositivo=android11, preferencias=null]
2025-12-17 12:36:22.814 [main] INFO  controlador.GestionaUsuarios - Usuario [id=usr003, username=User003, email=user003@fitdroid.com, plan_activo=TRIMESTRAL, dispositivo=android12, preferencias=null]
2025-12-17 12:36:22.814 [main] INFO  controlador.GestionaUsuarios - Usuario [id=usr004, username=User004, email=user004@fitdroid.com, plan_activo=ANUAL, dispositivo=iphone16, preferencias=null]
2025-12-17 12:36:22.814 [main] INFO  controlador.GestionaUsuarios - Usuario [id=usr005, username=User005, email=user005@fitdroid.com, plan_activo=MENSUAL, dispositivo=android14, preferencias=null]
2025-12-17 12:36:22.814 [main] INFO  controlador.GestionaUsuarios - Usuario [id=usr006, username=User006, email=user006@fitdroid.com, plan_activo=FREE, dispositivo=android13, preferencias=null]
2025-12-17 12:36:22.815 [main] INFO  controlador.GestionaUsuarios - Usuario [id=usr007, username=User007, email=user007@fitdroid.com, plan_activo=MENSUAL, dispositivo=android11, preferencias=null]
2025-12-17 12:36:22.815 [main] INFO  controlador.GestionaUsuarios - Usuario [id=usr008, username=User008, email=user008@fitdroid.com, plan_activo=TRIMESTRAL, dispositivo=android11, preferencias=null]
2025-12-17 12:36:22.815 [main] INFO  controlador.GestionaUsuarios - Usuario [id=usr009, username=User009, email=user009@fitdroid.com, plan_activo=ANUAL, dispositivo=android12, preferencias=null]
2025-12-17 12:36:22.815 [main] INFO  controlador.GestionaUsuarios - Usuario [id=usr010, username=User010, email=user010@fitdroid.com, plan_activo=VIP, dispositivo=android13, preferencias=null]
2025-12-17 12:36:22.815 [main] INFO  controlador.GestionaUsuarios - Usuario [id=usr011, username=User011, email=user011@fitdroid.com, plan_activo=FREE, dispositivo=android13, preferencias=null]
2025-12-17 12:36:22.815 [main] INFO  controlador.GestionaUsuarios - Usuario [id=usr012, username=User012, email=user012@fitdroid.com, plan_activo=MENSUAL, dispositivo=iphone17, preferencias=null]
2025-12-17 12:36:22.815 [main] INFO  controlador.GestionaUsuarios - Usuario [id=usr013, username=User013, email=user013@fitdroid.com, plan_activo=TRIMESTRAL, dispositivo=android12, preferencias=null]
2025-12-17 12:36:22.815 [main] INFO  controlador.GestionaUsuarios - Usuario [id=usr014, username=User014, email=user014@fitdroid.com, plan_activo=ANUAL, dispositivo=android11, preferencias=null]
2025-12-17 12:36:22.815 [main] INFO  controlador.GestionaUsuarios - Usuario [id=usr015, username=User015, email=user015@fitdroid.com, plan_activo=VIP, dispositivo=android13, preferencias=null]
2025-12-17 12:36:22.815 [main] INFO  controlador.GestionaUsuarios - Usuario [id=usr016, username=User016, email=user016@fitdroid.com, plan_activo=FREE, dispositivo=iphone16, preferencias=null]
2025-12-17 12:36:22.815 [main] INFO  controlador.GestionaUsuarios - Usuario [id=usr017, username=User017, email=user017@fitdroid.com, plan_activo=MENSUAL, dispositivo=android13, preferencias=null]
2025-12-17 12:36:22.815 [main] INFO  controlador.GestionaUsuarios - Usuario [id=usr018, username=User018, email=user018@fitdroid.com, plan_activo=TRIMESTRAL, dispositivo=iphone16, preferencias=null]
2025-12-17 12:36:22.816 [main] INFO  controlador.GestionaUsuarios - Usuario [id=usr019, username=User019, email=user019@fitdroid.com, plan_activo=ANUAL, dispositivo=android11, preferencias=null]
2025-12-17 12:36:22.816 [main] INFO  controlador.GestionaUsuarios - Usuario [id=usr020, username=User020, email=user020@fitdroid.com, plan_activo=VIP, dispositivo=iphone17, preferencias=null]
2025-12-17 12:36:22.816 [main] INFO  controlador.GestionaUsuarios - Usuario [id=usr021, username=User021, email=user021@fitdroid.com, plan_activo=FREE, dispositivo=android11, preferencias=null]
2025-12-17 12:36:22.816 [main] INFO  controlador.GestionaUsuarios - Usuario [id=usr022, username=User022, email=user022@fitdroid.com, plan_activo=MENSUAL, dispositivo=iphone17, preferencias=null]
2025-12-17 12:36:22.816 [main] INFO  controlador.GestionaUsuarios - Usuario [id=usr023, username=User023, email=user023@fitdroid.com, plan_activo=MENSUAL, dispositivo=android14, preferencias=null]
2025-12-17 12:36:22.816 [main] INFO  controlador.GestionaUsuarios - Usuario [id=usr024, username=User024, email=user024@fitdroid.com, plan_activo=ANUAL, dispositivo=android13, preferencias=null]
2025-12-17 12:36:22.816 [main] INFO  controlador.GestionaUsuarios - Usuario [id=usr025, username=User025, email=user025@fitdroid.com, plan_activo=VIP, dispositivo=iphone15, preferencias=null]
2025-12-17 12:36:22.816 [main] INFO  controlador.GestionaUsuarios - Usuario [id=usr026, username=User026, email=user026@fitdroid.com, plan_activo=FREE, dispositivo=iphone14, preferencias=null]
2025-12-17 12:36:22.816 [main] INFO  controlador.GestionaUsuarios - Usuario [id=usr027, username=User027, email=user027@fitdroid.com, plan_activo=MENSUAL, dispositivo=iphone17, preferencias=null]
2025-12-17 12:36:22.816 [main] INFO  controlador.GestionaUsuarios - Usuario [id=usr028, username=User028, email=user028@fitdroid.com, plan_activo=TRIMESTRAL, dispositivo=android13, preferencias=null]
2025-12-17 12:36:22.816 [main] INFO  controlador.GestionaUsuarios - Usuario [id=usr029, username=User029, email=user029@fitdroid.com, plan_activo=ANUAL, dispositivo=android14, preferencias=null]
2025-12-17 12:36:22.816 [main] INFO  controlador.GestionaUsuarios - Usuario [id=usr030, username=User030, email=user030@fitdroid.com, plan_activo=VIP, dispositivo=android11, preferencias=null]
2025-12-17 12:36:22.816 [main] INFO  controlador.GestionaUsuarios - Usuario [id=usr031, username=User031, email=user031@fitdroid.com, plan_activo=FREE, dispositivo=iphone15, preferencias=null]
2025-12-17 12:36:22.817 [main] INFO  controlador.GestionaUsuarios - Usuario [id=usr032, username=User032, email=user032@fitdroid.com, plan_activo=MENSUAL, dispositivo=android12, preferencias=null]
2025-12-17 12:36:22.817 [main] INFO  controlador.GestionaUsuarios - Usuario [id=usr033, username=User033, email=user033@fitdroid.com, plan_activo=TRIMESTRAL, dispositivo=android14, preferencias=null]
2025-12-17 12:36:22.817 [main] INFO  controlador.GestionaUsuarios - Usuario [id=usr034, username=User034, email=user034@fitdroid.com, plan_activo=ANUAL, dispositivo=iphone15, preferencias=null]
2025-12-17 12:36:22.817 [main] INFO  controlador.GestionaUsuarios - Usuario [id=usr035, username=User035, email=user035@fitdroid.com, plan_activo=VIP, dispositivo=iphone17, preferencias=null]
2025-12-17 12:36:22.817 [main] INFO  controlador.GestionaUsuarios - Usuario [id=usr036, username=User036, email=user036@fitdroid.com, plan_activo=FREE, dispositivo=android13, preferencias=null]
2025-12-17 12:36:22.817 [main] INFO  controlador.GestionaUsuarios - Usuario [id=usr037, username=User037, email=user037@fitdroid.com, plan_activo=MENSUAL, dispositivo=android13, preferencias=null]
2025-12-17 12:36:22.817 [main] INFO  controlador.GestionaUsuarios - Usuario [id=usr038, username=User038, email=user038@fitdroid.com, plan_activo=TRIMESTRAL, dispositivo=iphone14, preferencias=null]
2025-12-17 12:36:22.817 [main] INFO  controlador.GestionaUsuarios - Usuario [id=usr039, username=User039, email=user039@fitdroid.com, plan_activo=ANUAL, dispositivo=android14, preferencias=null]
2025-12-17 12:36:22.817 [main] INFO  controlador.GestionaUsuarios - Usuario [id=usr040, username=User040, email=user040@fitdroid.com, plan_activo=VIP, dispositivo=android14, preferencias=null]
2025-12-17 12:36:22.834 [main] INFO  controlador.GestionaUsuarios - null
2025-12-17 12:37:48.101 [main] INFO  controlador.GestionaUsuarios - Usuario [id=usr001, username=User001, email=user001@fitdroid.com, plan_activo=MENSUAL, dispositivo=android14, preferencias=null]
2025-12-17 12:37:48.105 [main] INFO  controlador.GestionaUsuarios - Usuario [id=usr002, username=User002, email=user002@fitdroid.com, plan_activo=MENSUAL, dispositivo=android11, preferencias=null]
2025-12-17 12:37:48.105 [main] INFO  controlador.GestionaUsuarios - Usuario [id=usr003, username=User003, email=user003@fitdroid.com, plan_activo=TRIMESTRAL, dispositivo=android12, preferencias=null]
2025-12-17 12:37:48.105 [main] INFO  controlador.GestionaUsuarios - Usuario [id=usr004, username=User004, email=user004@fitdroid.com, plan_activo=ANUAL, dispositivo=iphone16, preferencias=null]
2025-12-17 12:37:48.106 [main] INFO  controlador.GestionaUsuarios - Usuario [id=usr005, username=User005, email=user005@fitdroid.com, plan_activo=MENSUAL, dispositivo=android14, preferencias=null]
2025-12-17 12:37:48.106 [main] INFO  controlador.GestionaUsuarios - Usuario [id=usr006, username=User006, email=user006@fitdroid.com, plan_activo=FREE, dispositivo=android13, preferencias=null]
2025-12-17 12:37:48.106 [main] INFO  controlador.GestionaUsuarios - Usuario [id=usr007, username=User007, email=user007@fitdroid.com, plan_activo=MENSUAL, dispositivo=android11, preferencias=null]
2025-12-17 12:37:48.106 [main] INFO  controlador.GestionaUsuarios - Usuario [id=usr008, username=User008, email=user008@fitdroid.com, plan_activo=TRIMESTRAL, dispositivo=android11, preferencias=null]
2025-12-17 12:37:48.106 [main] INFO  controlador.GestionaUsuarios - Usuario [id=usr009, username=User009, email=user009@fitdroid.com, plan_activo=ANUAL, dispositivo=android12, preferencias=null]
2025-12-17 12:37:48.106 [main] INFO  controlador.GestionaUsuarios - Usuario [id=usr010, username=User010, email=user010@fitdroid.com, plan_activo=VIP, dispositivo=android13, preferencias=null]
2025-12-17 12:37:48.106 [main] INFO  controlador.GestionaUsuarios - Usuario [id=usr011, username=User011, email=user011@fitdroid.com, plan_activo=FREE, dispositivo=android13, preferencias=null]
2025-12-17 12:37:48.106 [main] INFO  controlador.GestionaUsuarios - Usuario [id=usr012, username=User012, email=user012@fitdroid.com, plan_activo=MENSUAL, dispositivo=iphone17, preferencias=null]
2025-12-17 12:37:48.106 [main] INFO  controlador.GestionaUsuarios - Usuario [id=usr013, username=User013, email=user013@fitdroid.com, plan_activo=TRIMESTRAL, dispositivo=android12, preferencias=null]
2025-12-17 12:37:48.106 [main] INFO  controlador.GestionaUsuarios - Usuario [id=usr014, username=User014, email=user014@fitdroid.com, plan_activo=ANUAL, dispositivo=android11, preferencias=null]
2025-12-17 12:37:48.106 [main] INFO  controlador.GestionaUsuarios - Usuario [id=usr015, username=User015, email=user015@fitdroid.com, plan_activo=VIP, dispositivo=android13, preferencias=null]
2025-12-17 12:37:48.106 [main] INFO  controlador.GestionaUsuarios - Usuario [id=usr016, username=User016, email=user016@fitdroid.com, plan_activo=FREE, dispositivo=iphone16, preferencias=null]
2025-12-17 12:37:48.107 [main] INFO  controlador.GestionaUsuarios - Usuario [id=usr017, username=User017, email=user017@fitdroid.com, plan_activo=MENSUAL, dispositivo=android13, preferencias=null]
2025-12-17 12:37:48.107 [main] INFO  controlador.GestionaUsuarios - Usuario [id=usr018, username=User018, email=user018@fitdroid.com, plan_activo=TRIMESTRAL, dispositivo=iphone16, preferencias=null]
2025-12-17 12:37:48.107 [main] INFO  controlador.GestionaUsuarios - Usuario [id=usr019, username=User019, email=user019@fitdroid.com, plan_activo=ANUAL, dispositivo=android11, preferencias=null]
2025-12-17 12:37:48.107 [main] INFO  controlador.GestionaUsuarios - Usuario [id=usr020, username=User020, email=user020@fitdroid.com, plan_activo=VIP, dispositivo=iphone17, preferencias=null]
2025-12-17 12:37:48.107 [main] INFO  controlador.GestionaUsuarios - Usuario [id=usr021, username=User021, email=user021@fitdroid.com, plan_activo=FREE, dispositivo=android11, preferencias=null]
2025-12-17 12:37:48.107 [main] INFO  controlador.GestionaUsuarios - Usuario [id=usr022, username=User022, email=user022@fitdroid.com, plan_activo=MENSUAL, dispositivo=iphone17, preferencias=null]
2025-12-17 12:37:48.107 [main] INFO  controlador.GestionaUsuarios - Usuario [id=usr023, username=User023, email=user023@fitdroid.com, plan_activo=MENSUAL, dispositivo=android14, preferencias=null]
2025-12-17 12:37:48.107 [main] INFO  controlador.GestionaUsuarios - Usuario [id=usr024, username=User024, email=user024@fitdroid.com, plan_activo=ANUAL, dispositivo=android13, preferencias=null]
2025-12-17 12:37:48.107 [main] INFO  controlador.GestionaUsuarios - Usuario [id=usr025, username=User025, email=user025@fitdroid.com, plan_activo=VIP, dispositivo=iphone15, preferencias=null]
2025-12-17 12:37:48.107 [main] INFO  controlador.GestionaUsuarios - Usuario [id=usr026, username=User026, email=user026@fitdroid.com, plan_activo=FREE, dispositivo=iphone14, preferencias=null]
2025-12-17 12:37:48.107 [main] INFO  controlador.GestionaUsuarios - Usuario [id=usr027, username=User027, email=user027@fitdroid.com, plan_activo=MENSUAL, dispositivo=iphone17, preferencias=null]
2025-12-17 12:37:48.107 [main] INFO  controlador.GestionaUsuarios - Usuario [id=usr028, username=User028, email=user028@fitdroid.com, plan_activo=TRIMESTRAL, dispositivo=android13, preferencias=null]
2025-12-17 12:37:48.108 [main] INFO  controlador.GestionaUsuarios - Usuario [id=usr029, username=User029, email=user029@fitdroid.com, plan_activo=ANUAL, dispositivo=android14, preferencias=null]
2025-12-17 12:37:48.108 [main] INFO  controlador.GestionaUsuarios - Usuario [id=usr030, username=User030, email=user030@fitdroid.com, plan_activo=VIP, dispositivo=android11, preferencias=null]
2025-12-17 12:37:48.108 [main] INFO  controlador.GestionaUsuarios - Usuario [id=usr031, username=User031, email=user031@fitdroid.com, plan_activo=FREE, dispositivo=iphone15, preferencias=null]
2025-12-17 12:37:48.108 [main] INFO  controlador.GestionaUsuarios - Usuario [id=usr032, username=User032, email=user032@fitdroid.com, plan_activo=MENSUAL, dispositivo=android12, preferencias=null]
2025-12-17 12:37:48.108 [main] INFO  controlador.GestionaUsuarios - Usuario [id=usr033, username=User033, email=user033@fitdroid.com, plan_activo=TRIMESTRAL, dispositivo=android14, preferencias=null]
2025-12-17 12:37:48.108 [main] INFO  controlador.GestionaUsuarios - Usuario [id=usr034, username=User034, email=user034@fitdroid.com, plan_activo=ANUAL, dispositivo=iphone15, preferencias=null]
2025-12-17 12:37:48.108 [main] INFO  controlador.GestionaUsuarios - Usuario [id=usr035, username=User035, email=user035@fitdroid.com, plan_activo=VIP, dispositivo=iphone17, preferencias=null]
2025-12-17 12:37:48.108 [main] INFO  controlador.GestionaUsuarios - Usuario [id=usr036, username=User036, email=user036@fitdroid.com, plan_activo=FREE, dispositivo=android13, preferencias=null]
2025-12-17 12:37:48.108 [main] INFO  controlador.GestionaUsuarios - Usuario [id=usr037, username=User037, email=user037@fitdroid.com, plan_activo=MENSUAL, dispositivo=android13, preferencias=null]
2025-12-17 12:37:48.108 [main] INFO  controlador.GestionaUsuarios - Usuario [id=usr038, username=User038, email=user038@fitdroid.com, plan_activo=TRIMESTRAL, dispositivo=iphone14, preferencias=null]
2025-12-17 12:37:48.108 [main] INFO  controlador.GestionaUsuarios - Usuario [id=usr039, username=User039, email=user039@fitdroid.com, plan_activo=ANUAL, dispositivo=android14, preferencias=null]
2025-12-17 12:37:48.109 [main] INFO  controlador.GestionaUsuarios - Usuario [id=usr040, username=User040, email=user040@fitdroid.com, plan_activo=VIP, dispositivo=android14, preferencias=null]
2025-12-17 12:37:48.124 [main] INFO  controlador.GestionaUsuarios - Usuario [id=usr002, username=User002, email=user002@fitdroid.com, plan_activo=MENSUAL, dispositivo=android11, preferencias=null]
2025-12-17 12:38:37.244 [main] INFO  controlador.GestionaUsuarios - Usuario [id=usr001, username=User001, email=user001@fitdroid.com, plan_activo=MENSUAL, dispositivo=android14, preferencias=null]
2025-12-17 12:38:37.249 [main] INFO  controlador.GestionaUsuarios - Usuario [id=usr002, username=User002, email=user002@fitdroid.com, plan_activo=MENSUAL, dispositivo=android11, preferencias=null]
2025-12-17 12:38:37.249 [main] INFO  controlador.GestionaUsuarios - Usuario [id=usr003, username=User003, email=user003@fitdroid.com, plan_activo=TRIMESTRAL, dispositivo=android12, preferencias=null]
2025-12-17 12:38:37.249 [main] INFO  controlador.GestionaUsuarios - Usuario [id=usr004, username=User004, email=user004@fitdroid.com, plan_activo=ANUAL, dispositivo=iphone16, preferencias=null]
2025-12-17 12:38:37.249 [main] INFO  controlador.GestionaUsuarios - Usuario [id=usr005, username=User005, email=user005@fitdroid.com, plan_activo=MENSUAL, dispositivo=android14, preferencias=null]
2025-12-17 12:38:37.249 [main] INFO  controlador.GestionaUsuarios - Usuario [id=usr006, username=User006, email=user006@fitdroid.com, plan_activo=FREE, dispositivo=android13, preferencias=null]
2025-12-17 12:38:37.249 [main] INFO  controlador.GestionaUsuarios - Usuario [id=usr007, username=User007, email=user007@fitdroid.com, plan_activo=MENSUAL, dispositivo=android11, preferencias=null]
2025-12-17 12:38:37.249 [main] INFO  controlador.GestionaUsuarios - Usuario [id=usr008, username=User008, email=user008@fitdroid.com, plan_activo=TRIMESTRAL, dispositivo=android11, preferencias=null]
2025-12-17 12:38:37.249 [main] INFO  controlador.GestionaUsuarios - Usuario [id=usr009, username=User009, email=user009@fitdroid.com, plan_activo=ANUAL, dispositivo=android12, preferencias=null]
2025-12-17 12:38:37.250 [main] INFO  controlador.GestionaUsuarios - Usuario [id=usr010, username=User010, email=user010@fitdroid.com, plan_activo=VIP, dispositivo=android13, preferencias=null]
2025-12-17 12:38:37.250 [main] INFO  controlador.GestionaUsuarios - Usuario [id=usr011, username=User011, email=user011@fitdroid.com, plan_activo=FREE, dispositivo=android13, preferencias=null]
2025-12-17 12:38:37.250 [main] INFO  controlador.GestionaUsuarios - Usuario [id=usr012, username=User012, email=user012@fitdroid.com, plan_activo=MENSUAL, dispositivo=iphone17, preferencias=null]
2025-12-17 12:38:37.250 [main] INFO  controlador.GestionaUsuarios - Usuario [id=usr013, username=User013, email=user013@fitdroid.com, plan_activo=TRIMESTRAL, dispositivo=android12, preferencias=null]
2025-12-17 12:38:37.250 [main] INFO  controlador.GestionaUsuarios - Usuario [id=usr014, username=User014, email=user014@fitdroid.com, plan_activo=ANUAL, dispositivo=android11, preferencias=null]
2025-12-17 12:38:37.250 [main] INFO  controlador.GestionaUsuarios - Usuario [id=usr015, username=User015, email=user015@fitdroid.com, plan_activo=VIP, dispositivo=android13, preferencias=null]
2025-12-17 12:38:37.250 [main] INFO  controlador.GestionaUsuarios - Usuario [id=usr016, username=User016, email=user016@fitdroid.com, plan_activo=FREE, dispositivo=iphone16, preferencias=null]
2025-12-17 12:38:37.250 [main] INFO  controlador.GestionaUsuarios - Usuario [id=usr017, username=User017, email=user017@fitdroid.com, plan_activo=MENSUAL, dispositivo=android13, preferencias=null]
2025-12-17 12:38:37.250 [main] INFO  controlador.GestionaUsuarios - Usuario [id=usr018, username=User018, email=user018@fitdroid.com, plan_activo=TRIMESTRAL, dispositivo=iphone16, preferencias=null]
2025-12-17 12:38:37.250 [main] INFO  controlador.GestionaUsuarios - Usuario [id=usr019, username=User019, email=user019@fitdroid.com, plan_activo=ANUAL, dispositivo=android11, preferencias=null]
2025-12-17 12:38:37.251 [main] INFO  controlador.GestionaUsuarios - Usuario [id=usr020, username=User020, email=user020@fitdroid.com, plan_activo=VIP, dispositivo=iphone17, preferencias=null]
2025-12-17 12:38:37.251 [main] INFO  controlador.GestionaUsuarios - Usuario [id=usr021, username=User021, email=user021@fitdroid.com, plan_activo=FREE, dispositivo=android11, preferencias=null]
2025-12-17 12:38:37.251 [main] INFO  controlador.GestionaUsuarios - Usuario [id=usr022, username=User022, email=user022@fitdroid.com, plan_activo=MENSUAL, dispositivo=iphone17, preferencias=null]
2025-12-17 12:38:37.251 [main] INFO  controlador.GestionaUsuarios - Usuario [id=usr023, username=User023, email=user023@fitdroid.com, plan_activo=MENSUAL, dispositivo=android14, preferencias=null]
2025-12-17 12:38:37.251 [main] INFO  controlador.GestionaUsuarios - Usuario [id=usr024, username=User024, email=user024@fitdroid.com, plan_activo=ANUAL, dispositivo=android13, preferencias=null]
2025-12-17 12:38:37.251 [main] INFO  controlador.GestionaUsuarios - Usuario [id=usr025, username=User025, email=user025@fitdroid.com, plan_activo=VIP, dispositivo=iphone15, preferencias=null]
2025-12-17 12:38:37.251 [main] INFO  controlador.GestionaUsuarios - Usuario [id=usr026, username=User026, email=user026@fitdroid.com, plan_activo=FREE, dispositivo=iphone14, preferencias=null]
2025-12-17 12:38:37.251 [main] INFO  controlador.GestionaUsuarios - Usuario [id=usr027, username=User027, email=user027@fitdroid.com, plan_activo=MENSUAL, dispositivo=iphone17, preferencias=null]
2025-12-17 12:38:37.251 [main] INFO  controlador.GestionaUsuarios - Usuario [id=usr028, username=User028, email=user028@fitdroid.com, plan_activo=TRIMESTRAL, dispositivo=android13, preferencias=null]
2025-12-17 12:38:37.251 [main] INFO  controlador.GestionaUsuarios - Usuario [id=usr029, username=User029, email=user029@fitdroid.com, plan_activo=ANUAL, dispositivo=android14, preferencias=null]
2025-12-17 12:38:37.251 [main] INFO  controlador.GestionaUsuarios - Usuario [id=usr030, username=User030, email=user030@fitdroid.com, plan_activo=VIP, dispositivo=android11, preferencias=null]
2025-12-17 12:38:37.252 [main] INFO  controlador.GestionaUsuarios - Usuario [id=usr031, username=User031, email=user031@fitdroid.com, plan_activo=FREE, dispositivo=iphone15, preferencias=null]
2025-12-17 12:38:37.252 [main] INFO  controlador.GestionaUsuarios - Usuario [id=usr032, username=User032, email=user032@fitdroid.com, plan_activo=MENSUAL, dispositivo=android12, preferencias=null]
2025-12-17 12:38:37.252 [main] INFO  controlador.GestionaUsuarios - Usuario [id=usr033, username=User033, email=user033@fitdroid.com, plan_activo=TRIMESTRAL, dispositivo=android14, preferencias=null]
2025-12-17 12:38:37.252 [main] INFO  controlador.GestionaUsuarios - Usuario [id=usr034, username=User034, email=user034@fitdroid.com, plan_activo=ANUAL, dispositivo=iphone15, preferencias=null]
2025-12-17 12:38:37.252 [main] INFO  controlador.GestionaUsuarios - Usuario [id=usr035, username=User035, email=user035@fitdroid.com, plan_activo=VIP, dispositivo=iphone17, preferencias=null]
2025-12-17 12:38:37.252 [main] INFO  controlador.GestionaUsuarios - Usuario [id=usr036, username=User036, email=user036@fitdroid.com, plan_activo=FREE, dispositivo=android13, preferencias=null]
2025-12-17 12:38:37.252 [main] INFO  controlador.GestionaUsuarios - Usuario [id=usr037, username=User037, email=user037@fitdroid.com, plan_activo=MENSUAL, dispositivo=android13, preferencias=null]
2025-12-17 12:38:37.252 [main] INFO  controlador.GestionaUsuarios - Usuario [id=usr038, username=User038, email=user038@fitdroid.com, plan_activo=TRIMESTRAL, dispositivo=iphone14, preferencias=null]
2025-12-17 12:38:37.253 [main] INFO  controlador.GestionaUsuarios - Usuario [id=usr039, username=User039, email=user039@fitdroid.com, plan_activo=ANUAL, dispositivo=android14, preferencias=null]
2025-12-17 12:38:37.253 [main] INFO  controlador.GestionaUsuarios - Usuario [id=usr040, username=User040, email=user040@fitdroid.com, plan_activo=VIP, dispositivo=android14, preferencias=null]
2025-12-17 12:38:37.280 [main] INFO  controlador.GestionaUsuarios - Usuario [id=usr002, username=User002, email=user002@fitdroid.com, plan_activo=MENSUAL, dispositivo=android11, preferencias=null]
2025-12-17 12:48:44.898 [main] INFO  controlador.GestionaUsuarios - Usuario [id=usr001, username=User001, email=user001@fitdroid.com, plan_activo=MENSUAL, dispositivo=android14, preferencias=null]
2025-12-17 12:48:44.903 [main] INFO  controlador.GestionaUsuarios - Usuario [id=usr002, username=User002, email=user002@fitdroid.com, plan_activo=MENSUAL, dispositivo=android11, preferencias=null]
2025-12-17 12:48:44.903 [main] INFO  controlador.GestionaUsuarios - Usuario [id=usr003, username=User003, email=user003@fitdroid.com, plan_activo=TRIMESTRAL, dispositivo=android12, preferencias=null]
2025-12-17 12:48:44.903 [main] INFO  controlador.GestionaUsuarios - Usuario [id=usr004, username=User004, email=user004@fitdroid.com, plan_activo=ANUAL, dispositivo=iphone16, preferencias=null]
2025-12-17 12:48:44.903 [main] INFO  controlador.GestionaUsuarios - Usuario [id=usr005, username=User005, email=user005@fitdroid.com, plan_activo=MENSUAL, dispositivo=android14, preferencias=null]
2025-12-17 12:48:44.903 [main] INFO  controlador.GestionaUsuarios - Usuario [id=usr006, username=User006, email=user006@fitdroid.com, plan_activo=FREE, dispositivo=android13, preferencias=null]
2025-12-17 12:48:44.903 [main] INFO  controlador.GestionaUsuarios - Usuario [id=usr007, username=User007, email=user007@fitdroid.com, plan_activo=MENSUAL, dispositivo=android11, preferencias=null]
2025-12-17 12:48:44.904 [main] INFO  controlador.GestionaUsuarios - Usuario [id=usr008, username=User008, email=user008@fitdroid.com, plan_activo=TRIMESTRAL, dispositivo=android11, preferencias=null]
2025-12-17 12:48:44.904 [main] INFO  controlador.GestionaUsuarios - Usuario [id=usr009, username=User009, email=user009@fitdroid.com, plan_activo=ANUAL, dispositivo=android12, preferencias=null]
2025-12-17 12:48:44.904 [main] INFO  controlador.GestionaUsuarios - Usuario [id=usr010, username=User010, email=user010@fitdroid.com, plan_activo=VIP, dispositivo=android13, preferencias=null]
2025-12-17 12:48:44.904 [main] INFO  controlador.GestionaUsuarios - Usuario [id=usr011, username=User011, email=user011@fitdroid.com, plan_activo=FREE, dispositivo=android13, preferencias=null]
2025-12-17 12:48:44.904 [main] INFO  controlador.GestionaUsuarios - Usuario [id=usr012, username=User012, email=user012@fitdroid.com, plan_activo=MENSUAL, dispositivo=iphone17, preferencias=null]
2025-12-17 12:48:44.904 [main] INFO  controlador.GestionaUsuarios - Usuario [id=usr013, username=User013, email=user013@fitdroid.com, plan_activo=TRIMESTRAL, dispositivo=android12, preferencias=null]
2025-12-17 12:48:44.904 [main] INFO  controlador.GestionaUsuarios - Usuario [id=usr014, username=User014, email=user014@fitdroid.com, plan_activo=ANUAL, dispositivo=android11, preferencias=null]
2025-12-17 12:48:44.904 [main] INFO  controlador.GestionaUsuarios - Usuario [id=usr015, username=User015, email=user015@fitdroid.com, plan_activo=VIP, dispositivo=android13, preferencias=null]
2025-12-17 12:48:44.904 [main] INFO  controlador.GestionaUsuarios - Usuario [id=usr016, username=User016, email=user016@fitdroid.com, plan_activo=FREE, dispositivo=iphone16, preferencias=null]
2025-12-17 12:48:44.904 [main] INFO  controlador.GestionaUsuarios - Usuario [id=usr017, username=User017, email=user017@fitdroid.com, plan_activo=MENSUAL, dispositivo=android13, preferencias=null]
2025-12-17 12:48:44.904 [main] INFO  controlador.GestionaUsuarios - Usuario [id=usr018, username=User018, email=user018@fitdroid.com, plan_activo=TRIMESTRAL, dispositivo=iphone16, preferencias=null]
2025-12-17 12:48:44.904 [main] INFO  controlador.GestionaUsuarios - Usuario [id=usr019, username=User019, email=user019@fitdroid.com, plan_activo=ANUAL, dispositivo=android11, preferencias=null]
2025-12-17 12:48:44.905 [main] INFO  controlador.GestionaUsuarios - Usuario [id=usr020, username=User020, email=user020@fitdroid.com, plan_activo=VIP, dispositivo=iphone17, preferencias=null]
2025-12-17 12:48:44.905 [main] INFO  controlador.GestionaUsuarios - Usuario [id=usr021, username=User021, email=user021@fitdroid.com, plan_activo=FREE, dispositivo=android11, preferencias=null]
2025-12-17 12:48:44.905 [main] INFO  controlador.GestionaUsuarios - Usuario [id=usr022, username=User022, email=user022@fitdroid.com, plan_activo=MENSUAL, dispositivo=iphone17, preferencias=null]
2025-12-17 12:48:44.905 [main] INFO  controlador.GestionaUsuarios - Usuario [id=usr023, username=User023, email=user023@fitdroid.com, plan_activo=MENSUAL, dispositivo=android14, preferencias=null]
2025-12-17 12:48:44.905 [main] INFO  controlador.GestionaUsuarios - Usuario [id=usr024, username=User024, email=user024@fitdroid.com, plan_activo=ANUAL, dispositivo=android13, preferencias=null]
2025-12-17 12:48:44.905 [main] INFO  controlador.GestionaUsuarios - Usuario [id=usr025, username=User025, email=user025@fitdroid.com, plan_activo=VIP, dispositivo=iphone15, preferencias=null]
2025-12-17 12:48:44.905 [main] INFO  controlador.GestionaUsuarios - Usuario [id=usr026, username=User026, email=user026@fitdroid.com, plan_activo=FREE, dispositivo=iphone14, preferencias=null]
2025-12-17 12:48:44.905 [main] INFO  controlador.GestionaUsuarios - Usuario [id=usr027, username=User027, email=user027@fitdroid.com, plan_activo=MENSUAL, dispositivo=iphone17, preferencias=null]
2025-12-17 12:48:44.905 [main] INFO  controlador.GestionaUsuarios - Usuario [id=usr028, username=User028, email=user028@fitdroid.com, plan_activo=TRIMESTRAL, dispositivo=android13, preferencias=null]
2025-12-17 12:48:44.905 [main] INFO  controlador.GestionaUsuarios - Usuario [id=usr029, username=User029, email=user029@fitdroid.com, plan_activo=ANUAL, dispositivo=android14, preferencias=null]
2025-12-17 12:48:44.905 [main] INFO  controlador.GestionaUsuarios - Usuario [id=usr030, username=User030, email=user030@fitdroid.com, plan_activo=VIP, dispositivo=android11, preferencias=null]
2025-12-17 12:48:44.905 [main] INFO  controlador.GestionaUsuarios - Usuario [id=usr031, username=User031, email=user031@fitdroid.com, plan_activo=FREE, dispositivo=iphone15, preferencias=null]
2025-12-17 12:48:44.905 [main] INFO  controlador.GestionaUsuarios - Usuario [id=usr032, username=User032, email=user032@fitdroid.com, plan_activo=MENSUAL, dispositivo=android12, preferencias=null]
2025-12-17 12:48:44.906 [main] INFO  controlador.GestionaUsuarios - Usuario [id=usr033, username=User033, email=user033@fitdroid.com, plan_activo=TRIMESTRAL, dispositivo=android14, preferencias=null]
2025-12-17 12:48:44.906 [main] INFO  controlador.GestionaUsuarios - Usuario [id=usr034, username=User034, email=user034@fitdroid.com, plan_activo=ANUAL, dispositivo=iphone15, preferencias=null]
2025-12-17 12:48:44.906 [main] INFO  controlador.GestionaUsuarios - Usuario [id=usr035, username=User035, email=user035@fitdroid.com, plan_activo=VIP, dispositivo=iphone17, preferencias=null]
2025-12-17 12:48:44.906 [main] INFO  controlador.GestionaUsuarios - Usuario [id=usr036, username=User036, email=user036@fitdroid.com, plan_activo=FREE, dispositivo=android13, preferencias=null]
2025-12-17 12:48:44.906 [main] INFO  controlador.GestionaUsuarios - Usuario [id=usr037, username=User037, email=user037@fitdroid.com, plan_activo=MENSUAL, dispositivo=android13, preferencias=null]
2025-12-17 12:48:44.906 [main] INFO  controlador.GestionaUsuarios - Usuario [id=usr038, username=User038, email=user038@fitdroid.com, plan_activo=TRIMESTRAL, dispositivo=iphone14, preferencias=null]
2025-12-17 12:48:44.906 [main] INFO  controlador.GestionaUsuarios - Usuario [id=usr039, username=User039, email=user039@fitdroid.com, plan_activo=ANUAL, dispositivo=android14, preferencias=null]
2025-12-17 12:48:44.906 [main] INFO  controlador.GestionaUsuarios - Usuario [id=usr040, username=User040, email=user040@fitdroid.com, plan_activo=VIP, dispositivo=android14, preferencias=null]
2025-12-17 12:48:44.934 [main] INFO  controlador.GestionaUsuarios - Usuario [id=usr002, username=User002, email=user002@fitdroid.com, plan_activo=MENSUAL, dispositivo=android11, preferencias=null]
2025-12-17 12:48:44.967 [main] INFO  controlador.GestionaUsuarios - Usuario [id=usr001, username=User001, email=user001@fitdroid.com, plan_activo=MENSUAL, dispositivo=android14, preferencias=null]
2025-12-17 12:48:44.968 [main] INFO  controlador.GestionaUsuarios - Usuario [id=usr002, username=User002, email=user002@fitdroid.com, plan_activo=MENSUAL, dispositivo=android11, preferencias=null]
2025-12-17 12:48:44.968 [main] INFO  controlador.GestionaUsuarios - Usuario [id=usr003, username=User003, email=user003@fitdroid.com, plan_activo=TRIMESTRAL, dispositivo=android12, preferencias=null]
2025-12-17 12:48:44.968 [main] INFO  controlador.GestionaUsuarios - Usuario [id=usr004, username=User004, email=user004@fitdroid.com, plan_activo=ANUAL, dispositivo=iphone16, preferencias=null]
2025-12-17 12:48:44.968 [main] INFO  controlador.GestionaUsuarios - Usuario [id=usr005, username=User005, email=user005@fitdroid.com, plan_activo=MENSUAL, dispositivo=android14, preferencias=null]
2025-12-17 12:48:44.968 [main] INFO  controlador.GestionaUsuarios - Usuario [id=usr006, username=User006, email=user006@fitdroid.com, plan_activo=FREE, dispositivo=android13, preferencias=null]
2025-12-17 12:48:44.968 [main] INFO  controlador.GestionaUsuarios - Usuario [id=usr007, username=User007, email=user007@fitdroid.com, plan_activo=MENSUAL, dispositivo=android11, preferencias=null]
2025-12-17 12:48:44.968 [main] INFO  controlador.GestionaUsuarios - Usuario [id=usr008, username=User008, email=user008@fitdroid.com, plan_activo=TRIMESTRAL, dispositivo=android11, preferencias=null]
2025-12-17 12:48:44.969 [main] INFO  controlador.GestionaUsuarios - Usuario [id=usr009, username=User009, email=user009@fitdroid.com, plan_activo=ANUAL, dispositivo=android12, preferencias=null]
2025-12-17 12:48:44.969 [main] INFO  controlador.GestionaUsuarios - Usuario [id=usr010, username=User010, email=user010@fitdroid.com, plan_activo=VIP, dispositivo=android13, preferencias=null]
2025-12-17 12:48:44.969 [main] INFO  controlador.GestionaUsuarios - Usuario [id=usr011, username=User011, email=user011@fitdroid.com, plan_activo=FREE, dispositivo=android13, preferencias=null]
2025-12-17 12:48:44.969 [main] INFO  controlador.GestionaUsuarios - Usuario [id=usr012, username=User012, email=user012@fitdroid.com, plan_activo=MENSUAL, dispositivo=iphone17, preferencias=null]
2025-12-17 12:48:44.969 [main] INFO  controlador.GestionaUsuarios - Usuario [id=usr013, username=User013, email=user013@fitdroid.com, plan_activo=TRIMESTRAL, dispositivo=android12, preferencias=null]
2025-12-17 12:48:44.969 [main] INFO  controlador.GestionaUsuarios - Usuario [id=usr014, username=User014, email=user014@fitdroid.com, plan_activo=ANUAL, dispositivo=android11, preferencias=null]
2025-12-17 12:48:44.969 [main] INFO  controlador.GestionaUsuarios - Usuario [id=usr015, username=User015, email=user015@fitdroid.com, plan_activo=VIP, dispositivo=android13, preferencias=null]
2025-12-17 12:48:44.969 [main] INFO  controlador.GestionaUsuarios - Usuario [id=usr016, username=User016, email=user016@fitdroid.com, plan_activo=FREE, dispositivo=iphone16, preferencias=null]
2025-12-17 12:48:44.969 [main] INFO  controlador.GestionaUsuarios - Usuario [id=usr017, username=User017, email=user017@fitdroid.com, plan_activo=MENSUAL, dispositivo=android13, preferencias=null]
2025-12-17 12:48:44.969 [main] INFO  controlador.GestionaUsuarios - Usuario [id=usr018, username=User018, email=user018@fitdroid.com, plan_activo=TRIMESTRAL, dispositivo=iphone16, preferencias=null]
2025-12-17 12:48:44.969 [main] INFO  controlador.GestionaUsuarios - Usuario [id=usr019, username=User019, email=user019@fitdroid.com, plan_activo=ANUAL, dispositivo=android11, preferencias=null]
2025-12-17 12:48:44.969 [main] INFO  controlador.GestionaUsuarios - Usuario [id=usr020, username=User020, email=user020@fitdroid.com, plan_activo=VIP, dispositivo=iphone17, preferencias=null]
2025-12-17 12:48:44.970 [main] INFO  controlador.GestionaUsuarios - Usuario [id=usr021, username=User021, email=user021@fitdroid.com, plan_activo=FREE, dispositivo=android11, preferencias=null]
2025-12-17 12:48:44.970 [main] INFO  controlador.GestionaUsuarios - Usuario [id=usr022, username=User022, email=user022@fitdroid.com, plan_activo=MENSUAL, dispositivo=iphone17, preferencias=null]
2025-12-17 12:48:44.970 [main] INFO  controlador.GestionaUsuarios - Usuario [id=usr023, username=User023, email=user023@fitdroid.com, plan_activo=MENSUAL, dispositivo=android14, preferencias=null]
2025-12-17 12:48:44.970 [main] INFO  controlador.GestionaUsuarios - Usuario [id=usr024, username=User024, email=user024@fitdroid.com, plan_activo=ANUAL, dispositivo=android13, preferencias=null]
2025-12-17 12:48:44.970 [main] INFO  controlador.GestionaUsuarios - Usuario [id=usr025, username=User025, email=user025@fitdroid.com, plan_activo=VIP, dispositivo=iphone15, preferencias=null]
2025-12-17 12:48:44.970 [main] INFO  controlador.GestionaUsuarios - Usuario [id=usr026, username=User026, email=user026@fitdroid.com, plan_activo=FREE, dispositivo=iphone14, preferencias=null]
2025-12-17 12:48:44.970 [main] INFO  controlador.GestionaUsuarios - Usuario [id=usr027, username=User027, email=user027@fitdroid.com, plan_activo=MENSUAL, dispositivo=iphone17, preferencias=null]
2025-12-17 12:48:44.970 [main] INFO  controlador.GestionaUsuarios - Usuario [id=usr028, username=User028, email=user028@fitdroid.com, plan_activo=TRIMESTRAL, dispositivo=android13, preferencias=null]
2025-12-17 12:48:44.971 [main] INFO  controlador.GestionaUsuarios - Usuario [id=usr029, username=User029, email=user029@fitdroid.com, plan_activo=ANUAL, dispositivo=android14, preferencias=null]
2025-12-17 12:48:44.971 [main] INFO  controlador.GestionaUsuarios - Usuario [id=usr030, username=User030, email=user030@fitdroid.com, plan_activo=VIP, dispositivo=android11, preferencias=null]
2025-12-17 12:48:44.971 [main] INFO  controlador.GestionaUsuarios - Usuario [id=usr031, username=User031, email=user031@fitdroid.com, plan_activo=FREE, dispositivo=iphone15, preferencias=null]
2025-12-17 12:48:44.971 [main] INFO  controlador.GestionaUsuarios - Usuario [id=usr032, username=User032, email=user032@fitdroid.com, plan_activo=MENSUAL, dispositivo=android12, preferencias=null]
2025-12-17 12:48:44.971 [main] INFO  controlador.GestionaUsuarios - Usuario [id=usr033, username=User033, email=user033@fitdroid.com, plan_activo=TRIMESTRAL, dispositivo=android14, preferencias=null]
2025-12-17 12:48:44.971 [main] INFO  controlador.GestionaUsuarios - Usuario [id=usr034, username=User034, email=user034@fitdroid.com, plan_activo=ANUAL, dispositivo=iphone15, preferencias=null]
2025-12-17 12:48:44.971 [main] INFO  controlador.GestionaUsuarios - Usuario [id=usr035, username=User035, email=user035@fitdroid.com, plan_activo=VIP, dispositivo=iphone17, preferencias=null]
2025-12-17 12:48:44.971 [main] INFO  controlador.GestionaUsuarios - Usuario [id=usr036, username=User036, email=user036@fitdroid.com, plan_activo=FREE, dispositivo=android13, preferencias=null]
2025-12-17 12:48:44.971 [main] INFO  controlador.GestionaUsuarios - Usuario [id=usr037, username=User037, email=user037@fitdroid.com, plan_activo=MENSUAL, dispositivo=android13, preferencias=null]
2025-12-17 12:48:44.971 [main] INFO  controlador.GestionaUsuarios - Usuario [id=usr038, username=User038, email=user038@fitdroid.com, plan_activo=TRIMESTRAL, dispositivo=iphone14, preferencias=null]
2025-12-17 12:48:44.971 [main] INFO  controlador.GestionaUsuarios - Usuario [id=usr039, username=User039, email=user039@fitdroid.com, plan_activo=ANUAL, dispositivo=android14, preferencias=null]
2025-12-17 12:48:44.971 [main] INFO  controlador.GestionaUsuarios - Usuario [id=usr040, username=User040, email=user040@fitdroid.com, plan_activo=VIP, dispositivo=android14, preferencias=null]
2025-12-17 12:49:21.641 [main] INFO  controlador.GestionaUsuarios - Usuario [id=usr001, username=User001, email=user001@fitdroid.com, plan_activo=MENSUAL, dispositivo=android14, preferencias=null]
2025-12-17 12:49:21.644 [main] INFO  controlador.GestionaUsuarios - Usuario [id=usr002, username=User002, email=user002@fitdroid.com, plan_activo=MENSUAL, dispositivo=android11, preferencias=null]
2025-12-17 12:49:21.644 [main] INFO  controlador.GestionaUsuarios - Usuario [id=usr003, username=User003, email=user003@fitdroid.com, plan_activo=TRIMESTRAL, dispositivo=android12, preferencias=null]
2025-12-17 12:49:21.644 [main] INFO  controlador.GestionaUsuarios - Usuario [id=usr004, username=User004, email=user004@fitdroid.com, plan_activo=ANUAL, dispositivo=iphone16, preferencias=null]
2025-12-17 12:49:21.644 [main] INFO  controlador.GestionaUsuarios - Usuario [id=usr005, username=User005, email=user005@fitdroid.com, plan_activo=MENSUAL, dispositivo=android14, preferencias=null]
2025-12-17 12:49:21.644 [main] INFO  controlador.GestionaUsuarios - Usuario [id=usr006, username=User006, email=user006@fitdroid.com, plan_activo=FREE, dispositivo=android13, preferencias=null]
2025-12-17 12:49:21.644 [main] INFO  controlador.GestionaUsuarios - Usuario [id=usr007, username=User007, email=user007@fitdroid.com, plan_activo=MENSUAL, dispositivo=android11, preferencias=null]
2025-12-17 12:49:21.645 [main] INFO  controlador.GestionaUsuarios - Usuario [id=usr008, username=User008, email=user008@fitdroid.com, plan_activo=TRIMESTRAL, dispositivo=android11, preferencias=null]
2025-12-17 12:49:21.645 [main] INFO  controlador.GestionaUsuarios - Usuario [id=usr009, username=User009, email=user009@fitdroid.com, plan_activo=ANUAL, dispositivo=android12, preferencias=null]
2025-12-17 12:49:21.645 [main] INFO  controlador.GestionaUsuarios - Usuario [id=usr010, username=User010, email=user010@fitdroid.com, plan_activo=VIP, dispositivo=android13, preferencias=null]
2025-12-17 12:49:21.645 [main] INFO  controlador.GestionaUsuarios - Usuario [id=usr011, username=User011, email=user011@fitdroid.com, plan_activo=FREE, dispositivo=android13, preferencias=null]
2025-12-17 12:49:21.645 [main] INFO  controlador.GestionaUsuarios - Usuario [id=usr012, username=User012, email=user012@fitdroid.com, plan_activo=MENSUAL, dispositivo=iphone17, preferencias=null]
2025-12-17 12:49:21.645 [main] INFO  controlador.GestionaUsuarios - Usuario [id=usr013, username=User013, email=user013@fitdroid.com, plan_activo=TRIMESTRAL, dispositivo=android12, preferencias=null]
2025-12-17 12:49:21.645 [main] INFO  controlador.GestionaUsuarios - Usuario [id=usr014, username=User014, email=user014@fitdroid.com, plan_activo=ANUAL, dispositivo=android11, preferencias=null]
2025-12-17 12:49:21.645 [main] INFO  controlador.GestionaUsuarios - Usuario [id=usr015, username=User015, email=user015@fitdroid.com, plan_activo=VIP, dispositivo=android13, preferencias=null]
2025-12-17 12:49:21.645 [main] INFO  controlador.GestionaUsuarios - Usuario [id=usr016, username=User016, email=user016@fitdroid.com, plan_activo=FREE, dispositivo=iphone16, preferencias=null]
2025-12-17 12:49:21.645 [main] INFO  controlador.GestionaUsuarios - Usuario [id=usr017, username=User017, email=user017@fitdroid.com, plan_activo=MENSUAL, dispositivo=android13, preferencias=null]
2025-12-17 12:49:21.646 [main] INFO  controlador.GestionaUsuarios - Usuario [id=usr018, username=User018, email=user018@fitdroid.com, plan_activo=TRIMESTRAL, dispositivo=iphone16, preferencias=null]
2025-12-17 12:49:21.646 [main] INFO  controlador.GestionaUsuarios - Usuario [id=usr019, username=User019, email=user019@fitdroid.com, plan_activo=ANUAL, dispositivo=android11, preferencias=null]
2025-12-17 12:49:21.646 [main] INFO  controlador.GestionaUsuarios - Usuario [id=usr020, username=User020, email=user020@fitdroid.com, plan_activo=VIP, dispositivo=iphone17, preferencias=null]
2025-12-17 12:49:21.646 [main] INFO  controlador.GestionaUsuarios - Usuario [id=usr021, username=User021, email=user021@fitdroid.com, plan_activo=FREE, dispositivo=android11, preferencias=null]
2025-12-17 12:49:21.646 [main] INFO  controlador.GestionaUsuarios - Usuario [id=usr022, username=User022, email=user022@fitdroid.com, plan_activo=MENSUAL, dispositivo=iphone17, preferencias=null]
2025-12-17 12:49:21.646 [main] INFO  controlador.GestionaUsuarios - Usuario [id=usr023, username=User023, email=user023@fitdroid.com, plan_activo=MENSUAL, dispositivo=android14, preferencias=null]
2025-12-17 12:49:21.646 [main] INFO  controlador.GestionaUsuarios - Usuario [id=usr024, username=User024, email=user024@fitdroid.com, plan_activo=ANUAL, dispositivo=android13, preferencias=null]
2025-12-17 12:49:21.646 [main] INFO  controlador.GestionaUsuarios - Usuario [id=usr025, username=User025, email=user025@fitdroid.com, plan_activo=VIP, dispositivo=iphone15, preferencias=null]
2025-12-17 12:49:21.646 [main] INFO  controlador.GestionaUsuarios - Usuario [id=usr026, username=User026, email=user026@fitdroid.com, plan_activo=FREE, dispositivo=iphone14, preferencias=null]
2025-12-17 12:49:21.646 [main] INFO  controlador.GestionaUsuarios - Usuario [id=usr027, username=User027, email=user027@fitdroid.com, plan_activo=MENSUAL, dispositivo=iphone17, preferencias=null]
2025-12-17 12:49:21.646 [main] INFO  controlador.GestionaUsuarios - Usuario [id=usr028, username=User028, email=user028@fitdroid.com, plan_activo=TRIMESTRAL, dispositivo=android13, preferencias=null]
2025-12-17 12:49:21.646 [main] INFO  controlador.GestionaUsuarios - Usuario [id=usr029, username=User029, email=user029@fitdroid.com, plan_activo=ANUAL, dispositivo=android14, preferencias=null]
2025-12-17 12:49:21.646 [main] INFO  controlador.GestionaUsuarios - Usuario [id=usr030, username=User030, email=user030@fitdroid.com, plan_activo=VIP, dispositivo=android11, preferencias=null]
2025-12-17 12:49:21.647 [main] INFO  controlador.GestionaUsuarios - Usuario [id=usr031, username=User031, email=user031@fitdroid.com, plan_activo=FREE, dispositivo=iphone15, preferencias=null]
2025-12-17 12:49:21.647 [main] INFO  controlador.GestionaUsuarios - Usuario [id=usr032, username=User032, email=user032@fitdroid.com, plan_activo=MENSUAL, dispositivo=android12, preferencias=null]
2025-12-17 12:49:21.647 [main] INFO  controlador.GestionaUsuarios - Usuario [id=usr033, username=User033, email=user033@fitdroid.com, plan_activo=TRIMESTRAL, dispositivo=android14, preferencias=null]
2025-12-17 12:49:21.647 [main] INFO  controlador.GestionaUsuarios - Usuario [id=usr034, username=User034, email=user034@fitdroid.com, plan_activo=ANUAL, dispositivo=iphone15, preferencias=null]
2025-12-17 12:49:21.647 [main] INFO  controlador.GestionaUsuarios - Usuario [id=usr035, username=User035, email=user035@fitdroid.com, plan_activo=VIP, dispositivo=iphone17, preferencias=null]
2025-12-17 12:49:21.647 [main] INFO  controlador.GestionaUsuarios - Usuario [id=usr036, username=User036, email=user036@fitdroid.com, plan_activo=FREE, dispositivo=android13, preferencias=null]
2025-12-17 12:49:21.647 [main] INFO  controlador.GestionaUsuarios - Usuario [id=usr037, username=User037, email=user037@fitdroid.com, plan_activo=MENSUAL, dispositivo=android13, preferencias=null]
2025-12-17 12:49:21.647 [main] INFO  controlador.GestionaUsuarios - Usuario [id=usr038, username=User038, email=user038@fitdroid.com, plan_activo=TRIMESTRAL, dispositivo=iphone14, preferencias=null]
2025-12-17 12:49:21.647 [main] INFO  controlador.GestionaUsuarios - Usuario [id=usr039, username=User039, email=user039@fitdroid.com, plan_activo=ANUAL, dispositivo=android14, preferencias=null]
2025-12-17 12:49:21.647 [main] INFO  controlador.GestionaUsuarios - Usuario [id=usr040, username=User040, email=user040@fitdroid.com, plan_activo=VIP, dispositivo=android14, preferencias=null]
2025-12-17 12:49:21.675 [main] INFO  controlador.GestionaUsuarios - Usuario [id=usr002, username=User002, email=user002@fitdroid.com, plan_activo=MENSUAL, dispositivo=android11, preferencias=null]
2025-12-17 12:49:50.423 [main] INFO  controlador.GestionaUsuarios - Usuario [id=usr001, username=User001, email=user001@fitdroid.com, plan_activo=MENSUAL, dispositivo=android14, preferencias=null]
2025-12-17 12:49:50.427 [main] INFO  controlador.GestionaUsuarios - Usuario [id=usr002, username=User002, email=user002@fitdroid.com, plan_activo=MENSUAL, dispositivo=android11, preferencias=null]
2025-12-17 12:49:50.428 [main] INFO  controlador.GestionaUsuarios - Usuario [id=usr003, username=User003, email=user003@fitdroid.com, plan_activo=TRIMESTRAL, dispositivo=android12, preferencias=null]
2025-12-17 12:49:50.428 [main] INFO  controlador.GestionaUsuarios - Usuario [id=usr004, username=User004, email=user004@fitdroid.com, plan_activo=ANUAL, dispositivo=iphone16, preferencias=null]
2025-12-17 12:49:50.428 [main] INFO  controlador.GestionaUsuarios - Usuario [id=usr005, username=User005, email=user005@fitdroid.com, plan_activo=MENSUAL, dispositivo=android14, preferencias=null]
2025-12-17 12:49:50.428 [main] INFO  controlador.GestionaUsuarios - Usuario [id=usr006, username=User006, email=user006@fitdroid.com, plan_activo=FREE, dispositivo=android13, preferencias=null]
2025-12-17 12:49:50.428 [main] INFO  controlador.GestionaUsuarios - Usuario [id=usr007, username=User007, email=user007@fitdroid.com, plan_activo=MENSUAL, dispositivo=android11, preferencias=null]
2025-12-17 12:49:50.428 [main] INFO  controlador.GestionaUsuarios - Usuario [id=usr008, username=User008, email=user008@fitdroid.com, plan_activo=TRIMESTRAL, dispositivo=android11, preferencias=null]
2025-12-17 12:49:50.428 [main] INFO  controlador.GestionaUsuarios - Usuario [id=usr009, username=User009, email=user009@fitdroid.com, plan_activo=ANUAL, dispositivo=android12, preferencias=null]
2025-12-17 12:49:50.428 [main] INFO  controlador.GestionaUsuarios - Usuario [id=usr010, username=User010, email=user010@fitdroid.com, plan_activo=VIP, dispositivo=android13, preferencias=null]
2025-12-17 12:49:50.428 [main] INFO  controlador.GestionaUsuarios - Usuario [id=usr011, username=User011, email=user011@fitdroid.com, plan_activo=FREE, dispositivo=android13, preferencias=null]
2025-12-17 12:49:50.428 [main] INFO  controlador.GestionaUsuarios - Usuario [id=usr012, username=User012, email=user012@fitdroid.com, plan_activo=MENSUAL, dispositivo=iphone17, preferencias=null]
2025-12-17 12:49:50.428 [main] INFO  controlador.GestionaUsuarios - Usuario [id=usr013, username=User013, email=user013@fitdroid.com, plan_activo=TRIMESTRAL, dispositivo=android12, preferencias=null]
2025-12-17 12:49:50.428 [main] INFO  controlador.GestionaUsuarios - Usuario [id=usr014, username=User014, email=user014@fitdroid.com, plan_activo=ANUAL, dispositivo=android11, preferencias=null]
2025-12-17 12:49:50.429 [main] INFO  controlador.GestionaUsuarios - Usuario [id=usr015, username=User015, email=user015@fitdroid.com, plan_activo=VIP, dispositivo=android13, preferencias=null]
2025-12-17 12:49:50.429 [main] INFO  controlador.GestionaUsuarios - Usuario [id=usr016, username=User016, email=user016@fitdroid.com, plan_activo=FREE, dispositivo=iphone16, preferencias=null]
2025-12-17 12:49:50.429 [main] INFO  controlador.GestionaUsuarios - Usuario [id=usr017, username=User017, email=user017@fitdroid.com, plan_activo=MENSUAL, dispositivo=android13, preferencias=null]
2025-12-17 12:49:50.429 [main] INFO  controlador.GestionaUsuarios - Usuario [id=usr018, username=User018, email=user018@fitdroid.com, plan_activo=TRIMESTRAL, dispositivo=iphone16, preferencias=null]
2025-12-17 12:49:50.429 [main] INFO  controlador.GestionaUsuarios - Usuario [id=usr019, username=User019, email=user019@fitdroid.com, plan_activo=ANUAL, dispositivo=android11, preferencias=null]
2025-12-17 12:49:50.429 [main] INFO  controlador.GestionaUsuarios - Usuario [id=usr020, username=User020, email=user020@fitdroid.com, plan_activo=VIP, dispositivo=iphone17, preferencias=null]
2025-12-17 12:49:50.429 [main] INFO  controlador.GestionaUsuarios - Usuario [id=usr021, username=User021, email=user021@fitdroid.com, plan_activo=FREE, dispositivo=android11, preferencias=null]
2025-12-17 12:49:50.429 [main] INFO  controlador.GestionaUsuarios - Usuario [id=usr022, username=User022, email=user022@fitdroid.com, plan_activo=MENSUAL, dispositivo=iphone17, preferencias=null]
2025-12-17 12:49:50.429 [main] INFO  controlador.GestionaUsuarios - Usuario [id=usr023, username=User023, email=user023@fitdroid.com, plan_activo=MENSUAL, dispositivo=android14, preferencias=null]
2025-12-17 12:49:50.429 [main] INFO  controlador.GestionaUsuarios - Usuario [id=usr024, username=User024, email=user024@fitdroid.com, plan_activo=ANUAL, dispositivo=android13, preferencias=null]
2025-12-17 12:49:50.429 [main] INFO  controlador.GestionaUsuarios - Usuario [id=usr025, username=User025, email=user025@fitdroid.com, plan_activo=VIP, dispositivo=iphone15, preferencias=null]
2025-12-17 12:49:50.429 [main] INFO  controlador.GestionaUsuarios - Usuario [id=usr026, username=User026, email=user026@fitdroid.com, plan_activo=FREE, dispositivo=iphone14, preferencias=null]
2025-12-17 12:49:50.430 [main] INFO  controlador.GestionaUsuarios - Usuario [id=usr027, username=User027, email=user027@fitdroid.com, plan_activo=MENSUAL, dispositivo=iphone17, preferencias=null]
2025-12-17 12:49:50.430 [main] INFO  controlador.GestionaUsuarios - Usuario [id=usr028, username=User028, email=user028@fitdroid.com, plan_activo=TRIMESTRAL, dispositivo=android13, preferencias=null]
2025-12-17 12:49:50.430 [main] INFO  controlador.GestionaUsuarios - Usuario [id=usr029, username=User029, email=user029@fitdroid.com, plan_activo=ANUAL, dispositivo=android14, preferencias=null]
2025-12-17 12:49:50.430 [main] INFO  controlador.GestionaUsuarios - Usuario [id=usr030, username=User030, email=user030@fitdroid.com, plan_activo=VIP, dispositivo=android11, preferencias=null]
2025-12-17 12:49:50.430 [main] INFO  controlador.GestionaUsuarios - Usuario [id=usr031, username=User031, email=user031@fitdroid.com, plan_activo=FREE, dispositivo=iphone15, preferencias=null]
2025-12-17 12:49:50.430 [main] INFO  controlador.GestionaUsuarios - Usuario [id=usr032, username=User032, email=user032@fitdroid.com, plan_activo=MENSUAL, dispositivo=android12, preferencias=null]
2025-12-17 12:49:50.430 [main] INFO  controlador.GestionaUsuarios - Usuario [id=usr033, username=User033, email=user033@fitdroid.com, plan_activo=TRIMESTRAL, dispositivo=android14, preferencias=null]
2025-12-17 12:49:50.430 [main] INFO  controlador.GestionaUsuarios - Usuario [id=usr034, username=User034, email=user034@fitdroid.com, plan_activo=ANUAL, dispositivo=iphone15, preferencias=null]
2025-12-17 12:49:50.430 [main] INFO  controlador.GestionaUsuarios - Usuario [id=usr035, username=User035, email=user035@fitdroid.com, plan_activo=VIP, dispositivo=iphone17, preferencias=null]
2025-12-17 12:49:50.430 [main] INFO  controlador.GestionaUsuarios - Usuario [id=usr036, username=User036, email=user036@fitdroid.com, plan_activo=FREE, dispositivo=android13, preferencias=null]
2025-12-17 12:49:50.431 [main] INFO  controlador.GestionaUsuarios - Usuario [id=usr037, username=User037, email=user037@fitdroid.com, plan_activo=MENSUAL, dispositivo=android13, preferencias=null]
2025-12-17 12:49:50.431 [main] INFO  controlador.GestionaUsuarios - Usuario [id=usr038, username=User038, email=user038@fitdroid.com, plan_activo=TRIMESTRAL, dispositivo=iphone14, preferencias=null]
2025-12-17 12:49:50.431 [main] INFO  controlador.GestionaUsuarios - Usuario [id=usr039, username=User039, email=user039@fitdroid.com, plan_activo=ANUAL, dispositivo=android14, preferencias=null]
2025-12-17 12:49:50.431 [main] INFO  controlador.GestionaUsuarios - Usuario [id=usr040, username=User040, email=user040@fitdroid.com, plan_activo=VIP, dispositivo=android14, preferencias=null]
2025-12-17 12:49:50.458 [main] INFO  controlador.GestionaUsuarios - Usuario [id=usr002, username=User002, email=user002@fitdroid.com, plan_activo=MENSUAL, dispositivo=android11, preferencias=null]
2025-12-17 12:49:50.491 [main] INFO  controlador.GestionaUsuarios - Usuario [id=usr001, username=User001, email=user001@fitdroid.com, plan_activo=MENSUAL, dispositivo=android14, preferencias=null]
2025-12-17 12:49:50.491 [main] INFO  controlador.GestionaUsuarios - Usuario [id=usr002, username=User002, email=user002@fitdroid.com, plan_activo=MENSUAL, dispositivo=android11, preferencias=null]
2025-12-17 12:49:50.491 [main] INFO  controlador.GestionaUsuarios - Usuario [id=usr003, username=User003, email=user003@fitdroid.com, plan_activo=TRIMESTRAL, dispositivo=android12, preferencias=null]
2025-12-17 12:49:50.491 [main] INFO  controlador.GestionaUsuarios - Usuario [id=usr004, username=User004, email=user004@fitdroid.com, plan_activo=ANUAL, dispositivo=iphone16, preferencias=null]
2025-12-17 12:49:50.492 [main] INFO  controlador.GestionaUsuarios - Usuario [id=usr005, username=User005, email=user005@fitdroid.com, plan_activo=MENSUAL, dispositivo=android14, preferencias=null]
2025-12-17 12:49:50.492 [main] INFO  controlador.GestionaUsuarios - Usuario [id=usr006, username=User006, email=user006@fitdroid.com, plan_activo=FREE, dispositivo=android13, preferencias=null]
2025-12-17 12:49:50.492 [main] INFO  controlador.GestionaUsuarios - Usuario [id=usr007, username=User007, email=user007@fitdroid.com, plan_activo=MENSUAL, dispositivo=android11, preferencias=null]
2025-12-17 12:49:50.492 [main] INFO  controlador.GestionaUsuarios - Usuario [id=usr008, username=User008, email=user008@fitdroid.com, plan_activo=TRIMESTRAL, dispositivo=android11, preferencias=null]
2025-12-17 12:49:50.492 [main] INFO  controlador.GestionaUsuarios - Usuario [id=usr009, username=User009, email=user009@fitdroid.com, plan_activo=ANUAL, dispositivo=android12, preferencias=null]
2025-12-17 12:49:50.492 [main] INFO  controlador.GestionaUsuarios - Usuario [id=usr010, username=User010, email=user010@fitdroid.com, plan_activo=VIP, dispositivo=android13, preferencias=null]
2025-12-17 12:49:50.492 [main] INFO  controlador.GestionaUsuarios - Usuario [id=usr011, username=User011, email=user011@fitdroid.com, plan_activo=FREE, dispositivo=android13, preferencias=null]
2025-12-17 12:49:50.492 [main] INFO  controlador.GestionaUsuarios - Usuario [id=usr012, username=User012, email=user012@fitdroid.com, plan_activo=MENSUAL, dispositivo=iphone17, preferencias=null]
2025-12-17 12:49:50.492 [main] INFO  controlador.GestionaUsuarios - Usuario [id=usr013, username=User013, email=user013@fitdroid.com, plan_activo=TRIMESTRAL, dispositivo=android12, preferencias=null]
2025-12-17 12:49:50.492 [main] INFO  controlador.GestionaUsuarios - Usuario [id=usr014, username=User014, email=user014@fitdroid.com, plan_activo=ANUAL, dispositivo=android11, preferencias=null]
2025-12-17 12:49:50.492 [main] INFO  controlador.GestionaUsuarios - Usuario [id=usr015, username=User015, email=user015@fitdroid.com, plan_activo=VIP, dispositivo=android13, preferencias=null]
2025-12-17 12:49:50.493 [main] INFO  controlador.GestionaUsuarios - Usuario [id=usr016, username=User016, email=user016@fitdroid.com, plan_activo=FREE, dispositivo=iphone16, preferencias=null]
2025-12-17 12:49:50.493 [main] INFO  controlador.GestionaUsuarios - Usuario [id=usr017, username=User017, email=user017@fitdroid.com, plan_activo=MENSUAL, dispositivo=android13, preferencias=null]
2025-12-17 12:49:50.493 [main] INFO  controlador.GestionaUsuarios - Usuario [id=usr018, username=User018, email=user018@fitdroid.com, plan_activo=TRIMESTRAL, dispositivo=iphone16, preferencias=null]
2025-12-17 12:49:50.493 [main] INFO  controlador.GestionaUsuarios - Usuario [id=usr019, username=User019, email=user019@fitdroid.com, plan_activo=ANUAL, dispositivo=android11, preferencias=null]
2025-12-17 12:49:50.493 [main] INFO  controlador.GestionaUsuarios - Usuario [id=usr020, username=User020, email=user020@fitdroid.com, plan_activo=VIP, dispositivo=iphone17, preferencias=null]
2025-12-17 12:49:50.493 [main] INFO  controlador.GestionaUsuarios - Usuario [id=usr021, username=User021, email=user021@fitdroid.com, plan_activo=FREE, dispositivo=android11, preferencias=null]
2025-12-17 12:49:50.493 [main] INFO  controlador.GestionaUsuarios - Usuario [id=usr022, username=User022, email=user022@fitdroid.com, plan_activo=MENSUAL, dispositivo=iphone17, preferencias=null]
2025-12-17 12:49:50.493 [main] INFO  controlador.GestionaUsuarios - Usuario [id=usr023, username=User023, email=user023@fitdroid.com, plan_activo=MENSUAL, dispositivo=android14, preferencias=null]
2025-12-17 12:49:50.494 [main] INFO  controlador.GestionaUsuarios - Usuario [id=usr024, username=User024, email=user024@fitdroid.com, plan_activo=ANUAL, dispositivo=android13, preferencias=null]
2025-12-17 12:49:50.494 [main] INFO  controlador.GestionaUsuarios - Usuario [id=usr025, username=User025, email=user025@fitdroid.com, plan_activo=VIP, dispositivo=iphone15, preferencias=null]
2025-12-17 12:49:50.494 [main] INFO  controlador.GestionaUsuarios - Usuario [id=usr026, username=User026, email=user026@fitdroid.com, plan_activo=FREE, dispositivo=iphone14, preferencias=null]
2025-12-17 12:49:50.494 [main] INFO  controlador.GestionaUsuarios - Usuario [id=usr027, username=User027, email=user027@fitdroid.com, plan_activo=MENSUAL, dispositivo=iphone17, preferencias=null]
2025-12-17 12:49:50.494 [main] INFO  controlador.GestionaUsuarios - Usuario [id=usr028, username=User028, email=user028@fitdroid.com, plan_activo=TRIMESTRAL, dispositivo=android13, preferencias=null]
2025-12-17 12:49:50.494 [main] INFO  controlador.GestionaUsuarios - Usuario [id=usr029, username=User029, email=user029@fitdroid.com, plan_activo=ANUAL, dispositivo=android14, preferencias=null]
2025-12-17 12:49:50.494 [main] INFO  controlador.GestionaUsuarios - Usuario [id=usr030, username=User030, email=user030@fitdroid.com, plan_activo=VIP, dispositivo=android11, preferencias=null]
2025-12-17 12:49:50.494 [main] INFO  controlador.GestionaUsuarios - Usuario [id=usr031, username=User031, email=user031@fitdroid.com, plan_activo=FREE, dispositivo=iphone15, preferencias=null]
2025-12-17 12:49:50.494 [main] INFO  controlador.GestionaUsuarios - Usuario [id=usr032, username=User032, email=user032@fitdroid.com, plan_activo=MENSUAL, dispositivo=android12, preferencias=null]
2025-12-17 12:49:50.494 [main] INFO  controlador.GestionaUsuarios - Usuario [id=usr033, username=User033, email=user033@fitdroid.com, plan_activo=TRIMESTRAL, dispositivo=android14, preferencias=null]
2025-12-17 12:49:50.494 [main] INFO  controlador.GestionaUsuarios - Usuario [id=usr034, username=User034, email=user034@fitdroid.com, plan_activo=ANUAL, dispositivo=iphone15, preferencias=null]
2025-12-17 12:49:50.494 [main] INFO  controlador.GestionaUsuarios - Usuario [id=usr035, username=User035, email=user035@fitdroid.com, plan_activo=VIP, dispositivo=iphone17, preferencias=null]
2025-12-17 12:49:50.494 [main] INFO  controlador.GestionaUsuarios - Usuario [id=usr036, username=User036, email=user036@fitdroid.com, plan_activo=FREE, dispositivo=android13, preferencias=null]
2025-12-17 12:49:50.494 [main] INFO  controlador.GestionaUsuarios - Usuario [id=usr037, username=User037, email=user037@fitdroid.com, plan_activo=MENSUAL, dispositivo=android13, preferencias=null]
2025-12-17 12:49:50.495 [main] INFO  controlador.GestionaUsuarios - Usuario [id=usr038, username=User038, email=user038@fitdroid.com, plan_activo=TRIMESTRAL, dispositivo=iphone14, preferencias=null]
2025-12-17 12:49:50.495 [main] INFO  controlador.GestionaUsuarios - Usuario [id=usr039, username=User039, email=user039@fitdroid.com, plan_activo=ANUAL, dispositivo=android14, preferencias=null]
2025-12-17 12:49:50.495 [main] INFO  controlador.GestionaUsuarios - Usuario [id=usr040, username=User040, email=user040@fitdroid.com, plan_activo=VIP, dispositivo=android14, preferencias=null]
2025-12-17 12:50:17.414 [main] INFO  controlador.GestionaUsuarios - Usuario [id=usr001, username=User001, email=user001@fitdroid.com, plan_activo=MENSUAL, dispositivo=android14, preferencias=null]
2025-12-17 12:50:17.417 [main] INFO  controlador.GestionaUsuarios - Usuario [id=usr002, username=User002, email=user002@fitdroid.com, plan_activo=MENSUAL, dispositivo=android11, preferencias=null]
2025-12-17 12:50:17.417 [main] INFO  controlador.GestionaUsuarios - Usuario [id=usr003, username=User003, email=user003@fitdroid.com, plan_activo=TRIMESTRAL, dispositivo=android12, preferencias=null]
2025-12-17 12:50:17.417 [main] INFO  controlador.GestionaUsuarios - Usuario [id=usr004, username=User004, email=user004@fitdroid.com, plan_activo=ANUAL, dispositivo=iphone16, preferencias=null]
2025-12-17 12:50:17.417 [main] INFO  controlador.GestionaUsuarios - Usuario [id=usr005, username=User005, email=user005@fitdroid.com, plan_activo=MENSUAL, dispositivo=android14, preferencias=null]
2025-12-17 12:50:17.417 [main] INFO  controlador.GestionaUsuarios - Usuario [id=usr006, username=User006, email=user006@fitdroid.com, plan_activo=FREE, dispositivo=android13, preferencias=null]
2025-12-17 12:50:17.417 [main] INFO  controlador.GestionaUsuarios - Usuario [id=usr007, username=User007, email=user007@fitdroid.com, plan_activo=MENSUAL, dispositivo=android11, preferencias=null]
2025-12-17 12:50:17.417 [main] INFO  controlador.GestionaUsuarios - Usuario [id=usr008, username=User008, email=user008@fitdroid.com, plan_activo=TRIMESTRAL, dispositivo=android11, preferencias=null]
2025-12-17 12:50:17.417 [main] INFO  controlador.GestionaUsuarios - Usuario [id=usr009, username=User009, email=user009@fitdroid.com, plan_activo=ANUAL, dispositivo=android12, preferencias=null]
2025-12-17 12:50:17.418 [main] INFO  controlador.GestionaUsuarios - Usuario [id=usr010, username=User010, email=user010@fitdroid.com, plan_activo=VIP, dispositivo=android13, preferencias=null]
2025-12-17 12:50:17.418 [main] INFO  controlador.GestionaUsuarios - Usuario [id=usr011, username=User011, email=user011@fitdroid.com, plan_activo=FREE, dispositivo=android13, preferencias=null]
2025-12-17 12:50:17.418 [main] INFO  controlador.GestionaUsuarios - Usuario [id=usr012, username=User012, email=user012@fitdroid.com, plan_activo=MENSUAL, dispositivo=iphone17, preferencias=null]
2025-12-17 12:50:17.418 [main] INFO  controlador.GestionaUsuarios - Usuario [id=usr013, username=User013, email=user013@fitdroid.com, plan_activo=TRIMESTRAL, dispositivo=android12, preferencias=null]
2025-12-17 12:50:17.418 [main] INFO  controlador.GestionaUsuarios - Usuario [id=usr014, username=User014, email=user014@fitdroid.com, plan_activo=ANUAL, dispositivo=android11, preferencias=null]
2025-12-17 12:50:17.418 [main] INFO  controlador.GestionaUsuarios - Usuario [id=usr015, username=User015, email=user015@fitdroid.com, plan_activo=VIP, dispositivo=android13, preferencias=null]
2025-12-17 12:50:17.418 [main] INFO  controlador.GestionaUsuarios - Usuario [id=usr016, username=User016, email=user016@fitdroid.com, plan_activo=FREE, dispositivo=iphone16, preferencias=null]
2025-12-17 12:50:17.418 [main] INFO  controlador.GestionaUsuarios - Usuario [id=usr017, username=User017, email=user017@fitdroid.com, plan_activo=MENSUAL, dispositivo=android13, preferencias=null]
2025-12-17 12:50:17.418 [main] INFO  controlador.GestionaUsuarios - Usuario [id=usr018, username=User018, email=user018@fitdroid.com, plan_activo=TRIMESTRAL, dispositivo=iphone16, preferencias=null]
2025-12-17 12:50:17.418 [main] INFO  controlador.GestionaUsuarios - Usuario [id=usr019, username=User019, email=user019@fitdroid.com, plan_activo=ANUAL, dispositivo=android11, preferencias=null]
2025-12-17 12:50:17.419 [main] INFO  controlador.GestionaUsuarios - Usuario [id=usr020, username=User020, email=user020@fitdroid.com, plan_activo=VIP, dispositivo=iphone17, preferencias=null]
2025-12-17 12:50:17.419 [main] INFO  controlador.GestionaUsuarios - Usuario [id=usr021, username=User021, email=user021@fitdroid.com, plan_activo=FREE, dispositivo=android11, preferencias=null]
2025-12-17 12:50:17.419 [main] INFO  controlador.GestionaUsuarios - Usuario [id=usr022, username=User022, email=user022@fitdroid.com, plan_activo=MENSUAL, dispositivo=iphone17, preferencias=null]
2025-12-17 12:50:17.419 [main] INFO  controlador.GestionaUsuarios - Usuario [id=usr023, username=User023, email=user023@fitdroid.com, plan_activo=MENSUAL, dispositivo=android14, preferencias=null]
2025-12-17 12:50:17.419 [main] INFO  controlador.GestionaUsuarios - Usuario [id=usr024, username=User024, email=user024@fitdroid.com, plan_activo=ANUAL, dispositivo=android13, preferencias=null]
2025-12-17 12:50:17.419 [main] INFO  controlador.GestionaUsuarios - Usuario [id=usr025, username=User025, email=user025@fitdroid.com, plan_activo=VIP, dispositivo=iphone15, preferencias=null]
2025-12-17 12:50:17.419 [main] INFO  controlador.GestionaUsuarios - Usuario [id=usr026, username=User026, email=user026@fitdroid.com, plan_activo=FREE, dispositivo=iphone14, preferencias=null]
2025-12-17 12:50:17.419 [main] INFO  controlador.GestionaUsuarios - Usuario [id=usr027, username=User027, email=user027@fitdroid.com, plan_activo=MENSUAL, dispositivo=iphone17, preferencias=null]
2025-12-17 12:50:17.419 [main] INFO  controlador.GestionaUsuarios - Usuario [id=usr028, username=User028, email=user028@fitdroid.com, plan_activo=TRIMESTRAL, dispositivo=android13, preferencias=null]
2025-12-17 12:50:17.419 [main] INFO  controlador.GestionaUsuarios - Usuario [id=usr029, username=User029, email=user029@fitdroid.com, plan_activo=ANUAL, dispositivo=android14, preferencias=null]
2025-12-17 12:50:17.419 [main] INFO  controlador.GestionaUsuarios - Usuario [id=usr030, username=User030, email=user030@fitdroid.com, plan_activo=VIP, dispositivo=android11, preferencias=null]
2025-12-17 12:50:17.419 [main] INFO  controlador.GestionaUsuarios - Usuario [id=usr031, username=User031, email=user031@fitdroid.com, plan_activo=FREE, dispositivo=iphone15, preferencias=null]
2025-12-17 12:50:17.420 [main] INFO  controlador.GestionaUsuarios - Usuario [id=usr032, username=User032, email=user032@fitdroid.com, plan_activo=MENSUAL, dispositivo=android12, preferencias=null]
2025-12-17 12:50:17.420 [main] INFO  controlador.GestionaUsuarios - Usuario [id=usr033, username=User033, email=user033@fitdroid.com, plan_activo=TRIMESTRAL, dispositivo=android14, preferencias=null]
2025-12-17 12:50:17.420 [main] INFO  controlador.GestionaUsuarios - Usuario [id=usr034, username=User034, email=user034@fitdroid.com, plan_activo=ANUAL, dispositivo=iphone15, preferencias=null]
2025-12-17 12:50:17.420 [main] INFO  controlador.GestionaUsuarios - Usuario [id=usr035, username=User035, email=user035@fitdroid.com, plan_activo=VIP, dispositivo=iphone17, preferencias=null]
2025-12-17 12:50:17.420 [main] INFO  controlador.GestionaUsuarios - Usuario [id=usr036, username=User036, email=user036@fitdroid.com, plan_activo=FREE, dispositivo=android13, preferencias=null]
2025-12-17 12:50:17.420 [main] INFO  controlador.GestionaUsuarios - Usuario [id=usr037, username=User037, email=user037@fitdroid.com, plan_activo=MENSUAL, dispositivo=android13, preferencias=null]
2025-12-17 12:50:17.420 [main] INFO  controlador.GestionaUsuarios - Usuario [id=usr038, username=User038, email=user038@fitdroid.com, plan_activo=TRIMESTRAL, dispositivo=iphone14, preferencias=null]
2025-12-17 12:50:17.420 [main] INFO  controlador.GestionaUsuarios - Usuario [id=usr039, username=User039, email=user039@fitdroid.com, plan_activo=ANUAL, dispositivo=android14, preferencias=null]
2025-12-17 12:50:17.420 [main] INFO  controlador.GestionaUsuarios - Usuario [id=usr040, username=User040, email=user040@fitdroid.com, plan_activo=VIP, dispositivo=android14, preferencias=null]
2025-12-17 12:50:17.448 [main] INFO  controlador.GestionaUsuarios - Usuario [id=usr002, username=User002, email=user002@fitdroid.com, plan_activo=MENSUAL, dispositivo=android11, preferencias=null]
2025-12-17 12:50:17.483 [main] INFO  controlador.GestionaUsuarios - Usuario [id=usr001, username=User001, email=user001@fitdroid.com, plan_activo=MENSUAL, dispositivo=android14, preferencias=null]
2025-12-17 12:50:17.483 [main] INFO  controlador.GestionaUsuarios - Usuario [id=usr002, username=User002, email=user002@fitdroid.com, plan_activo=MENSUAL, dispositivo=android11, preferencias=null]
2025-12-17 12:50:17.483 [main] INFO  controlador.GestionaUsuarios - Usuario [id=usr003, username=User003, email=user003@fitdroid.com, plan_activo=TRIMESTRAL, dispositivo=android12, preferencias=null]
2025-12-17 12:50:17.483 [main] INFO  controlador.GestionaUsuarios - Usuario [id=usr004, username=User004, email=user004@fitdroid.com, plan_activo=ANUAL, dispositivo=iphone16, preferencias=null]
2025-12-17 12:50:17.483 [main] INFO  controlador.GestionaUsuarios - Usuario [id=usr005, username=User005, email=user005@fitdroid.com, plan_activo=MENSUAL, dispositivo=android14, preferencias=null]
2025-12-17 12:50:17.483 [main] INFO  controlador.GestionaUsuarios - Usuario [id=usr006, username=User006, email=user006@fitdroid.com, plan_activo=FREE, dispositivo=android13, preferencias=null]
2025-12-17 12:50:17.483 [main] INFO  controlador.GestionaUsuarios - Usuario [id=usr007, username=User007, email=user007@fitdroid.com, plan_activo=MENSUAL, dispositivo=android11, preferencias=null]
2025-12-17 12:50:17.484 [main] INFO  controlador.GestionaUsuarios - Usuario [id=usr008, username=User008, email=user008@fitdroid.com, plan_activo=TRIMESTRAL, dispositivo=android11, preferencias=null]
2025-12-17 12:50:17.484 [main] INFO  controlador.GestionaUsuarios - Usuario [id=usr009, username=User009, email=user009@fitdroid.com, plan_activo=ANUAL, dispositivo=android12, preferencias=null]
2025-12-17 12:50:17.484 [main] INFO  controlador.GestionaUsuarios - Usuario [id=usr010, username=User010, email=user010@fitdroid.com, plan_activo=VIP, dispositivo=android13, preferencias=null]
2025-12-17 12:50:17.484 [main] INFO  controlador.GestionaUsuarios - Usuario [id=usr011, username=User011, email=user011@fitdroid.com, plan_activo=FREE, dispositivo=android13, preferencias=null]
2025-12-17 12:50:17.484 [main] INFO  controlador.GestionaUsuarios - Usuario [id=usr012, username=User012, email=user012@fitdroid.com, plan_activo=MENSUAL, dispositivo=iphone17, preferencias=null]
2025-12-17 12:50:17.484 [main] INFO  controlador.GestionaUsuarios - Usuario [id=usr013, username=User013, email=user013@fitdroid.com, plan_activo=TRIMESTRAL, dispositivo=android12, preferencias=null]
2025-12-17 12:50:17.484 [main] INFO  controlador.GestionaUsuarios - Usuario [id=usr014, username=User014, email=user014@fitdroid.com, plan_activo=ANUAL, dispositivo=android11, preferencias=null]
2025-12-17 12:50:17.484 [main] INFO  controlador.GestionaUsuarios - Usuario [id=usr015, username=User015, email=user015@fitdroid.com, plan_activo=VIP, dispositivo=android13, preferencias=null]
2025-12-17 12:50:17.484 [main] INFO  controlador.GestionaUsuarios - Usuario [id=usr016, username=User016, email=user016@fitdroid.com, plan_activo=FREE, dispositivo=iphone16, preferencias=null]
2025-12-17 12:50:17.484 [main] INFO  controlador.GestionaUsuarios - Usuario [id=usr017, username=User017, email=user017@fitdroid.com, plan_activo=MENSUAL, dispositivo=android13, preferencias=null]
2025-12-17 12:50:17.484 [main] INFO  controlador.GestionaUsuarios - Usuario [id=usr018, username=User018, email=user018@fitdroid.com, plan_activo=TRIMESTRAL, dispositivo=iphone16, preferencias=null]
2025-12-17 12:50:17.484 [main] INFO  controlador.GestionaUsuarios - Usuario [id=usr019, username=User019, email=user019@fitdroid.com, plan_activo=ANUAL, dispositivo=android11, preferencias=null]
2025-12-17 12:50:17.485 [main] INFO  controlador.GestionaUsuarios - Usuario [id=usr020, username=User020, email=user020@fitdroid.com, plan_activo=VIP, dispositivo=iphone17, preferencias=null]
2025-12-17 12:50:17.485 [main] INFO  controlador.GestionaUsuarios - Usuario [id=usr021, username=User021, email=user021@fitdroid.com, plan_activo=FREE, dispositivo=android11, preferencias=null]
2025-12-17 12:50:17.485 [main] INFO  controlador.GestionaUsuarios - Usuario [id=usr022, username=User022, email=user022@fitdroid.com, plan_activo=MENSUAL, dispositivo=iphone17, preferencias=null]
2025-12-17 12:50:17.485 [main] INFO  controlador.GestionaUsuarios - Usuario [id=usr023, username=User023, email=user023@fitdroid.com, plan_activo=MENSUAL, dispositivo=android14, preferencias=null]
2025-12-17 12:50:17.485 [main] INFO  controlador.GestionaUsuarios - Usuario [id=usr024, username=User024, email=user024@fitdroid.com, plan_activo=ANUAL, dispositivo=android13, preferencias=null]
2025-12-17 12:50:17.485 [main] INFO  controlador.GestionaUsuarios - Usuario [id=usr025, username=User025, email=user025@fitdroid.com, plan_activo=VIP, dispositivo=iphone15, preferencias=null]
2025-12-17 12:50:17.485 [main] INFO  controlador.GestionaUsuarios - Usuario [id=usr026, username=User026, email=user026@fitdroid.com, plan_activo=FREE, dispositivo=iphone14, preferencias=null]
2025-12-17 12:50:17.486 [main] INFO  controlador.GestionaUsuarios - Usuario [id=usr027, username=User027, email=user027@fitdroid.com, plan_activo=MENSUAL, dispositivo=iphone17, preferencias=null]
2025-12-17 12:50:17.486 [main] INFO  controlador.GestionaUsuarios - Usuario [id=usr028, username=User028, email=user028@fitdroid.com, plan_activo=TRIMESTRAL, dispositivo=android13, preferencias=null]
2025-12-17 12:50:17.486 [main] INFO  controlador.GestionaUsuarios - Usuario [id=usr029, username=User029, email=user029@fitdroid.com, plan_activo=ANUAL, dispositivo=android14, preferencias=null]
2025-12-17 12:50:17.486 [main] INFO  controlador.GestionaUsuarios - Usuario [id=usr030, username=User030, email=user030@fitdroid.com, plan_activo=VIP, dispositivo=android11, preferencias=null]
2025-12-17 12:50:17.486 [main] INFO  controlador.GestionaUsuarios - Usuario [id=usr031, username=User031, email=user031@fitdroid.com, plan_activo=FREE, dispositivo=iphone15, preferencias=null]
2025-12-17 12:50:17.486 [main] INFO  controlador.GestionaUsuarios - Usuario [id=usr032, username=User032, email=user032@fitdroid.com, plan_activo=MENSUAL, dispositivo=android12, preferencias=null]
2025-12-17 12:50:17.486 [main] INFO  controlador.GestionaUsuarios - Usuario [id=usr033, username=User033, email=user033@fitdroid.com, plan_activo=TRIMESTRAL, dispositivo=android14, preferencias=null]
2025-12-17 12:50:17.486 [main] INFO  controlador.GestionaUsuarios - Usuario [id=usr034, username=User034, email=user034@fitdroid.com, plan_activo=ANUAL, dispositivo=iphone15, preferencias=null]
2025-12-17 12:50:17.486 [main] INFO  controlador.GestionaUsuarios - Usuario [id=usr035, username=User035, email=user035@fitdroid.com, plan_activo=VIP, dispositivo=iphone17, preferencias=null]
2025-12-17 12:50:17.486 [main] INFO  controlador.GestionaUsuarios - Usuario [id=usr036, username=User036, email=user036@fitdroid.com, plan_activo=FREE, dispositivo=android13, preferencias=null]
2025-12-17 12:50:17.486 [main] INFO  controlador.GestionaUsuarios - Usuario [id=usr037, username=User037, email=user037@fitdroid.com, plan_activo=MENSUAL, dispositivo=android13, preferencias=null]
2025-12-17 12:50:17.486 [main] INFO  controlador.GestionaUsuarios - Usuario [id=usr038, username=User038, email=user038@fitdroid.com, plan_activo=TRIMESTRAL, dispositivo=iphone14, preferencias=null]
2025-12-17 12:50:17.486 [main] INFO  controlador.GestionaUsuarios - Usuario [id=usr039, username=User039, email=user039@fitdroid.com, plan_activo=ANUAL, dispositivo=android14, preferencias=null]
2025-12-17 12:50:17.487 [main] INFO  controlador.GestionaUsuarios - Usuario [id=usr040, username=User040, email=user040@fitdroid.com, plan_activo=VIP, dispositivo=android14, preferencias=null]
2025-12-17 12:51:03.341 [main] INFO  controlador.GestionaUsuarios - Usuario [id=usr001, username=User001, email=user001@fitdroid.com, plan_activo=MENSUAL, dispositivo=android14, preferencias=null]
2025-12-17 12:51:03.347 [main] INFO  controlador.GestionaUsuarios - Usuario [id=usr002, username=User002, email=user002@fitdroid.com, plan_activo=MENSUAL, dispositivo=android11, preferencias=null]
2025-12-17 12:51:03.347 [main] INFO  controlador.GestionaUsuarios - Usuario [id=usr003, username=User003, email=user003@fitdroid.com, plan_activo=TRIMESTRAL, dispositivo=android12, preferencias=null]
2025-12-17 12:51:03.347 [main] INFO  controlador.GestionaUsuarios - Usuario [id=usr004, username=User004, email=user004@fitdroid.com, plan_activo=ANUAL, dispositivo=iphone16, preferencias=null]
2025-12-17 12:51:03.347 [main] INFO  controlador.GestionaUsuarios - Usuario [id=usr005, username=User005, email=user005@fitdroid.com, plan_activo=MENSUAL, dispositivo=android14, preferencias=null]
2025-12-17 12:51:03.347 [main] INFO  controlador.GestionaUsuarios - Usuario [id=usr006, username=User006, email=user006@fitdroid.com, plan_activo=FREE, dispositivo=android13, preferencias=null]
2025-12-17 12:51:03.347 [main] INFO  controlador.GestionaUsuarios - Usuario [id=usr007, username=User007, email=user007@fitdroid.com, plan_activo=MENSUAL, dispositivo=android11, preferencias=null]
2025-12-17 12:51:03.347 [main] INFO  controlador.GestionaUsuarios - Usuario [id=usr008, username=User008, email=user008@fitdroid.com, plan_activo=TRIMESTRAL, dispositivo=android11, preferencias=null]
2025-12-17 12:51:03.347 [main] INFO  controlador.GestionaUsuarios - Usuario [id=usr009, username=User009, email=user009@fitdroid.com, plan_activo=ANUAL, dispositivo=android12, preferencias=null]
2025-12-17 12:51:03.348 [main] INFO  controlador.GestionaUsuarios - Usuario [id=usr010, username=User010, email=user010@fitdroid.com, plan_activo=VIP, dispositivo=android13, preferencias=null]
2025-12-17 12:51:03.348 [main] INFO  controlador.GestionaUsuarios - Usuario [id=usr011, username=User011, email=user011@fitdroid.com, plan_activo=FREE, dispositivo=android13, preferencias=null]
2025-12-17 12:51:03.348 [main] INFO  controlador.GestionaUsuarios - Usuario [id=usr012, username=User012, email=user012@fitdroid.com, plan_activo=MENSUAL, dispositivo=iphone17, preferencias=null]
2025-12-17 12:51:03.348 [main] INFO  controlador.GestionaUsuarios - Usuario [id=usr013, username=User013, email=user013@fitdroid.com, plan_activo=TRIMESTRAL, dispositivo=android12, preferencias=null]
2025-12-17 12:51:03.348 [main] INFO  controlador.GestionaUsuarios - Usuario [id=usr014, username=User014, email=user014@fitdroid.com, plan_activo=ANUAL, dispositivo=android11, preferencias=null]
2025-12-17 12:51:03.348 [main] INFO  controlador.GestionaUsuarios - Usuario [id=usr015, username=User015, email=user015@fitdroid.com, plan_activo=VIP, dispositivo=android13, preferencias=null]
2025-12-17 12:51:03.348 [main] INFO  controlador.GestionaUsuarios - Usuario [id=usr016, username=User016, email=user016@fitdroid.com, plan_activo=FREE, dispositivo=iphone16, preferencias=null]
2025-12-17 12:51:03.348 [main] INFO  controlador.GestionaUsuarios - Usuario [id=usr017, username=User017, email=user017@fitdroid.com, plan_activo=MENSUAL, dispositivo=android13, preferencias=null]
2025-12-17 12:51:03.348 [main] INFO  controlador.GestionaUsuarios - Usuario [id=usr018, username=User018, email=user018@fitdroid.com, plan_activo=TRIMESTRAL, dispositivo=iphone16, preferencias=null]
2025-12-17 12:51:03.348 [main] INFO  controlador.GestionaUsuarios - Usuario [id=usr019, username=User019, email=user019@fitdroid.com, plan_activo=ANUAL, dispositivo=android11, preferencias=null]
2025-12-17 12:51:03.348 [main] INFO  controlador.GestionaUsuarios - Usuario [id=usr020, username=User020, email=user020@fitdroid.com, plan_activo=VIP, dispositivo=iphone17, preferencias=null]
2025-12-17 12:51:03.348 [main] INFO  controlador.GestionaUsuarios - Usuario [id=usr021, username=User021, email=user021@fitdroid.com, plan_activo=FREE, dispositivo=android11, preferencias=null]
2025-12-17 12:51:03.349 [main] INFO  controlador.GestionaUsuarios - Usuario [id=usr022, username=User022, email=user022@fitdroid.com, plan_activo=MENSUAL, dispositivo=iphone17, preferencias=null]
2025-12-17 12:51:03.349 [main] INFO  controlador.GestionaUsuarios - Usuario [id=usr023, username=User023, email=user023@fitdroid.com, plan_activo=MENSUAL, dispositivo=android14, preferencias=null]
2025-12-17 12:51:03.349 [main] INFO  controlador.GestionaUsuarios - Usuario [id=usr024, username=User024, email=user024@fitdroid.com, plan_activo=ANUAL, dispositivo=android13, preferencias=null]
2025-12-17 12:51:03.349 [main] INFO  controlador.GestionaUsuarios - Usuario [id=usr025, username=User025, email=user025@fitdroid.com, plan_activo=VIP, dispositivo=iphone15, preferencias=null]
2025-12-17 12:51:03.349 [main] INFO  controlador.GestionaUsuarios - Usuario [id=usr026, username=User026, email=user026@fitdroid.com, plan_activo=FREE, dispositivo=iphone14, preferencias=null]
2025-12-17 12:51:03.349 [main] INFO  controlador.GestionaUsuarios - Usuario [id=usr027, username=User027, email=user027@fitdroid.com, plan_activo=MENSUAL, dispositivo=iphone17, preferencias=null]
2025-12-17 12:51:03.349 [main] INFO  controlador.GestionaUsuarios - Usuario [id=usr028, username=User028, email=user028@fitdroid.com, plan_activo=TRIMESTRAL, dispositivo=android13, preferencias=null]
2025-12-17 12:51:03.349 [main] INFO  controlador.GestionaUsuarios - Usuario [id=usr029, username=User029, email=user029@fitdroid.com, plan_activo=ANUAL, dispositivo=android14, preferencias=null]
2025-12-17 12:51:03.349 [main] INFO  controlador.GestionaUsuarios - Usuario [id=usr030, username=User030, email=user030@fitdroid.com, plan_activo=VIP, dispositivo=android11, preferencias=null]
2025-12-17 12:51:03.349 [main] INFO  controlador.GestionaUsuarios - Usuario [id=usr031, username=User031, email=user031@fitdroid.com, plan_activo=FREE, dispositivo=iphone15, preferencias=null]
2025-12-17 12:51:03.349 [main] INFO  controlador.GestionaUsuarios - Usuario [id=usr032, username=User032, email=user032@fitdroid.com, plan_activo=MENSUAL, dispositivo=android12, preferencias=null]
2025-12-17 12:51:03.349 [main] INFO  controlador.GestionaUsuarios - Usuario [id=usr033, username=User033, email=user033@fitdroid.com, plan_activo=TRIMESTRAL, dispositivo=android14, preferencias=null]
2025-12-17 12:51:03.350 [main] INFO  controlador.GestionaUsuarios - Usuario [id=usr034, username=User034, email=user034@fitdroid.com, plan_activo=ANUAL, dispositivo=iphone15, preferencias=null]
2025-12-17 12:51:03.350 [main] INFO  controlador.GestionaUsuarios - Usuario [id=usr035, username=User035, email=user035@fitdroid.com, plan_activo=VIP, dispositivo=iphone17, preferencias=null]
2025-12-17 12:51:03.350 [main] INFO  controlador.GestionaUsuarios - Usuario [id=usr036, username=User036, email=user036@fitdroid.com, plan_activo=FREE, dispositivo=android13, preferencias=null]
2025-12-17 12:51:03.350 [main] INFO  controlador.GestionaUsuarios - Usuario [id=usr037, username=User037, email=user037@fitdroid.com, plan_activo=MENSUAL, dispositivo=android13, preferencias=null]
2025-12-17 12:51:03.350 [main] INFO  controlador.GestionaUsuarios - Usuario [id=usr038, username=User038, email=user038@fitdroid.com, plan_activo=TRIMESTRAL, dispositivo=iphone14, preferencias=null]
2025-12-17 12:51:03.350 [main] INFO  controlador.GestionaUsuarios - Usuario [id=usr039, username=User039, email=user039@fitdroid.com, plan_activo=ANUAL, dispositivo=android14, preferencias=null]
2025-12-17 12:51:03.350 [main] INFO  controlador.GestionaUsuarios - Usuario [id=usr040, username=User040, email=user040@fitdroid.com, plan_activo=VIP, dispositivo=android14, preferencias=null]
2025-12-17 12:51:03.379 [main] INFO  controlador.GestionaUsuarios - Usuario [id=usr002, username=User002, email=user002@fitdroid.com, plan_activo=MENSUAL, dispositivo=android11, preferencias=null]
2025-12-17 12:51:03.390 [main] INFO  repositorio.UsuarioRepositorio - ANUAL
2025-12-17 12:51:03.412 [main] INFO  controlador.GestionaUsuarios - Usuario [id=usr001, username=User001, email=user001@fitdroid.com, plan_activo=MENSUAL, dispositivo=android14, preferencias=null]
2025-12-17 12:51:03.412 [main] INFO  controlador.GestionaUsuarios - Usuario [id=usr002, username=User002, email=user002@fitdroid.com, plan_activo=MENSUAL, dispositivo=android11, preferencias=null]
2025-12-17 12:51:03.412 [main] INFO  controlador.GestionaUsuarios - Usuario [id=usr003, username=User003, email=user003@fitdroid.com, plan_activo=TRIMESTRAL, dispositivo=android12, preferencias=null]
2025-12-17 12:51:03.413 [main] INFO  controlador.GestionaUsuarios - Usuario [id=usr004, username=User004, email=user004@fitdroid.com, plan_activo=ANUAL, dispositivo=iphone16, preferencias=null]
2025-12-17 12:51:03.413 [main] INFO  controlador.GestionaUsuarios - Usuario [id=usr005, username=User005, email=user005@fitdroid.com, plan_activo=MENSUAL, dispositivo=android14, preferencias=null]
2025-12-17 12:51:03.413 [main] INFO  controlador.GestionaUsuarios - Usuario [id=usr006, username=User006, email=user006@fitdroid.com, plan_activo=FREE, dispositivo=android13, preferencias=null]
2025-12-17 12:51:03.413 [main] INFO  controlador.GestionaUsuarios - Usuario [id=usr007, username=User007, email=user007@fitdroid.com, plan_activo=MENSUAL, dispositivo=android11, preferencias=null]
2025-12-17 12:51:03.413 [main] INFO  controlador.GestionaUsuarios - Usuario [id=usr008, username=User008, email=user008@fitdroid.com, plan_activo=TRIMESTRAL, dispositivo=android11, preferencias=null]
2025-12-17 12:51:03.413 [main] INFO  controlador.GestionaUsuarios - Usuario [id=usr009, username=User009, email=user009@fitdroid.com, plan_activo=ANUAL, dispositivo=android12, preferencias=null]
2025-12-17 12:51:03.413 [main] INFO  controlador.GestionaUsuarios - Usuario [id=usr010, username=User010, email=user010@fitdroid.com, plan_activo=VIP, dispositivo=android13, preferencias=null]
2025-12-17 12:51:03.413 [main] INFO  controlador.GestionaUsuarios - Usuario [id=usr011, username=User011, email=user011@fitdroid.com, plan_activo=FREE, dispositivo=android13, preferencias=null]
2025-12-17 12:51:03.413 [main] INFO  controlador.GestionaUsuarios - Usuario [id=usr012, username=User012, email=user012@fitdroid.com, plan_activo=MENSUAL, dispositivo=iphone17, preferencias=null]
2025-12-17 12:51:03.413 [main] INFO  controlador.GestionaUsuarios - Usuario [id=usr013, username=User013, email=user013@fitdroid.com, plan_activo=TRIMESTRAL, dispositivo=android12, preferencias=null]
2025-12-17 12:51:03.414 [main] INFO  controlador.GestionaUsuarios - Usuario [id=usr014, username=User014, email=user014@fitdroid.com, plan_activo=ANUAL, dispositivo=android11, preferencias=null]
2025-12-17 12:51:03.414 [main] INFO  controlador.GestionaUsuarios - Usuario [id=usr015, username=User015, email=user015@fitdroid.com, plan_activo=VIP, dispositivo=android13, preferencias=null]
2025-12-17 12:51:03.414 [main] INFO  controlador.GestionaUsuarios - Usuario [id=usr016, username=User016, email=user016@fitdroid.com, plan_activo=FREE, dispositivo=iphone16, preferencias=null]
2025-12-17 12:51:03.414 [main] INFO  controlador.GestionaUsuarios - Usuario [id=usr017, username=User017, email=user017@fitdroid.com, plan_activo=MENSUAL, dispositivo=android13, preferencias=null]
2025-12-17 12:51:03.414 [main] INFO  controlador.GestionaUsuarios - Usuario [id=usr018, username=User018, email=user018@fitdroid.com, plan_activo=TRIMESTRAL, dispositivo=iphone16, preferencias=null]
2025-12-17 12:51:03.414 [main] INFO  controlador.GestionaUsuarios - Usuario [id=usr019, username=User019, email=user019@fitdroid.com, plan_activo=ANUAL, dispositivo=android11, preferencias=null]
2025-12-17 12:51:03.414 [main] INFO  controlador.GestionaUsuarios - Usuario [id=usr020, username=User020, email=user020@fitdroid.com, plan_activo=VIP, dispositivo=iphone17, preferencias=null]
2025-12-17 12:51:03.414 [main] INFO  controlador.GestionaUsuarios - Usuario [id=usr021, username=User021, email=user021@fitdroid.com, plan_activo=FREE, dispositivo=android11, preferencias=null]
2025-12-17 12:51:03.414 [main] INFO  controlador.GestionaUsuarios - Usuario [id=usr022, username=User022, email=user022@fitdroid.com, plan_activo=MENSUAL, dispositivo=iphone17, preferencias=null]
2025-12-17 12:51:03.415 [main] INFO  controlador.GestionaUsuarios - Usuario [id=usr023, username=User023, email=user023@fitdroid.com, plan_activo=MENSUAL, dispositivo=android14, preferencias=null]
2025-12-17 12:51:03.415 [main] INFO  controlador.GestionaUsuarios - Usuario [id=usr024, username=User024, email=user024@fitdroid.com, plan_activo=ANUAL, dispositivo=android13, preferencias=null]
2025-12-17 12:51:03.415 [main] INFO  controlador.GestionaUsuarios - Usuario [id=usr025, username=User025, email=user025@fitdroid.com, plan_activo=VIP, dispositivo=iphone15, preferencias=null]
2025-12-17 12:51:03.415 [main] INFO  controlador.GestionaUsuarios - Usuario [id=usr026, username=User026, email=user026@fitdroid.com, plan_activo=FREE, dispositivo=iphone14, preferencias=null]
2025-12-17 12:51:03.415 [main] INFO  controlador.GestionaUsuarios - Usuario [id=usr027, username=User027, email=user027@fitdroid.com, plan_activo=MENSUAL, dispositivo=iphone17, preferencias=null]
2025-12-17 12:51:03.415 [main] INFO  controlador.GestionaUsuarios - Usuario [id=usr028, username=User028, email=user028@fitdroid.com, plan_activo=TRIMESTRAL, dispositivo=android13, preferencias=null]
2025-12-17 12:51:03.415 [main] INFO  controlador.GestionaUsuarios - Usuario [id=usr029, username=User029, email=user029@fitdroid.com, plan_activo=ANUAL, dispositivo=android14, preferencias=null]
2025-12-17 12:51:03.415 [main] INFO  controlador.GestionaUsuarios - Usuario [id=usr030, username=User030, email=user030@fitdroid.com, plan_activo=VIP, dispositivo=android11, preferencias=null]
2025-12-17 12:51:03.415 [main] INFO  controlador.GestionaUsuarios - Usuario [id=usr031, username=User031, email=user031@fitdroid.com, plan_activo=FREE, dispositivo=iphone15, preferencias=null]
2025-12-17 12:51:03.415 [main] INFO  controlador.GestionaUsuarios - Usuario [id=usr032, username=User032, email=user032@fitdroid.com, plan_activo=MENSUAL, dispositivo=android12, preferencias=null]
2025-12-17 12:51:03.416 [main] INFO  controlador.GestionaUsuarios - Usuario [id=usr033, username=User033, email=user033@fitdroid.com, plan_activo=TRIMESTRAL, dispositivo=android14, preferencias=null]
2025-12-17 12:51:03.416 [main] INFO  controlador.GestionaUsuarios - Usuario [id=usr034, username=User034, email=user034@fitdroid.com, plan_activo=ANUAL, dispositivo=iphone15, preferencias=null]
2025-12-17 12:51:03.416 [main] INFO  controlador.GestionaUsuarios - Usuario [id=usr035, username=User035, email=user035@fitdroid.com, plan_activo=VIP, dispositivo=iphone17, preferencias=null]
2025-12-17 12:51:03.416 [main] INFO  controlador.GestionaUsuarios - Usuario [id=usr036, username=User036, email=user036@fitdroid.com, plan_activo=FREE, dispositivo=android13, preferencias=null]
2025-12-17 12:51:03.416 [main] INFO  controlador.GestionaUsuarios - Usuario [id=usr037, username=User037, email=user037@fitdroid.com, plan_activo=MENSUAL, dispositivo=android13, preferencias=null]
2025-12-17 12:51:03.416 [main] INFO  controlador.GestionaUsuarios - Usuario [id=usr038, username=User038, email=user038@fitdroid.com, plan_activo=TRIMESTRAL, dispositivo=iphone14, preferencias=null]
2025-12-17 12:51:03.416 [main] INFO  controlador.GestionaUsuarios - Usuario [id=usr039, username=User039, email=user039@fitdroid.com, plan_activo=ANUAL, dispositivo=android14, preferencias=null]
2025-12-17 12:51:03.416 [main] INFO  controlador.GestionaUsuarios - Usuario [id=usr040, username=User040, email=user040@fitdroid.com, plan_activo=VIP, dispositivo=android14, preferencias=null]
2025-12-17 12:53:37.329 [main] INFO  controlador.GestionaUsuarios - null
2025-12-17 12:53:37.342 [main] INFO  controlador.GestionaUsuarios - Usuario [id=usr001, username=User001, email=user001@fitdroid.com, plan_activo=MENSUAL, dispositivo=android14, preferencias=null]
2025-12-17 12:53:37.342 [main] INFO  controlador.GestionaUsuarios - Usuario [id=usr002, username=User002, email=user002@fitdroid.com, plan_activo=MENSUAL, dispositivo=android11, preferencias=null]
2025-12-17 12:53:37.342 [main] INFO  controlador.GestionaUsuarios - Usuario [id=usr003, username=User003, email=user003@fitdroid.com, plan_activo=TRIMESTRAL, dispositivo=android12, preferencias=null]
2025-12-17 12:53:37.343 [main] INFO  controlador.GestionaUsuarios - Usuario [id=usr004, username=User004, email=user004@fitdroid.com, plan_activo=ANUAL, dispositivo=iphone16, preferencias=null]
2025-12-17 12:53:37.343 [main] INFO  controlador.GestionaUsuarios - Usuario [id=usr005, username=User005, email=user005@fitdroid.com, plan_activo=MENSUAL, dispositivo=android14, preferencias=null]
2025-12-17 12:53:37.343 [main] INFO  controlador.GestionaUsuarios - Usuario [id=usr006, username=User006, email=user006@fitdroid.com, plan_activo=FREE, dispositivo=android13, preferencias=null]
2025-12-17 12:53:37.343 [main] INFO  controlador.GestionaUsuarios - Usuario [id=usr007, username=User007, email=user007@fitdroid.com, plan_activo=MENSUAL, dispositivo=android11, preferencias=null]
2025-12-17 12:53:37.343 [main] INFO  controlador.GestionaUsuarios - Usuario [id=usr008, username=User008, email=user008@fitdroid.com, plan_activo=TRIMESTRAL, dispositivo=android11, preferencias=null]
2025-12-17 12:53:37.343 [main] INFO  controlador.GestionaUsuarios - Usuario [id=usr009, username=User009, email=user009@fitdroid.com, plan_activo=ANUAL, dispositivo=android12, preferencias=null]
2025-12-17 12:53:37.343 [main] INFO  controlador.GestionaUsuarios - Usuario [id=usr010, username=User010, email=user010@fitdroid.com, plan_activo=VIP, dispositivo=android13, preferencias=null]
2025-12-17 12:53:37.343 [main] INFO  controlador.GestionaUsuarios - Usuario [id=usr011, username=User011, email=user011@fitdroid.com, plan_activo=FREE, dispositivo=android13, preferencias=null]
2025-12-17 12:53:37.343 [main] INFO  controlador.GestionaUsuarios - Usuario [id=usr012, username=User012, email=user012@fitdroid.com, plan_activo=MENSUAL, dispositivo=iphone17, preferencias=null]
2025-12-17 12:53:37.344 [main] INFO  controlador.GestionaUsuarios - Usuario [id=usr013, username=User013, email=user013@fitdroid.com, plan_activo=TRIMESTRAL, dispositivo=android12, preferencias=null]
2025-12-17 12:53:37.344 [main] INFO  controlador.GestionaUsuarios - Usuario [id=usr014, username=User014, email=user014@fitdroid.com, plan_activo=ANUAL, dispositivo=android11, preferencias=null]
2025-12-17 12:53:37.344 [main] INFO  controlador.GestionaUsuarios - Usuario [id=usr015, username=User015, email=user015@fitdroid.com, plan_activo=VIP, dispositivo=android13, preferencias=null]
2025-12-17 12:53:37.344 [main] INFO  controlador.GestionaUsuarios - Usuario [id=usr016, username=User016, email=user016@fitdroid.com, plan_activo=FREE, dispositivo=iphone16, preferencias=null]
2025-12-17 12:53:37.344 [main] INFO  controlador.GestionaUsuarios - Usuario [id=usr017, username=User017, email=user017@fitdroid.com, plan_activo=MENSUAL, dispositivo=android13, preferencias=null]
2025-12-17 12:53:37.344 [main] INFO  controlador.GestionaUsuarios - Usuario [id=usr018, username=User018, email=user018@fitdroid.com, plan_activo=TRIMESTRAL, dispositivo=iphone16, preferencias=null]
2025-12-17 12:53:37.344 [main] INFO  controlador.GestionaUsuarios - Usuario [id=usr019, username=User019, email=user019@fitdroid.com, plan_activo=ANUAL, dispositivo=android11, preferencias=null]
2025-12-17 12:53:37.344 [main] INFO  controlador.GestionaUsuarios - Usuario [id=usr020, username=User020, email=user020@fitdroid.com, plan_activo=VIP, dispositivo=iphone17, preferencias=null]
2025-12-17 12:53:37.344 [main] INFO  controlador.GestionaUsuarios - Usuario [id=usr021, username=User021, email=user021@fitdroid.com, plan_activo=FREE, dispositivo=android11, preferencias=null]
2025-12-17 12:53:37.344 [main] INFO  controlador.GestionaUsuarios - Usuario [id=usr022, username=User022, email=user022@fitdroid.com, plan_activo=MENSUAL, dispositivo=iphone17, preferencias=null]
2025-12-17 12:53:37.344 [main] INFO  controlador.GestionaUsuarios - Usuario [id=usr023, username=User023, email=user023@fitdroid.com, plan_activo=MENSUAL, dispositivo=android14, preferencias=null]
2025-12-17 12:53:37.344 [main] INFO  controlador.GestionaUsuarios - Usuario [id=usr024, username=User024, email=user024@fitdroid.com, plan_activo=ANUAL, dispositivo=android13, preferencias=null]
2025-12-17 12:53:37.345 [main] INFO  controlador.GestionaUsuarios - Usuario [id=usr025, username=User025, email=user025@fitdroid.com, plan_activo=VIP, dispositivo=iphone15, preferencias=null]
2025-12-17 12:53:37.345 [main] INFO  controlador.GestionaUsuarios - Usuario [id=usr026, username=User026, email=user026@fitdroid.com, plan_activo=FREE, dispositivo=iphone14, preferencias=null]
2025-12-17 12:53:37.345 [main] INFO  controlador.GestionaUsuarios - Usuario [id=usr027, username=User027, email=user027@fitdroid.com, plan_activo=MENSUAL, dispositivo=iphone17, preferencias=null]
2025-12-17 12:53:37.345 [main] INFO  controlador.GestionaUsuarios - Usuario [id=usr028, username=User028, email=user028@fitdroid.com, plan_activo=TRIMESTRAL, dispositivo=android13, preferencias=null]
2025-12-17 12:53:37.345 [main] INFO  controlador.GestionaUsuarios - Usuario [id=usr029, username=User029, email=user029@fitdroid.com, plan_activo=ANUAL, dispositivo=android14, preferencias=null]
2025-12-17 12:53:37.345 [main] INFO  controlador.GestionaUsuarios - Usuario [id=usr030, username=User030, email=user030@fitdroid.com, plan_activo=VIP, dispositivo=android11, preferencias=null]
2025-12-17 12:53:37.345 [main] INFO  controlador.GestionaUsuarios - Usuario [id=usr031, username=User031, email=user031@fitdroid.com, plan_activo=FREE, dispositivo=iphone15, preferencias=null]
2025-12-17 12:53:37.345 [main] INFO  controlador.GestionaUsuarios - Usuario [id=usr032, username=User032, email=user032@fitdroid.com, plan_activo=MENSUAL, dispositivo=android12, preferencias=null]
2025-12-17 12:53:37.345 [main] INFO  controlador.GestionaUsuarios - Usuario [id=usr033, username=User033, email=user033@fitdroid.com, plan_activo=TRIMESTRAL, dispositivo=android14, preferencias=null]
2025-12-17 12:53:37.345 [main] INFO  controlador.GestionaUsuarios - Usuario [id=usr034, username=User034, email=user034@fitdroid.com, plan_activo=ANUAL, dispositivo=iphone15, preferencias=null]
2025-12-17 12:53:37.346 [main] INFO  controlador.GestionaUsuarios - Usuario [id=usr035, username=User035, email=user035@fitdroid.com, plan_activo=VIP, dispositivo=iphone17, preferencias=null]
2025-12-17 12:53:37.346 [main] INFO  controlador.GestionaUsuarios - Usuario [id=usr036, username=User036, email=user036@fitdroid.com, plan_activo=FREE, dispositivo=android13, preferencias=null]
2025-12-17 12:53:37.346 [main] INFO  controlador.GestionaUsuarios - Usuario [id=usr037, username=User037, email=user037@fitdroid.com, plan_activo=MENSUAL, dispositivo=android13, preferencias=null]
2025-12-17 12:53:37.346 [main] INFO  controlador.GestionaUsuarios - Usuario [id=usr038, username=User038, email=user038@fitdroid.com, plan_activo=TRIMESTRAL, dispositivo=iphone14, preferencias=null]
2025-12-17 12:53:37.346 [main] INFO  controlador.GestionaUsuarios - Usuario [id=usr039, username=User039, email=user039@fitdroid.com, plan_activo=ANUAL, dispositivo=android14, preferencias=null]
2025-12-17 12:53:37.346 [main] INFO  controlador.GestionaUsuarios - Usuario [id=usr040, username=User040, email=user040@fitdroid.com, plan_activo=VIP, dispositivo=android14, preferencias=null]
2025-12-17 12:53:37.369 [main] INFO  controlador.GestionaUsuarios - Usuario [id=usr002, username=User002, email=user002@fitdroid.com, plan_activo=MENSUAL, dispositivo=android11, preferencias=null]
2025-12-17 12:53:37.400 [main] INFO  controlador.GestionaUsuarios - Usuario [id=usr001, username=User001, email=user001@fitdroid.com, plan_activo=MENSUAL, dispositivo=android14, preferencias=null]
2025-12-17 12:53:37.400 [main] INFO  controlador.GestionaUsuarios - Usuario [id=usr002, username=User002, email=user002@fitdroid.com, plan_activo=MENSUAL, dispositivo=android11, preferencias=null]
2025-12-17 12:53:37.400 [main] INFO  controlador.GestionaUsuarios - Usuario [id=usr003, username=User003, email=user003@fitdroid.com, plan_activo=TRIMESTRAL, dispositivo=android12, preferencias=null]
2025-12-17 12:53:37.400 [main] INFO  controlador.GestionaUsuarios - Usuario [id=usr004, username=User004, email=user004@fitdroid.com, plan_activo=ANUAL, dispositivo=iphone16, preferencias=null]
2025-12-17 12:53:37.400 [main] INFO  controlador.GestionaUsuarios - Usuario [id=usr005, username=User005, email=user005@fitdroid.com, plan_activo=MENSUAL, dispositivo=android14, preferencias=null]
2025-12-17 12:53:37.400 [main] INFO  controlador.GestionaUsuarios - Usuario [id=usr006, username=User006, email=user006@fitdroid.com, plan_activo=FREE, dispositivo=android13, preferencias=null]
2025-12-17 12:53:37.400 [main] INFO  controlador.GestionaUsuarios - Usuario [id=usr007, username=User007, email=user007@fitdroid.com, plan_activo=MENSUAL, dispositivo=android11, preferencias=null]
2025-12-17 12:53:37.401 [main] INFO  controlador.GestionaUsuarios - Usuario [id=usr008, username=User008, email=user008@fitdroid.com, plan_activo=TRIMESTRAL, dispositivo=android11, preferencias=null]
2025-12-17 12:53:37.401 [main] INFO  controlador.GestionaUsuarios - Usuario [id=usr009, username=User009, email=user009@fitdroid.com, plan_activo=ANUAL, dispositivo=android12, preferencias=null]
2025-12-17 12:53:37.401 [main] INFO  controlador.GestionaUsuarios - Usuario [id=usr010, username=User010, email=user010@fitdroid.com, plan_activo=VIP, dispositivo=android13, preferencias=null]
2025-12-17 12:53:37.401 [main] INFO  controlador.GestionaUsuarios - Usuario [id=usr011, username=User011, email=user011@fitdroid.com, plan_activo=FREE, dispositivo=android13, preferencias=null]
2025-12-17 12:53:37.401 [main] INFO  controlador.GestionaUsuarios - Usuario [id=usr012, username=User012, email=user012@fitdroid.com, plan_activo=MENSUAL, dispositivo=iphone17, preferencias=null]
2025-12-17 12:53:37.401 [main] INFO  controlador.GestionaUsuarios - Usuario [id=usr013, username=User013, email=user013@fitdroid.com, plan_activo=TRIMESTRAL, dispositivo=android12, preferencias=null]
2025-12-17 12:53:37.401 [main] INFO  controlador.GestionaUsuarios - Usuario [id=usr014, username=User014, email=user014@fitdroid.com, plan_activo=ANUAL, dispositivo=android11, preferencias=null]
2025-12-17 12:53:37.401 [main] INFO  controlador.GestionaUsuarios - Usuario [id=usr015, username=User015, email=user015@fitdroid.com, plan_activo=VIP, dispositivo=android13, preferencias=null]
2025-12-17 12:53:37.401 [main] INFO  controlador.GestionaUsuarios - Usuario [id=usr016, username=User016, email=user016@fitdroid.com, plan_activo=FREE, dispositivo=iphone16, preferencias=null]
2025-12-17 12:53:37.401 [main] INFO  controlador.GestionaUsuarios - Usuario [id=usr017, username=User017, email=user017@fitdroid.com, plan_activo=MENSUAL, dispositivo=android13, preferencias=null]
2025-12-17 12:53:37.401 [main] INFO  controlador.GestionaUsuarios - Usuario [id=usr018, username=User018, email=user018@fitdroid.com, plan_activo=TRIMESTRAL, dispositivo=iphone16, preferencias=null]
2025-12-17 12:53:37.401 [main] INFO  controlador.GestionaUsuarios - Usuario [id=usr019, username=User019, email=user019@fitdroid.com, plan_activo=ANUAL, dispositivo=android11, preferencias=null]
2025-12-17 12:53:37.401 [main] INFO  controlador.GestionaUsuarios - Usuario [id=usr020, username=User020, email=user020@fitdroid.com, plan_activo=VIP, dispositivo=iphone17, preferencias=null]
2025-12-17 12:53:37.402 [main] INFO  controlador.GestionaUsuarios - Usuario [id=usr021, username=User021, email=user021@fitdroid.com, plan_activo=FREE, dispositivo=android11, preferencias=null]
2025-12-17 12:53:37.402 [main] INFO  controlador.GestionaUsuarios - Usuario [id=usr022, username=User022, email=user022@fitdroid.com, plan_activo=MENSUAL, dispositivo=iphone17, preferencias=null]
2025-12-17 12:53:37.402 [main] INFO  controlador.GestionaUsuarios - Usuario [id=usr023, username=User023, email=user023@fitdroid.com, plan_activo=MENSUAL, dispositivo=android14, preferencias=null]
2025-12-17 12:53:37.402 [main] INFO  controlador.GestionaUsuarios - Usuario [id=usr024, username=User024, email=user024@fitdroid.com, plan_activo=ANUAL, dispositivo=android13, preferencias=null]
2025-12-17 12:53:37.402 [main] INFO  controlador.GestionaUsuarios - Usuario [id=usr025, username=User025, email=user025@fitdroid.com, plan_activo=VIP, dispositivo=iphone15, preferencias=null]
2025-12-17 12:53:37.402 [main] INFO  controlador.GestionaUsuarios - Usuario [id=usr026, username=User026, email=user026@fitdroid.com, plan_activo=FREE, dispositivo=iphone14, preferencias=null]
2025-12-17 12:53:37.403 [main] INFO  controlador.GestionaUsuarios - Usuario [id=usr027, username=User027, email=user027@fitdroid.com, plan_activo=MENSUAL, dispositivo=iphone17, preferencias=null]
2025-12-17 12:53:37.403 [main] INFO  controlador.GestionaUsuarios - Usuario [id=usr028, username=User028, email=user028@fitdroid.com, plan_activo=TRIMESTRAL, dispositivo=android13, preferencias=null]
2025-12-17 12:53:37.403 [main] INFO  controlador.GestionaUsuarios - Usuario [id=usr029, username=User029, email=user029@fitdroid.com, plan_activo=ANUAL, dispositivo=android14, preferencias=null]
2025-12-17 12:53:37.403 [main] INFO  controlador.GestionaUsuarios - Usuario [id=usr030, username=User030, email=user030@fitdroid.com, plan_activo=VIP, dispositivo=android11, preferencias=null]
2025-12-17 12:53:37.403 [main] INFO  controlador.GestionaUsuarios - Usuario [id=usr031, username=User031, email=user031@fitdroid.com, plan_activo=FREE, dispositivo=iphone15, preferencias=null]
2025-12-17 12:53:37.403 [main] INFO  controlador.GestionaUsuarios - Usuario [id=usr032, username=User032, email=user032@fitdroid.com, plan_activo=MENSUAL, dispositivo=android12, preferencias=null]
2025-12-17 12:53:37.403 [main] INFO  controlador.GestionaUsuarios - Usuario [id=usr033, username=User033, email=user033@fitdroid.com, plan_activo=TRIMESTRAL, dispositivo=android14, preferencias=null]
2025-12-17 12:53:37.403 [main] INFO  controlador.GestionaUsuarios - Usuario [id=usr034, username=User034, email=user034@fitdroid.com, plan_activo=ANUAL, dispositivo=iphone15, preferencias=null]
2025-12-17 12:53:37.403 [main] INFO  controlador.GestionaUsuarios - Usuario [id=usr035, username=User035, email=user035@fitdroid.com, plan_activo=VIP, dispositivo=iphone17, preferencias=null]
2025-12-17 12:53:37.403 [main] INFO  controlador.GestionaUsuarios - Usuario [id=usr036, username=User036, email=user036@fitdroid.com, plan_activo=FREE, dispositivo=android13, preferencias=null]
2025-12-17 12:53:37.403 [main] INFO  controlador.GestionaUsuarios - Usuario [id=usr037, username=User037, email=user037@fitdroid.com, plan_activo=MENSUAL, dispositivo=android13, preferencias=null]
2025-12-17 12:53:37.403 [main] INFO  controlador.GestionaUsuarios - Usuario [id=usr038, username=User038, email=user038@fitdroid.com, plan_activo=TRIMESTRAL, dispositivo=iphone14, preferencias=null]
2025-12-17 12:53:37.403 [main] INFO  controlador.GestionaUsuarios - Usuario [id=usr039, username=User039, email=user039@fitdroid.com, plan_activo=ANUAL, dispositivo=android14, preferencias=null]
2025-12-17 12:53:37.403 [main] INFO  controlador.GestionaUsuarios - Usuario [id=usr040, username=User040, email=user040@fitdroid.com, plan_activo=VIP, dispositivo=android14, preferencias=null]
2025-12-17 12:54:09.572 [main] INFO  controlador.GestionaUsuarios - Usuario [id=usr001, username=User001, email=user001@fitdroid.com, plan_activo=MENSUAL, dispositivo=android14, preferencias=null]
2025-12-17 12:54:09.576 [main] INFO  controlador.GestionaUsuarios - Usuario [id=usr002, username=User002, email=user002@fitdroid.com, plan_activo=MENSUAL, dispositivo=android11, preferencias=null]
2025-12-17 12:54:09.576 [main] INFO  controlador.GestionaUsuarios - Usuario [id=usr003, username=User003, email=user003@fitdroid.com, plan_activo=TRIMESTRAL, dispositivo=android12, preferencias=null]
2025-12-17 12:54:09.576 [main] INFO  controlador.GestionaUsuarios - Usuario [id=usr004, username=User004, email=user004@fitdroid.com, plan_activo=ANUAL, dispositivo=iphone16, preferencias=null]
2025-12-17 12:54:09.576 [main] INFO  controlador.GestionaUsuarios - Usuario [id=usr005, username=User005, email=user005@fitdroid.com, plan_activo=MENSUAL, dispositivo=android14, preferencias=null]
2025-12-17 12:54:09.576 [main] INFO  controlador.GestionaUsuarios - Usuario [id=usr006, username=User006, email=user006@fitdroid.com, plan_activo=FREE, dispositivo=android13, preferencias=null]
2025-12-17 12:54:09.576 [main] INFO  controlador.GestionaUsuarios - Usuario [id=usr007, username=User007, email=user007@fitdroid.com, plan_activo=MENSUAL, dispositivo=android11, preferencias=null]
2025-12-17 12:54:09.576 [main] INFO  controlador.GestionaUsuarios - Usuario [id=usr008, username=User008, email=user008@fitdroid.com, plan_activo=TRIMESTRAL, dispositivo=android11, preferencias=null]
2025-12-17 12:54:09.577 [main] INFO  controlador.GestionaUsuarios - Usuario [id=usr009, username=User009, email=user009@fitdroid.com, plan_activo=ANUAL, dispositivo=android12, preferencias=null]
2025-12-17 12:54:09.577 [main] INFO  controlador.GestionaUsuarios - Usuario [id=usr010, username=User010, email=user010@fitdroid.com, plan_activo=VIP, dispositivo=android13, preferencias=null]
2025-12-17 12:54:09.577 [main] INFO  controlador.GestionaUsuarios - Usuario [id=usr011, username=User011, email=user011@fitdroid.com, plan_activo=FREE, dispositivo=android13, preferencias=null]
2025-12-17 12:54:09.577 [main] INFO  controlador.GestionaUsuarios - Usuario [id=usr012, username=User012, email=user012@fitdroid.com, plan_activo=MENSUAL, dispositivo=iphone17, preferencias=null]
2025-12-17 12:54:09.577 [main] INFO  controlador.GestionaUsuarios - Usuario [id=usr013, username=User013, email=user013@fitdroid.com, plan_activo=TRIMESTRAL, dispositivo=android12, preferencias=null]
2025-12-17 12:54:09.577 [main] INFO  controlador.GestionaUsuarios - Usuario [id=usr014, username=User014, email=user014@fitdroid.com, plan_activo=ANUAL, dispositivo=android11, preferencias=null]
2025-12-17 12:54:09.577 [main] INFO  controlador.GestionaUsuarios - Usuario [id=usr015, username=User015, email=user015@fitdroid.com, plan_activo=VIP, dispositivo=android13, preferencias=null]
2025-12-17 12:54:09.577 [main] INFO  controlador.GestionaUsuarios - Usuario [id=usr016, username=User016, email=user016@fitdroid.com, plan_activo=FREE, dispositivo=iphone16, preferencias=null]
2025-12-17 12:54:09.577 [main] INFO  controlador.GestionaUsuarios - Usuario [id=usr017, username=User017, email=user017@fitdroid.com, plan_activo=MENSUAL, dispositivo=android13, preferencias=null]
2025-12-17 12:54:09.577 [main] INFO  controlador.GestionaUsuarios - Usuario [id=usr018, username=User018, email=user018@fitdroid.com, plan_activo=TRIMESTRAL, dispositivo=iphone16, preferencias=null]
2025-12-17 12:54:09.578 [main] INFO  controlador.GestionaUsuarios - Usuario [id=usr019, username=User019, email=user019@fitdroid.com, plan_activo=ANUAL, dispositivo=android11, preferencias=null]
2025-12-17 12:54:09.578 [main] INFO  controlador.GestionaUsuarios - Usuario [id=usr020, username=User020, email=user020@fitdroid.com, plan_activo=VIP, dispositivo=iphone17, preferencias=null]
2025-12-17 12:54:09.578 [main] INFO  controlador.GestionaUsuarios - Usuario [id=usr021, username=User021, email=user021@fitdroid.com, plan_activo=FREE, dispositivo=android11, preferencias=null]
2025-12-17 12:54:09.578 [main] INFO  controlador.GestionaUsuarios - Usuario [id=usr022, username=User022, email=user022@fitdroid.com, plan_activo=MENSUAL, dispositivo=iphone17, preferencias=null]
2025-12-17 12:54:09.578 [main] INFO  controlador.GestionaUsuarios - Usuario [id=usr023, username=User023, email=user023@fitdroid.com, plan_activo=MENSUAL, dispositivo=android14, preferencias=null]
2025-12-17 12:54:09.578 [main] INFO  controlador.GestionaUsuarios - Usuario [id=usr024, username=User024, email=user024@fitdroid.com, plan_activo=ANUAL, dispositivo=android13, preferencias=null]
2025-12-17 12:54:09.578 [main] INFO  controlador.GestionaUsuarios - Usuario [id=usr025, username=User025, email=user025@fitdroid.com, plan_activo=VIP, dispositivo=iphone15, preferencias=null]
2025-12-17 12:54:09.578 [main] INFO  controlador.GestionaUsuarios - Usuario [id=usr026, username=User026, email=user026@fitdroid.com, plan_activo=FREE, dispositivo=iphone14, preferencias=null]
2025-12-17 12:54:09.578 [main] INFO  controlador.GestionaUsuarios - Usuario [id=usr027, username=User027, email=user027@fitdroid.com, plan_activo=MENSUAL, dispositivo=iphone17, preferencias=null]
2025-12-17 12:54:09.578 [main] INFO  controlador.GestionaUsuarios - Usuario [id=usr028, username=User028, email=user028@fitdroid.com, plan_activo=TRIMESTRAL, dispositivo=android13, preferencias=null]
2025-12-17 12:54:09.578 [main] INFO  controlador.GestionaUsuarios - Usuario [id=usr029, username=User029, email=user029@fitdroid.com, plan_activo=ANUAL, dispositivo=android14, preferencias=null]
2025-12-17 12:54:09.578 [main] INFO  controlador.GestionaUsuarios - Usuario [id=usr030, username=User030, email=user030@fitdroid.com, plan_activo=VIP, dispositivo=android11, preferencias=null]
2025-12-17 12:54:09.578 [main] INFO  controlador.GestionaUsuarios - Usuario [id=usr031, username=User031, email=user031@fitdroid.com, plan_activo=FREE, dispositivo=iphone15, preferencias=null]
2025-12-17 12:54:09.579 [main] INFO  controlador.GestionaUsuarios - Usuario [id=usr032, username=User032, email=user032@fitdroid.com, plan_activo=MENSUAL, dispositivo=android12, preferencias=null]
2025-12-17 12:54:09.579 [main] INFO  controlador.GestionaUsuarios - Usuario [id=usr033, username=User033, email=user033@fitdroid.com, plan_activo=TRIMESTRAL, dispositivo=android14, preferencias=null]
2025-12-17 12:54:09.579 [main] INFO  controlador.GestionaUsuarios - Usuario [id=usr034, username=User034, email=user034@fitdroid.com, plan_activo=ANUAL, dispositivo=iphone15, preferencias=null]
2025-12-17 12:54:09.579 [main] INFO  controlador.GestionaUsuarios - Usuario [id=usr035, username=User035, email=user035@fitdroid.com, plan_activo=VIP, dispositivo=iphone17, preferencias=null]
2025-12-17 12:54:09.579 [main] INFO  controlador.GestionaUsuarios - Usuario [id=usr036, username=User036, email=user036@fitdroid.com, plan_activo=FREE, dispositivo=android13, preferencias=null]
2025-12-17 12:54:09.579 [main] INFO  controlador.GestionaUsuarios - Usuario [id=usr037, username=User037, email=user037@fitdroid.com, plan_activo=MENSUAL, dispositivo=android13, preferencias=null]
2025-12-17 12:54:09.579 [main] INFO  controlador.GestionaUsuarios - Usuario [id=usr038, username=User038, email=user038@fitdroid.com, plan_activo=TRIMESTRAL, dispositivo=iphone14, preferencias=null]
2025-12-17 12:54:09.579 [main] INFO  controlador.GestionaUsuarios - Usuario [id=usr039, username=User039, email=user039@fitdroid.com, plan_activo=ANUAL, dispositivo=android14, preferencias=null]
2025-12-17 12:54:09.579 [main] INFO  controlador.GestionaUsuarios - Usuario [id=usr040, username=User040, email=user040@fitdroid.com, plan_activo=VIP, dispositivo=android14, preferencias=null]
2025-12-17 12:54:09.609 [main] INFO  controlador.GestionaUsuarios - Usuario [id=usr002, username=User002, email=user002@fitdroid.com, plan_activo=MENSUAL, dispositivo=android11, preferencias=Preferencias [tema_oscuro=false, idioma=ES, notificaciones_push=true, limite_datos_moviles=false]]
2025-12-17 12:54:09.642 [main] INFO  controlador.GestionaUsuarios - Usuario [id=usr001, username=User001, email=user001@fitdroid.com, plan_activo=MENSUAL, dispositivo=android14, preferencias=null]
2025-12-17 12:54:09.643 [main] INFO  controlador.GestionaUsuarios - Usuario [id=usr002, username=User002, email=user002@fitdroid.com, plan_activo=MENSUAL, dispositivo=android11, preferencias=null]
2025-12-17 12:54:09.643 [main] INFO  controlador.GestionaUsuarios - Usuario [id=usr003, username=User003, email=user003@fitdroid.com, plan_activo=TRIMESTRAL, dispositivo=android12, preferencias=null]
2025-12-17 12:54:09.643 [main] INFO  controlador.GestionaUsuarios - Usuario [id=usr004, username=User004, email=user004@fitdroid.com, plan_activo=ANUAL, dispositivo=iphone16, preferencias=null]
2025-12-17 12:54:09.643 [main] INFO  controlador.GestionaUsuarios - Usuario [id=usr005, username=User005, email=user005@fitdroid.com, plan_activo=MENSUAL, dispositivo=android14, preferencias=null]
2025-12-17 12:54:09.643 [main] INFO  controlador.GestionaUsuarios - Usuario [id=usr006, username=User006, email=user006@fitdroid.com, plan_activo=FREE, dispositivo=android13, preferencias=null]
2025-12-17 12:54:09.643 [main] INFO  controlador.GestionaUsuarios - Usuario [id=usr007, username=User007, email=user007@fitdroid.com, plan_activo=MENSUAL, dispositivo=android11, preferencias=null]
2025-12-17 12:54:09.643 [main] INFO  controlador.GestionaUsuarios - Usuario [id=usr008, username=User008, email=user008@fitdroid.com, plan_activo=TRIMESTRAL, dispositivo=android11, preferencias=null]
2025-12-17 12:54:09.643 [main] INFO  controlador.GestionaUsuarios - Usuario [id=usr009, username=User009, email=user009@fitdroid.com, plan_activo=ANUAL, dispositivo=android12, preferencias=null]
2025-12-17 12:54:09.644 [main] INFO  controlador.GestionaUsuarios - Usuario [id=usr010, username=User010, email=user010@fitdroid.com, plan_activo=VIP, dispositivo=android13, preferencias=null]
2025-12-17 12:54:09.644 [main] INFO  controlador.GestionaUsuarios - Usuario [id=usr011, username=User011, email=user011@fitdroid.com, plan_activo=FREE, dispositivo=android13, preferencias=null]
2025-12-17 12:54:09.644 [main] INFO  controlador.GestionaUsuarios - Usuario [id=usr012, username=User012, email=user012@fitdroid.com, plan_activo=MENSUAL, dispositivo=iphone17, preferencias=null]
2025-12-17 12:54:09.644 [main] INFO  controlador.GestionaUsuarios - Usuario [id=usr013, username=User013, email=user013@fitdroid.com, plan_activo=TRIMESTRAL, dispositivo=android12, preferencias=null]
2025-12-17 12:54:09.644 [main] INFO  controlador.GestionaUsuarios - Usuario [id=usr014, username=User014, email=user014@fitdroid.com, plan_activo=ANUAL, dispositivo=android11, preferencias=null]
2025-12-17 12:54:09.644 [main] INFO  controlador.GestionaUsuarios - Usuario [id=usr015, username=User015, email=user015@fitdroid.com, plan_activo=VIP, dispositivo=android13, preferencias=null]
2025-12-17 12:54:09.644 [main] INFO  controlador.GestionaUsuarios - Usuario [id=usr016, username=User016, email=user016@fitdroid.com, plan_activo=FREE, dispositivo=iphone16, preferencias=null]
2025-12-17 12:54:09.644 [main] INFO  controlador.GestionaUsuarios - Usuario [id=usr017, username=User017, email=user017@fitdroid.com, plan_activo=MENSUAL, dispositivo=android13, preferencias=null]
2025-12-17 12:54:09.644 [main] INFO  controlador.GestionaUsuarios - Usuario [id=usr018, username=User018, email=user018@fitdroid.com, plan_activo=TRIMESTRAL, dispositivo=iphone16, preferencias=null]
2025-12-17 12:54:09.644 [main] INFO  controlador.GestionaUsuarios - Usuario [id=usr019, username=User019, email=user019@fitdroid.com, plan_activo=ANUAL, dispositivo=android11, preferencias=null]
2025-12-17 12:54:09.644 [main] INFO  controlador.GestionaUsuarios - Usuario [id=usr020, username=User020, email=user020@fitdroid.com, plan_activo=VIP, dispositivo=iphone17, preferencias=null]
2025-12-17 12:54:09.644 [main] INFO  controlador.GestionaUsuarios - Usuario [id=usr021, username=User021, email=user021@fitdroid.com, plan_activo=FREE, dispositivo=android11, preferencias=null]
2025-12-17 12:54:09.645 [main] INFO  controlador.GestionaUsuarios - Usuario [id=usr022, username=User022, email=user022@fitdroid.com, plan_activo=MENSUAL, dispositivo=iphone17, preferencias=null]
2025-12-17 12:54:09.645 [main] INFO  controlador.GestionaUsuarios - Usuario [id=usr023, username=User023, email=user023@fitdroid.com, plan_activo=MENSUAL, dispositivo=android14, preferencias=null]
2025-12-17 12:54:09.645 [main] INFO  controlador.GestionaUsuarios - Usuario [id=usr024, username=User024, email=user024@fitdroid.com, plan_activo=ANUAL, dispositivo=android13, preferencias=null]
2025-12-17 12:54:09.645 [main] INFO  controlador.GestionaUsuarios - Usuario [id=usr025, username=User025, email=user025@fitdroid.com, plan_activo=VIP, dispositivo=iphone15, preferencias=null]
2025-12-17 12:54:09.645 [main] INFO  controlador.GestionaUsuarios - Usuario [id=usr026, username=User026, email=user026@fitdroid.com, plan_activo=FREE, dispositivo=iphone14, preferencias=null]
2025-12-17 12:54:09.645 [main] INFO  controlador.GestionaUsuarios - Usuario [id=usr027, username=User027, email=user027@fitdroid.com, plan_activo=MENSUAL, dispositivo=iphone17, preferencias=null]
2025-12-17 12:54:09.645 [main] INFO  controlador.GestionaUsuarios - Usuario [id=usr028, username=User028, email=user028@fitdroid.com, plan_activo=TRIMESTRAL, dispositivo=android13, preferencias=null]
2025-12-17 12:54:09.645 [main] INFO  controlador.GestionaUsuarios - Usuario [id=usr029, username=User029, email=user029@fitdroid.com, plan_activo=ANUAL, dispositivo=android14, preferencias=null]
2025-12-17 12:54:09.645 [main] INFO  controlador.GestionaUsuarios - Usuario [id=usr030, username=User030, email=user030@fitdroid.com, plan_activo=VIP, dispositivo=android11, preferencias=null]
2025-12-17 12:54:09.646 [main] INFO  controlador.GestionaUsuarios - Usuario [id=usr031, username=User031, email=user031@fitdroid.com, plan_activo=FREE, dispositivo=iphone15, preferencias=null]
2025-12-17 12:54:09.646 [main] INFO  controlador.GestionaUsuarios - Usuario [id=usr032, username=User032, email=user032@fitdroid.com, plan_activo=MENSUAL, dispositivo=android12, preferencias=null]
2025-12-17 12:54:09.646 [main] INFO  controlador.GestionaUsuarios - Usuario [id=usr033, username=User033, email=user033@fitdroid.com, plan_activo=TRIMESTRAL, dispositivo=android14, preferencias=null]
2025-12-17 12:54:09.646 [main] INFO  controlador.GestionaUsuarios - Usuario [id=usr034, username=User034, email=user034@fitdroid.com, plan_activo=ANUAL, dispositivo=iphone15, preferencias=null]
2025-12-17 12:54:09.646 [main] INFO  controlador.GestionaUsuarios - Usuario [id=usr035, username=User035, email=user035@fitdroid.com, plan_activo=VIP, dispositivo=iphone17, preferencias=null]
2025-12-17 12:54:09.646 [main] INFO  controlador.GestionaUsuarios - Usuario [id=usr036, username=User036, email=user036@fitdroid.com, plan_activo=FREE, dispositivo=android13, preferencias=null]
2025-12-17 12:54:09.646 [main] INFO  controlador.GestionaUsuarios - Usuario [id=usr037, username=User037, email=user037@fitdroid.com, plan_activo=MENSUAL, dispositivo=android13, preferencias=null]
2025-12-17 12:54:09.646 [main] INFO  controlador.GestionaUsuarios - Usuario [id=usr038, username=User038, email=user038@fitdroid.com, plan_activo=TRIMESTRAL, dispositivo=iphone14, preferencias=null]
2025-12-17 12:54:09.646 [main] INFO  controlador.GestionaUsuarios - Usuario [id=usr039, username=User039, email=user039@fitdroid.com, plan_activo=ANUAL, dispositivo=android14, preferencias=null]
2025-12-17 12:54:09.646 [main] INFO  controlador.GestionaUsuarios - Usuario [id=usr040, username=User040, email=user040@fitdroid.com, plan_activo=VIP, dispositivo=android14, preferencias=null]
2025-12-17 12:56:39.015 [main] INFO  controlador.GestionaUsuarios - Usuario [id=usr001, username=User001, email=user001@fitdroid.com, plan_activo=MENSUAL, dispositivo=android14, preferencias=null]
2025-12-17 12:56:39.018 [main] INFO  controlador.GestionaUsuarios - Usuario [id=usr002, username=User002, email=user002@fitdroid.com, plan_activo=MENSUAL, dispositivo=android11, preferencias=null]
2025-12-17 12:56:39.019 [main] INFO  controlador.GestionaUsuarios - Usuario [id=usr003, username=User003, email=user003@fitdroid.com, plan_activo=TRIMESTRAL, dispositivo=android12, preferencias=null]
2025-12-17 12:56:39.019 [main] INFO  controlador.GestionaUsuarios - Usuario [id=usr004, username=User004, email=user004@fitdroid.com, plan_activo=ANUAL, dispositivo=iphone16, preferencias=null]
2025-12-17 12:56:39.019 [main] INFO  controlador.GestionaUsuarios - Usuario [id=usr005, username=User005, email=user005@fitdroid.com, plan_activo=MENSUAL, dispositivo=android14, preferencias=null]
2025-12-17 12:56:39.019 [main] INFO  controlador.GestionaUsuarios - Usuario [id=usr006, username=User006, email=user006@fitdroid.com, plan_activo=FREE, dispositivo=android13, preferencias=null]
2025-12-17 12:56:39.019 [main] INFO  controlador.GestionaUsuarios - Usuario [id=usr007, username=User007, email=user007@fitdroid.com, plan_activo=MENSUAL, dispositivo=android11, preferencias=null]
2025-12-17 12:56:39.019 [main] INFO  controlador.GestionaUsuarios - Usuario [id=usr008, username=User008, email=user008@fitdroid.com, plan_activo=TRIMESTRAL, dispositivo=android11, preferencias=null]
2025-12-17 12:56:39.020 [main] INFO  controlador.GestionaUsuarios - Usuario [id=usr009, username=User009, email=user009@fitdroid.com, plan_activo=ANUAL, dispositivo=android12, preferencias=null]
2025-12-17 12:56:39.020 [main] INFO  controlador.GestionaUsuarios - Usuario [id=usr010, username=User010, email=user010@fitdroid.com, plan_activo=VIP, dispositivo=android13, preferencias=null]
2025-12-17 12:56:39.020 [main] INFO  controlador.GestionaUsuarios - Usuario [id=usr011, username=User011, email=user011@fitdroid.com, plan_activo=FREE, dispositivo=android13, preferencias=null]
2025-12-17 12:56:39.020 [main] INFO  controlador.GestionaUsuarios - Usuario [id=usr012, username=User012, email=user012@fitdroid.com, plan_activo=MENSUAL, dispositivo=iphone17, preferencias=null]
2025-12-17 12:56:39.020 [main] INFO  controlador.GestionaUsuarios - Usuario [id=usr013, username=User013, email=user013@fitdroid.com, plan_activo=TRIMESTRAL, dispositivo=android12, preferencias=null]
2025-12-17 12:56:39.020 [main] INFO  controlador.GestionaUsuarios - Usuario [id=usr014, username=User014, email=user014@fitdroid.com, plan_activo=ANUAL, dispositivo=android11, preferencias=null]
2025-12-17 12:56:39.020 [main] INFO  controlador.GestionaUsuarios - Usuario [id=usr015, username=User015, email=user015@fitdroid.com, plan_activo=VIP, dispositivo=android13, preferencias=null]
2025-12-17 12:56:39.020 [main] INFO  controlador.GestionaUsuarios - Usuario [id=usr016, username=User016, email=user016@fitdroid.com, plan_activo=FREE, dispositivo=iphone16, preferencias=null]
2025-12-17 12:56:39.020 [main] INFO  controlador.GestionaUsuarios - Usuario [id=usr017, username=User017, email=user017@fitdroid.com, plan_activo=MENSUAL, dispositivo=android13, preferencias=null]
2025-12-17 12:56:39.020 [main] INFO  controlador.GestionaUsuarios - Usuario [id=usr018, username=User018, email=user018@fitdroid.com, plan_activo=TRIMESTRAL, dispositivo=iphone16, preferencias=null]
2025-12-17 12:56:39.020 [main] INFO  controlador.GestionaUsuarios - Usuario [id=usr019, username=User019, email=user019@fitdroid.com, plan_activo=ANUAL, dispositivo=android11, preferencias=null]
2025-12-17 12:56:39.021 [main] INFO  controlador.GestionaUsuarios - Usuario [id=usr020, username=User020, email=user020@fitdroid.com, plan_activo=VIP, dispositivo=iphone17, preferencias=null]
2025-12-17 12:56:39.021 [main] INFO  controlador.GestionaUsuarios - Usuario [id=usr021, username=User021, email=user021@fitdroid.com, plan_activo=FREE, dispositivo=android11, preferencias=null]
2025-12-17 12:56:39.021 [main] INFO  controlador.GestionaUsuarios - Usuario [id=usr022, username=User022, email=user022@fitdroid.com, plan_activo=MENSUAL, dispositivo=iphone17, preferencias=null]
2025-12-17 12:56:39.021 [main] INFO  controlador.GestionaUsuarios - Usuario [id=usr023, username=User023, email=user023@fitdroid.com, plan_activo=MENSUAL, dispositivo=android14, preferencias=null]
2025-12-17 12:56:39.021 [main] INFO  controlador.GestionaUsuarios - Usuario [id=usr024, username=User024, email=user024@fitdroid.com, plan_activo=ANUAL, dispositivo=android13, preferencias=null]
2025-12-17 12:56:39.021 [main] INFO  controlador.GestionaUsuarios - Usuario [id=usr025, username=User025, email=user025@fitdroid.com, plan_activo=VIP, dispositivo=iphone15, preferencias=null]
2025-12-17 12:56:39.021 [main] INFO  controlador.GestionaUsuarios - Usuario [id=usr026, username=User026, email=user026@fitdroid.com, plan_activo=FREE, dispositivo=iphone14, preferencias=null]
2025-12-17 12:56:39.021 [main] INFO  controlador.GestionaUsuarios - Usuario [id=usr027, username=User027, email=user027@fitdroid.com, plan_activo=MENSUAL, dispositivo=iphone17, preferencias=null]
2025-12-17 12:56:39.021 [main] INFO  controlador.GestionaUsuarios - Usuario [id=usr028, username=User028, email=user028@fitdroid.com, plan_activo=TRIMESTRAL, dispositivo=android13, preferencias=null]
2025-12-17 12:56:39.021 [main] INFO  controlador.GestionaUsuarios - Usuario [id=usr029, username=User029, email=user029@fitdroid.com, plan_activo=ANUAL, dispositivo=android14, preferencias=null]
2025-12-17 12:56:39.021 [main] INFO  controlador.GestionaUsuarios - Usuario [id=usr030, username=User030, email=user030@fitdroid.com, plan_activo=VIP, dispositivo=android11, preferencias=null]
2025-12-17 12:56:39.021 [main] INFO  controlador.GestionaUsuarios - Usuario [id=usr031, username=User031, email=user031@fitdroid.com, plan_activo=FREE, dispositivo=iphone15, preferencias=null]
2025-12-17 12:56:39.021 [main] INFO  controlador.GestionaUsuarios - Usuario [id=usr032, username=User032, email=user032@fitdroid.com, plan_activo=MENSUAL, dispositivo=android12, preferencias=null]
2025-12-17 12:56:39.022 [main] INFO  controlador.GestionaUsuarios - Usuario [id=usr033, username=User033, email=user033@fitdroid.com, plan_activo=TRIMESTRAL, dispositivo=android14, preferencias=null]
2025-12-17 12:56:39.022 [main] INFO  controlador.GestionaUsuarios - Usuario [id=usr034, username=User034, email=user034@fitdroid.com, plan_activo=ANUAL, dispositivo=iphone15, preferencias=null]
2025-12-17 12:56:39.022 [main] INFO  controlador.GestionaUsuarios - Usuario [id=usr035, username=User035, email=user035@fitdroid.com, plan_activo=VIP, dispositivo=iphone17, preferencias=null]
2025-12-17 12:56:39.022 [main] INFO  controlador.GestionaUsuarios - Usuario [id=usr036, username=User036, email=user036@fitdroid.com, plan_activo=FREE, dispositivo=android13, preferencias=null]
2025-12-17 12:56:39.022 [main] INFO  controlador.GestionaUsuarios - Usuario [id=usr037, username=User037, email=user037@fitdroid.com, plan_activo=MENSUAL, dispositivo=android13, preferencias=null]
2025-12-17 12:56:39.022 [main] INFO  controlador.GestionaUsuarios - Usuario [id=usr038, username=User038, email=user038@fitdroid.com, plan_activo=TRIMESTRAL, dispositivo=iphone14, preferencias=null]
2025-12-17 12:56:39.022 [main] INFO  controlador.GestionaUsuarios - Usuario [id=usr039, username=User039, email=user039@fitdroid.com, plan_activo=ANUAL, dispositivo=android14, preferencias=null]
2025-12-17 12:56:39.022 [main] INFO  controlador.GestionaUsuarios - Usuario [id=usr040, username=User040, email=user040@fitdroid.com, plan_activo=VIP, dispositivo=android14, preferencias=null]
2025-12-17 12:56:39.050 [main] INFO  controlador.GestionaUsuarios - Usuario [id=usr002, username=User002, email=user002@fitdroid.com, plan_activo=MENSUAL, dispositivo=android11, preferencias=Preferencias [tema_oscuro=false, idioma=ES, notificaciones_push=true, limite_datos_moviles=false]]
2025-12-17 12:56:39.084 [main] INFO  controlador.GestionaUsuarios - Usuario [id=usr001, username=User001, email=user001@fitdroid.com, plan_activo=MENSUAL, dispositivo=android14, preferencias=null]
2025-12-17 12:56:39.085 [main] INFO  controlador.GestionaUsuarios - Usuario [id=usr002, username=User002, email=user002@fitdroid.com, plan_activo=MENSUAL, dispositivo=android11, preferencias=null]
2025-12-17 12:56:39.085 [main] INFO  controlador.GestionaUsuarios - Usuario [id=usr003, username=User003, email=user003@fitdroid.com, plan_activo=TRIMESTRAL, dispositivo=android12, preferencias=null]
2025-12-17 12:56:39.085 [main] INFO  controlador.GestionaUsuarios - Usuario [id=usr004, username=User004, email=user004@fitdroid.com, plan_activo=ANUAL, dispositivo=iphone16, preferencias=null]
2025-12-17 12:56:39.085 [main] INFO  controlador.GestionaUsuarios - Usuario [id=usr005, username=User005, email=user005@fitdroid.com, plan_activo=MENSUAL, dispositivo=android14, preferencias=null]
2025-12-17 12:56:39.085 [main] INFO  controlador.GestionaUsuarios - Usuario [id=usr006, username=User006, email=user006@fitdroid.com, plan_activo=FREE, dispositivo=android13, preferencias=null]
2025-12-17 12:56:39.085 [main] INFO  controlador.GestionaUsuarios - Usuario [id=usr007, username=User007, email=user007@fitdroid.com, plan_activo=MENSUAL, dispositivo=android11, preferencias=null]
2025-12-17 12:56:39.085 [main] INFO  controlador.GestionaUsuarios - Usuario [id=usr008, username=User008, email=user008@fitdroid.com, plan_activo=TRIMESTRAL, dispositivo=android11, preferencias=null]
2025-12-17 12:56:39.085 [main] INFO  controlador.GestionaUsuarios - Usuario [id=usr009, username=User009, email=user009@fitdroid.com, plan_activo=ANUAL, dispositivo=android12, preferencias=null]
2025-12-17 12:56:39.086 [main] INFO  controlador.GestionaUsuarios - Usuario [id=usr010, username=User010, email=user010@fitdroid.com, plan_activo=VIP, dispositivo=android13, preferencias=null]
2025-12-17 12:56:39.086 [main] INFO  controlador.GestionaUsuarios - Usuario [id=usr011, username=User011, email=user011@fitdroid.com, plan_activo=FREE, dispositivo=android13, preferencias=null]
2025-12-17 12:56:39.086 [main] INFO  controlador.GestionaUsuarios - Usuario [id=usr012, username=User012, email=user012@fitdroid.com, plan_activo=MENSUAL, dispositivo=iphone17, preferencias=null]
2025-12-17 12:56:39.086 [main] INFO  controlador.GestionaUsuarios - Usuario [id=usr013, username=User013, email=user013@fitdroid.com, plan_activo=TRIMESTRAL, dispositivo=android12, preferencias=null]
2025-12-17 12:56:39.086 [main] INFO  controlador.GestionaUsuarios - Usuario [id=usr014, username=User014, email=user014@fitdroid.com, plan_activo=ANUAL, dispositivo=android11, preferencias=null]
2025-12-17 12:56:39.086 [main] INFO  controlador.GestionaUsuarios - Usuario [id=usr015, username=User015, email=user015@fitdroid.com, plan_activo=VIP, dispositivo=android13, preferencias=null]
2025-12-17 12:56:39.086 [main] INFO  controlador.GestionaUsuarios - Usuario [id=usr016, username=User016, email=user016@fitdroid.com, plan_activo=FREE, dispositivo=iphone16, preferencias=null]
2025-12-17 12:56:39.086 [main] INFO  controlador.GestionaUsuarios - Usuario [id=usr017, username=User017, email=user017@fitdroid.com, plan_activo=MENSUAL, dispositivo=android13, preferencias=null]
2025-12-17 12:56:39.086 [main] INFO  controlador.GestionaUsuarios - Usuario [id=usr018, username=User018, email=user018@fitdroid.com, plan_activo=TRIMESTRAL, dispositivo=iphone16, preferencias=null]
2025-12-17 12:56:39.086 [main] INFO  controlador.GestionaUsuarios - Usuario [id=usr019, username=User019, email=user019@fitdroid.com, plan_activo=ANUAL, dispositivo=android11, preferencias=null]
2025-12-17 12:56:39.086 [main] INFO  controlador.GestionaUsuarios - Usuario [id=usr020, username=User020, email=user020@fitdroid.com, plan_activo=VIP, dispositivo=iphone17, preferencias=null]
2025-12-17 12:56:39.086 [main] INFO  controlador.GestionaUsuarios - Usuario [id=usr021, username=User021, email=user021@fitdroid.com, plan_activo=FREE, dispositivo=android11, preferencias=null]
2025-12-17 12:56:39.087 [main] INFO  controlador.GestionaUsuarios - Usuario [id=usr022, username=User022, email=user022@fitdroid.com, plan_activo=MENSUAL, dispositivo=iphone17, preferencias=null]
2025-12-17 12:56:39.087 [main] INFO  controlador.GestionaUsuarios - Usuario [id=usr023, username=User023, email=user023@fitdroid.com, plan_activo=MENSUAL, dispositivo=android14, preferencias=null]
2025-12-17 12:56:39.087 [main] INFO  controlador.GestionaUsuarios - Usuario [id=usr024, username=User024, email=user024@fitdroid.com, plan_activo=ANUAL, dispositivo=android13, preferencias=null]
2025-12-17 12:56:39.087 [main] INFO  controlador.GestionaUsuarios - Usuario [id=usr025, username=User025, email=user025@fitdroid.com, plan_activo=VIP, dispositivo=iphone15, preferencias=null]
2025-12-17 12:56:39.088 [main] INFO  controlador.GestionaUsuarios - Usuario [id=usr026, username=User026, email=user026@fitdroid.com, plan_activo=FREE, dispositivo=iphone14, preferencias=null]
2025-12-17 12:56:39.088 [main] INFO  controlador.GestionaUsuarios - Usuario [id=usr027, username=User027, email=user027@fitdroid.com, plan_activo=MENSUAL, dispositivo=iphone17, preferencias=null]
2025-12-17 12:56:39.088 [main] INFO  controlador.GestionaUsuarios - Usuario [id=usr028, username=User028, email=user028@fitdroid.com, plan_activo=TRIMESTRAL, dispositivo=android13, preferencias=null]
2025-12-17 12:56:39.088 [main] INFO  controlador.GestionaUsuarios - Usuario [id=usr029, username=User029, email=user029@fitdroid.com, plan_activo=ANUAL, dispositivo=android14, preferencias=null]
2025-12-17 12:56:39.088 [main] INFO  controlador.GestionaUsuarios - Usuario [id=usr030, username=User030, email=user030@fitdroid.com, plan_activo=VIP, dispositivo=android11, preferencias=null]
2025-12-17 12:56:39.088 [main] INFO  controlador.GestionaUsuarios - Usuario [id=usr031, username=User031, email=user031@fitdroid.com, plan_activo=FREE, dispositivo=iphone15, preferencias=null]
2025-12-17 12:56:39.088 [main] INFO  controlador.GestionaUsuarios - Usuario [id=usr032, username=User032, email=user032@fitdroid.com, plan_activo=MENSUAL, dispositivo=android12, preferencias=null]
2025-12-17 12:56:39.088 [main] INFO  controlador.GestionaUsuarios - Usuario [id=usr033, username=User033, email=user033@fitdroid.com, plan_activo=TRIMESTRAL, dispositivo=android14, preferencias=null]
2025-12-17 12:56:39.088 [main] INFO  controlador.GestionaUsuarios - Usuario [id=usr034, username=User034, email=user034@fitdroid.com, plan_activo=ANUAL, dispositivo=iphone15, preferencias=null]
2025-12-17 12:56:39.088 [main] INFO  controlador.GestionaUsuarios - Usuario [id=usr035, username=User035, email=user035@fitdroid.com, plan_activo=VIP, dispositivo=iphone17, preferencias=null]
2025-12-17 12:56:39.088 [main] INFO  controlador.GestionaUsuarios - Usuario [id=usr036, username=User036, email=user036@fitdroid.com, plan_activo=FREE, dispositivo=android13, preferencias=null]
2025-12-17 12:56:39.088 [main] INFO  controlador.GestionaUsuarios - Usuario [id=usr037, username=User037, email=user037@fitdroid.com, plan_activo=MENSUAL, dispositivo=android13, preferencias=null]
2025-12-17 12:56:39.088 [main] INFO  controlador.GestionaUsuarios - Usuario [id=usr038, username=User038, email=user038@fitdroid.com, plan_activo=TRIMESTRAL, dispositivo=iphone14, preferencias=null]
2025-12-17 12:56:39.088 [main] INFO  controlador.GestionaUsuarios - Usuario [id=usr039, username=User039, email=user039@fitdroid.com, plan_activo=ANUAL, dispositivo=android14, preferencias=null]
2025-12-17 12:56:39.088 [main] INFO  controlador.GestionaUsuarios - Usuario [id=usr040, username=User040, email=user040@fitdroid.com, plan_activo=VIP, dispositivo=android14, preferencias=null]
2025-12-17 12:58:15.965 [main] INFO  controlador.GestionaUsuarios - Usuario [id=usr001, username=User001, email=user001@fitdroid.com, plan_activo=MENSUAL, dispositivo=android14, preferencias=null]
2025-12-17 12:58:15.968 [main] INFO  controlador.GestionaUsuarios - Usuario [id=usr002, username=User002, email=user002@fitdroid.com, plan_activo=MENSUAL, dispositivo=android11, preferencias=null]
2025-12-17 12:58:15.968 [main] INFO  controlador.GestionaUsuarios - Usuario [id=usr003, username=User003, email=user003@fitdroid.com, plan_activo=TRIMESTRAL, dispositivo=android12, preferencias=null]
2025-12-17 12:58:15.968 [main] INFO  controlador.GestionaUsuarios - Usuario [id=usr004, username=User004, email=user004@fitdroid.com, plan_activo=ANUAL, dispositivo=iphone16, preferencias=null]
2025-12-17 12:58:15.968 [main] INFO  controlador.GestionaUsuarios - Usuario [id=usr005, username=User005, email=user005@fitdroid.com, plan_activo=MENSUAL, dispositivo=android14, preferencias=null]
2025-12-17 12:58:15.968 [main] INFO  controlador.GestionaUsuarios - Usuario [id=usr006, username=User006, email=user006@fitdroid.com, plan_activo=FREE, dispositivo=android13, preferencias=null]
2025-12-17 12:58:15.968 [main] INFO  controlador.GestionaUsuarios - Usuario [id=usr007, username=User007, email=user007@fitdroid.com, plan_activo=MENSUAL, dispositivo=android11, preferencias=null]
2025-12-17 12:58:15.968 [main] INFO  controlador.GestionaUsuarios - Usuario [id=usr008, username=User008, email=user008@fitdroid.com, plan_activo=TRIMESTRAL, dispositivo=android11, preferencias=null]
2025-12-17 12:58:15.968 [main] INFO  controlador.GestionaUsuarios - Usuario [id=usr009, username=User009, email=user009@fitdroid.com, plan_activo=ANUAL, dispositivo=android12, preferencias=null]
2025-12-17 12:58:15.969 [main] INFO  controlador.GestionaUsuarios - Usuario [id=usr010, username=User010, email=user010@fitdroid.com, plan_activo=VIP, dispositivo=android13, preferencias=null]
2025-12-17 12:58:15.969 [main] INFO  controlador.GestionaUsuarios - Usuario [id=usr011, username=User011, email=user011@fitdroid.com, plan_activo=FREE, dispositivo=android13, preferencias=null]
2025-12-17 12:58:15.969 [main] INFO  controlador.GestionaUsuarios - Usuario [id=usr012, username=User012, email=user012@fitdroid.com, plan_activo=MENSUAL, dispositivo=iphone17, preferencias=null]
2025-12-17 12:58:15.969 [main] INFO  controlador.GestionaUsuarios - Usuario [id=usr013, username=User013, email=user013@fitdroid.com, plan_activo=TRIMESTRAL, dispositivo=android12, preferencias=null]
2025-12-17 12:58:15.969 [main] INFO  controlador.GestionaUsuarios - Usuario [id=usr014, username=User014, email=user014@fitdroid.com, plan_activo=ANUAL, dispositivo=android11, preferencias=null]
2025-12-17 12:58:15.969 [main] INFO  controlador.GestionaUsuarios - Usuario [id=usr015, username=User015, email=user015@fitdroid.com, plan_activo=VIP, dispositivo=android13, preferencias=null]
2025-12-17 12:58:15.969 [main] INFO  controlador.GestionaUsuarios - Usuario [id=usr016, username=User016, email=user016@fitdroid.com, plan_activo=FREE, dispositivo=iphone16, preferencias=null]
2025-12-17 12:58:15.969 [main] INFO  controlador.GestionaUsuarios - Usuario [id=usr017, username=User017, email=user017@fitdroid.com, plan_activo=MENSUAL, dispositivo=android13, preferencias=null]
2025-12-17 12:58:15.969 [main] INFO  controlador.GestionaUsuarios - Usuario [id=usr018, username=User018, email=user018@fitdroid.com, plan_activo=TRIMESTRAL, dispositivo=iphone16, preferencias=null]
2025-12-17 12:58:15.969 [main] INFO  controlador.GestionaUsuarios - Usuario [id=usr019, username=User019, email=user019@fitdroid.com, plan_activo=ANUAL, dispositivo=android11, preferencias=null]
2025-12-17 12:58:15.969 [main] INFO  controlador.GestionaUsuarios - Usuario [id=usr020, username=User020, email=user020@fitdroid.com, plan_activo=VIP, dispositivo=iphone17, preferencias=null]
2025-12-17 12:58:15.969 [main] INFO  controlador.GestionaUsuarios - Usuario [id=usr021, username=User021, email=user021@fitdroid.com, plan_activo=FREE, dispositivo=android11, preferencias=null]
2025-12-17 12:58:15.970 [main] INFO  controlador.GestionaUsuarios - Usuario [id=usr022, username=User022, email=user022@fitdroid.com, plan_activo=MENSUAL, dispositivo=iphone17, preferencias=null]
2025-12-17 12:58:15.970 [main] INFO  controlador.GestionaUsuarios - Usuario [id=usr023, username=User023, email=user023@fitdroid.com, plan_activo=MENSUAL, dispositivo=android14, preferencias=null]
2025-12-17 12:58:15.970 [main] INFO  controlador.GestionaUsuarios - Usuario [id=usr024, username=User024, email=user024@fitdroid.com, plan_activo=ANUAL, dispositivo=android13, preferencias=null]
2025-12-17 12:58:15.970 [main] INFO  controlador.GestionaUsuarios - Usuario [id=usr025, username=User025, email=user025@fitdroid.com, plan_activo=VIP, dispositivo=iphone15, preferencias=null]
2025-12-17 12:58:15.970 [main] INFO  controlador.GestionaUsuarios - Usuario [id=usr026, username=User026, email=user026@fitdroid.com, plan_activo=FREE, dispositivo=iphone14, preferencias=null]
2025-12-17 12:58:15.970 [main] INFO  controlador.GestionaUsuarios - Usuario [id=usr027, username=User027, email=user027@fitdroid.com, plan_activo=MENSUAL, dispositivo=iphone17, preferencias=null]
2025-12-17 12:58:15.970 [main] INFO  controlador.GestionaUsuarios - Usuario [id=usr028, username=User028, email=user028@fitdroid.com, plan_activo=TRIMESTRAL, dispositivo=android13, preferencias=null]
2025-12-17 12:58:15.970 [main] INFO  controlador.GestionaUsuarios - Usuario [id=usr029, username=User029, email=user029@fitdroid.com, plan_activo=ANUAL, dispositivo=android14, preferencias=null]
2025-12-17 12:58:15.970 [main] INFO  controlador.GestionaUsuarios - Usuario [id=usr030, username=User030, email=user030@fitdroid.com, plan_activo=VIP, dispositivo=android11, preferencias=null]
2025-12-17 12:58:15.970 [main] INFO  controlador.GestionaUsuarios - Usuario [id=usr031, username=User031, email=user031@fitdroid.com, plan_activo=FREE, dispositivo=iphone15, preferencias=null]
2025-12-17 12:58:15.970 [main] INFO  controlador.GestionaUsuarios - Usuario [id=usr032, username=User032, email=user032@fitdroid.com, plan_activo=MENSUAL, dispositivo=android12, preferencias=null]
2025-12-17 12:58:15.970 [main] INFO  controlador.GestionaUsuarios - Usuario [id=usr033, username=User033, email=user033@fitdroid.com, plan_activo=TRIMESTRAL, dispositivo=android14, preferencias=null]
2025-12-17 12:58:15.970 [main] INFO  controlador.GestionaUsuarios - Usuario [id=usr034, username=User034, email=user034@fitdroid.com, plan_activo=ANUAL, dispositivo=iphone15, preferencias=null]
2025-12-17 12:58:15.971 [main] INFO  controlador.GestionaUsuarios - Usuario [id=usr035, username=User035, email=user035@fitdroid.com, plan_activo=VIP, dispositivo=iphone17, preferencias=null]
2025-12-17 12:58:15.971 [main] INFO  controlador.GestionaUsuarios - Usuario [id=usr036, username=User036, email=user036@fitdroid.com, plan_activo=FREE, dispositivo=android13, preferencias=null]
2025-12-17 12:58:15.971 [main] INFO  controlador.GestionaUsuarios - Usuario [id=usr037, username=User037, email=user037@fitdroid.com, plan_activo=MENSUAL, dispositivo=android13, preferencias=null]
2025-12-17 12:58:15.971 [main] INFO  controlador.GestionaUsuarios - Usuario [id=usr038, username=User038, email=user038@fitdroid.com, plan_activo=TRIMESTRAL, dispositivo=iphone14, preferencias=null]
2025-12-17 12:58:15.971 [main] INFO  controlador.GestionaUsuarios - Usuario [id=usr039, username=User039, email=user039@fitdroid.com, plan_activo=ANUAL, dispositivo=android14, preferencias=null]
2025-12-17 12:58:15.971 [main] INFO  controlador.GestionaUsuarios - Usuario [id=usr040, username=User040, email=user040@fitdroid.com, plan_activo=VIP, dispositivo=android14, preferencias=null]
2025-12-17 12:58:15.999 [main] INFO  controlador.GestionaUsuarios - Usuario [id=usr002, username=User002, email=user002@fitdroid.com, plan_activo=MENSUAL, dispositivo=android11, preferencias=Preferencias [tema_oscuro=false, idioma=ES, notificaciones_push=true, limite_datos_moviles=false]]
2025-12-17 12:58:16.033 [main] INFO  controlador.GestionaUsuarios - Usuario [id=usr001, username=User001, email=user001@fitdroid.com, plan_activo=MENSUAL, dispositivo=android14, preferencias=null]
2025-12-17 12:58:16.033 [main] INFO  controlador.GestionaUsuarios - Usuario [id=usr002, username=User002, email=user002@fitdroid.com, plan_activo=MENSUAL, dispositivo=android11, preferencias=null]
2025-12-17 12:58:16.034 [main] INFO  controlador.GestionaUsuarios - Usuario [id=usr003, username=User003, email=user003@fitdroid.com, plan_activo=TRIMESTRAL, dispositivo=android12, preferencias=null]
2025-12-17 12:58:16.034 [main] INFO  controlador.GestionaUsuarios - Usuario [id=usr004, username=User004, email=user004@fitdroid.com, plan_activo=ANUAL, dispositivo=iphone16, preferencias=null]
2025-12-17 12:58:16.034 [main] INFO  controlador.GestionaUsuarios - Usuario [id=usr005, username=User005, email=user005@fitdroid.com, plan_activo=MENSUAL, dispositivo=android14, preferencias=null]
2025-12-17 12:58:16.034 [main] INFO  controlador.GestionaUsuarios - Usuario [id=usr006, username=User006, email=user006@fitdroid.com, plan_activo=FREE, dispositivo=android13, preferencias=null]
2025-12-17 12:58:16.034 [main] INFO  controlador.GestionaUsuarios - Usuario [id=usr007, username=User007, email=user007@fitdroid.com, plan_activo=MENSUAL, dispositivo=android11, preferencias=null]
2025-12-17 12:58:16.034 [main] INFO  controlador.GestionaUsuarios - Usuario [id=usr008, username=User008, email=user008@fitdroid.com, plan_activo=TRIMESTRAL, dispositivo=android11, preferencias=null]
2025-12-17 12:58:16.034 [main] INFO  controlador.GestionaUsuarios - Usuario [id=usr009, username=User009, email=user009@fitdroid.com, plan_activo=ANUAL, dispositivo=android12, preferencias=null]
2025-12-17 12:58:16.034 [main] INFO  controlador.GestionaUsuarios - Usuario [id=usr010, username=User010, email=user010@fitdroid.com, plan_activo=VIP, dispositivo=android13, preferencias=null]
2025-12-17 12:58:16.035 [main] INFO  controlador.GestionaUsuarios - Usuario [id=usr011, username=User011, email=user011@fitdroid.com, plan_activo=FREE, dispositivo=android13, preferencias=null]
2025-12-17 12:58:16.035 [main] INFO  controlador.GestionaUsuarios - Usuario [id=usr012, username=User012, email=user012@fitdroid.com, plan_activo=MENSUAL, dispositivo=iphone17, preferencias=null]
2025-12-17 12:58:16.035 [main] INFO  controlador.GestionaUsuarios - Usuario [id=usr013, username=User013, email=user013@fitdroid.com, plan_activo=TRIMESTRAL, dispositivo=android12, preferencias=null]
2025-12-17 12:58:16.035 [main] INFO  controlador.GestionaUsuarios - Usuario [id=usr014, username=User014, email=user014@fitdroid.com, plan_activo=ANUAL, dispositivo=android11, preferencias=null]
2025-12-17 12:58:16.035 [main] INFO  controlador.GestionaUsuarios - Usuario [id=usr015, username=User015, email=user015@fitdroid.com, plan_activo=VIP, dispositivo=android13, preferencias=null]
2025-12-17 12:58:16.035 [main] INFO  controlador.GestionaUsuarios - Usuario [id=usr016, username=User016, email=user016@fitdroid.com, plan_activo=FREE, dispositivo=iphone16, preferencias=null]
2025-12-17 12:58:16.035 [main] INFO  controlador.GestionaUsuarios - Usuario [id=usr017, username=User017, email=user017@fitdroid.com, plan_activo=MENSUAL, dispositivo=android13, preferencias=null]
2025-12-17 12:58:16.035 [main] INFO  controlador.GestionaUsuarios - Usuario [id=usr018, username=User018, email=user018@fitdroid.com, plan_activo=TRIMESTRAL, dispositivo=iphone16, preferencias=null]
2025-12-17 12:58:16.035 [main] INFO  controlador.GestionaUsuarios - Usuario [id=usr019, username=User019, email=user019@fitdroid.com, plan_activo=ANUAL, dispositivo=android11, preferencias=null]
2025-12-17 12:58:16.036 [main] INFO  controlador.GestionaUsuarios - Usuario [id=usr020, username=User020, email=user020@fitdroid.com, plan_activo=VIP, dispositivo=iphone17, preferencias=null]
2025-12-17 12:58:16.036 [main] INFO  controlador.GestionaUsuarios - Usuario [id=usr021, username=User021, email=user021@fitdroid.com, plan_activo=FREE, dispositivo=android11, preferencias=null]
2025-12-17 12:58:16.036 [main] INFO  controlador.GestionaUsuarios - Usuario [id=usr022, username=User022, email=user022@fitdroid.com, plan_activo=MENSUAL, dispositivo=iphone17, preferencias=null]
2025-12-17 12:58:16.036 [main] INFO  controlador.GestionaUsuarios - Usuario [id=usr023, username=User023, email=user023@fitdroid.com, plan_activo=MENSUAL, dispositivo=android14, preferencias=null]
2025-12-17 12:58:16.037 [main] INFO  controlador.GestionaUsuarios - Usuario [id=usr024, username=User024, email=user024@fitdroid.com, plan_activo=ANUAL, dispositivo=android13, preferencias=null]
2025-12-17 12:58:16.037 [main] INFO  controlador.GestionaUsuarios - Usuario [id=usr025, username=User025, email=user025@fitdroid.com, plan_activo=VIP, dispositivo=iphone15, preferencias=null]
2025-12-17 12:58:16.037 [main] INFO  controlador.GestionaUsuarios - Usuario [id=usr026, username=User026, email=user026@fitdroid.com, plan_activo=FREE, dispositivo=iphone14, preferencias=null]
2025-12-17 12:58:16.037 [main] INFO  controlador.GestionaUsuarios - Usuario [id=usr027, username=User027, email=user027@fitdroid.com, plan_activo=MENSUAL, dispositivo=iphone17, preferencias=null]
2025-12-17 12:58:16.037 [main] INFO  controlador.GestionaUsuarios - Usuario [id=usr028, username=User028, email=user028@fitdroid.com, plan_activo=TRIMESTRAL, dispositivo=android13, preferencias=null]
2025-12-17 12:58:16.037 [main] INFO  controlador.GestionaUsuarios - Usuario [id=usr029, username=User029, email=user029@fitdroid.com, plan_activo=ANUAL, dispositivo=android14, preferencias=null]
2025-12-17 12:58:16.037 [main] INFO  controlador.GestionaUsuarios - Usuario [id=usr030, username=User030, email=user030@fitdroid.com, plan_activo=VIP, dispositivo=android11, preferencias=null]
2025-12-17 12:58:16.037 [main] INFO  controlador.GestionaUsuarios - Usuario [id=usr031, username=User031, email=user031@fitdroid.com, plan_activo=FREE, dispositivo=iphone15, preferencias=null]
2025-12-17 12:58:16.037 [main] INFO  controlador.GestionaUsuarios - Usuario [id=usr032, username=User032, email=user032@fitdroid.com, plan_activo=MENSUAL, dispositivo=android12, preferencias=null]
2025-12-17 12:58:16.037 [main] INFO  controlador.GestionaUsuarios - Usuario [id=usr033, username=User033, email=user033@fitdroid.com, plan_activo=TRIMESTRAL, dispositivo=android14, preferencias=null]
2025-12-17 12:58:16.037 [main] INFO  controlador.GestionaUsuarios - Usuario [id=usr034, username=User034, email=user034@fitdroid.com, plan_activo=ANUAL, dispositivo=iphone15, preferencias=null]
2025-12-17 12:58:16.037 [main] INFO  controlador.GestionaUsuarios - Usuario [id=usr035, username=User035, email=user035@fitdroid.com, plan_activo=VIP, dispositivo=iphone17, preferencias=null]
2025-12-17 12:58:16.037 [main] INFO  controlador.GestionaUsuarios - Usuario [id=usr036, username=User036, email=user036@fitdroid.com, plan_activo=FREE, dispositivo=android13, preferencias=null]
2025-12-17 12:58:16.038 [main] INFO  controlador.GestionaUsuarios - Usuario [id=usr037, username=User037, email=user037@fitdroid.com, plan_activo=MENSUAL, dispositivo=android13, preferencias=null]
2025-12-17 12:58:16.038 [main] INFO  controlador.GestionaUsuarios - Usuario [id=usr038, username=User038, email=user038@fitdroid.com, plan_activo=TRIMESTRAL, dispositivo=iphone14, preferencias=null]
2025-12-17 12:58:16.038 [main] INFO  controlador.GestionaUsuarios - Usuario [id=usr039, username=User039, email=user039@fitdroid.com, plan_activo=ANUAL, dispositivo=android14, preferencias=null]
2025-12-17 12:58:16.038 [main] INFO  controlador.GestionaUsuarios - Usuario [id=usr040, username=User040, email=user040@fitdroid.com, plan_activo=VIP, dispositivo=android14, preferencias=null]
2025-12-17 12:59:21.883 [main] INFO  controlador.GestionaUsuarios - Usuario [id=usr001, username=User001, email=user001@fitdroid.com, plan_activo=MENSUAL, dispositivo=android14, preferencias=null]
2025-12-17 12:59:21.886 [main] INFO  controlador.GestionaUsuarios - Usuario [id=usr002, username=User002, email=user002@fitdroid.com, plan_activo=MENSUAL, dispositivo=android11, preferencias=null]
2025-12-17 12:59:21.887 [main] INFO  controlador.GestionaUsuarios - Usuario [id=usr003, username=User003, email=user003@fitdroid.com, plan_activo=TRIMESTRAL, dispositivo=android12, preferencias=null]
2025-12-17 12:59:21.887 [main] INFO  controlador.GestionaUsuarios - Usuario [id=usr004, username=User004, email=user004@fitdroid.com, plan_activo=ANUAL, dispositivo=iphone16, preferencias=null]
2025-12-17 12:59:21.887 [main] INFO  controlador.GestionaUsuarios - Usuario [id=usr005, username=User005, email=user005@fitdroid.com, plan_activo=MENSUAL, dispositivo=android14, preferencias=null]
2025-12-17 12:59:21.887 [main] INFO  controlador.GestionaUsuarios - Usuario [id=usr006, username=User006, email=user006@fitdroid.com, plan_activo=FREE, dispositivo=android13, preferencias=null]
2025-12-17 12:59:21.887 [main] INFO  controlador.GestionaUsuarios - Usuario [id=usr007, username=User007, email=user007@fitdroid.com, plan_activo=MENSUAL, dispositivo=android11, preferencias=null]
2025-12-17 12:59:21.887 [main] INFO  controlador.GestionaUsuarios - Usuario [id=usr008, username=User008, email=user008@fitdroid.com, plan_activo=TRIMESTRAL, dispositivo=android11, preferencias=null]
2025-12-17 12:59:21.887 [main] INFO  controlador.GestionaUsuarios - Usuario [id=usr009, username=User009, email=user009@fitdroid.com, plan_activo=ANUAL, dispositivo=android12, preferencias=null]
2025-12-17 12:59:21.887 [main] INFO  controlador.GestionaUsuarios - Usuario [id=usr010, username=User010, email=user010@fitdroid.com, plan_activo=VIP, dispositivo=android13, preferencias=null]
2025-12-17 12:59:21.888 [main] INFO  controlador.GestionaUsuarios - Usuario [id=usr011, username=User011, email=user011@fitdroid.com, plan_activo=FREE, dispositivo=android13, preferencias=null]
2025-12-17 12:59:21.888 [main] INFO  controlador.GestionaUsuarios - Usuario [id=usr012, username=User012, email=user012@fitdroid.com, plan_activo=MENSUAL, dispositivo=iphone17, preferencias=null]
2025-12-17 12:59:21.888 [main] INFO  controlador.GestionaUsuarios - Usuario [id=usr013, username=User013, email=user013@fitdroid.com, plan_activo=TRIMESTRAL, dispositivo=android12, preferencias=null]
2025-12-17 12:59:21.888 [main] INFO  controlador.GestionaUsuarios - Usuario [id=usr014, username=User014, email=user014@fitdroid.com, plan_activo=ANUAL, dispositivo=android11, preferencias=null]
2025-12-17 12:59:21.888 [main] INFO  controlador.GestionaUsuarios - Usuario [id=usr015, username=User015, email=user015@fitdroid.com, plan_activo=VIP, dispositivo=android13, preferencias=null]
2025-12-17 12:59:21.888 [main] INFO  controlador.GestionaUsuarios - Usuario [id=usr016, username=User016, email=user016@fitdroid.com, plan_activo=FREE, dispositivo=iphone16, preferencias=null]
2025-12-17 12:59:21.888 [main] INFO  controlador.GestionaUsuarios - Usuario [id=usr017, username=User017, email=user017@fitdroid.com, plan_activo=MENSUAL, dispositivo=android13, preferencias=null]
2025-12-17 12:59:21.888 [main] INFO  controlador.GestionaUsuarios - Usuario [id=usr018, username=User018, email=user018@fitdroid.com, plan_activo=TRIMESTRAL, dispositivo=iphone16, preferencias=null]
2025-12-17 12:59:21.888 [main] INFO  controlador.GestionaUsuarios - Usuario [id=usr019, username=User019, email=user019@fitdroid.com, plan_activo=ANUAL, dispositivo=android11, preferencias=null]
2025-12-17 12:59:21.889 [main] INFO  controlador.GestionaUsuarios - Usuario [id=usr020, username=User020, email=user020@fitdroid.com, plan_activo=VIP, dispositivo=iphone17, preferencias=null]
2025-12-17 12:59:21.889 [main] INFO  controlador.GestionaUsuarios - Usuario [id=usr021, username=User021, email=user021@fitdroid.com, plan_activo=FREE, dispositivo=android11, preferencias=null]
2025-12-17 12:59:21.889 [main] INFO  controlador.GestionaUsuarios - Usuario [id=usr022, username=User022, email=user022@fitdroid.com, plan_activo=MENSUAL, dispositivo=iphone17, preferencias=null]
2025-12-17 12:59:21.889 [main] INFO  controlador.GestionaUsuarios - Usuario [id=usr023, username=User023, email=user023@fitdroid.com, plan_activo=MENSUAL, dispositivo=android14, preferencias=null]
2025-12-17 12:59:21.889 [main] INFO  controlador.GestionaUsuarios - Usuario [id=usr024, username=User024, email=user024@fitdroid.com, plan_activo=ANUAL, dispositivo=android13, preferencias=null]
2025-12-17 12:59:21.889 [main] INFO  controlador.GestionaUsuarios - Usuario [id=usr025, username=User025, email=user025@fitdroid.com, plan_activo=VIP, dispositivo=iphone15, preferencias=null]
2025-12-17 12:59:21.889 [main] INFO  controlador.GestionaUsuarios - Usuario [id=usr026, username=User026, email=user026@fitdroid.com, plan_activo=FREE, dispositivo=iphone14, preferencias=null]
2025-12-17 12:59:21.889 [main] INFO  controlador.GestionaUsuarios - Usuario [id=usr027, username=User027, email=user027@fitdroid.com, plan_activo=MENSUAL, dispositivo=iphone17, preferencias=null]
2025-12-17 12:59:21.889 [main] INFO  controlador.GestionaUsuarios - Usuario [id=usr028, username=User028, email=user028@fitdroid.com, plan_activo=TRIMESTRAL, dispositivo=android13, preferencias=null]
2025-12-17 12:59:21.889 [main] INFO  controlador.GestionaUsuarios - Usuario [id=usr029, username=User029, email=user029@fitdroid.com, plan_activo=ANUAL, dispositivo=android14, preferencias=null]
2025-12-17 12:59:21.889 [main] INFO  controlador.GestionaUsuarios - Usuario [id=usr030, username=User030, email=user030@fitdroid.com, plan_activo=VIP, dispositivo=android11, preferencias=null]
2025-12-17 12:59:21.889 [main] INFO  controlador.GestionaUsuarios - Usuario [id=usr031, username=User031, email=user031@fitdroid.com, plan_activo=FREE, dispositivo=iphone15, preferencias=null]
2025-12-17 12:59:21.890 [main] INFO  controlador.GestionaUsuarios - Usuario [id=usr032, username=User032, email=user032@fitdroid.com, plan_activo=MENSUAL, dispositivo=android12, preferencias=null]
2025-12-17 12:59:21.890 [main] INFO  controlador.GestionaUsuarios - Usuario [id=usr033, username=User033, email=user033@fitdroid.com, plan_activo=TRIMESTRAL, dispositivo=android14, preferencias=null]
2025-12-17 12:59:21.890 [main] INFO  controlador.GestionaUsuarios - Usuario [id=usr034, username=User034, email=user034@fitdroid.com, plan_activo=ANUAL, dispositivo=iphone15, preferencias=null]
2025-12-17 12:59:21.890 [main] INFO  controlador.GestionaUsuarios - Usuario [id=usr035, username=User035, email=user035@fitdroid.com, plan_activo=VIP, dispositivo=iphone17, preferencias=null]
2025-12-17 12:59:21.890 [main] INFO  controlador.GestionaUsuarios - Usuario [id=usr036, username=User036, email=user036@fitdroid.com, plan_activo=FREE, dispositivo=android13, preferencias=null]
2025-12-17 12:59:21.890 [main] INFO  controlador.GestionaUsuarios - Usuario [id=usr037, username=User037, email=user037@fitdroid.com, plan_activo=MENSUAL, dispositivo=android13, preferencias=null]
2025-12-17 12:59:21.890 [main] INFO  controlador.GestionaUsuarios - Usuario [id=usr038, username=User038, email=user038@fitdroid.com, plan_activo=TRIMESTRAL, dispositivo=iphone14, preferencias=null]
2025-12-17 12:59:21.890 [main] INFO  controlador.GestionaUsuarios - Usuario [id=usr039, username=User039, email=user039@fitdroid.com, plan_activo=ANUAL, dispositivo=android14, preferencias=null]
2025-12-17 12:59:21.890 [main] INFO  controlador.GestionaUsuarios - Usuario [id=usr040, username=User040, email=user040@fitdroid.com, plan_activo=VIP, dispositivo=android14, preferencias=null]
2025-12-17 12:59:21.917 [main] INFO  controlador.GestionaUsuarios - Usuario [id=usr002, username=User002, email=user002@fitdroid.com, plan_activo=MENSUAL, dispositivo=android11, preferencias=Preferencias [tema_oscuro=false, idioma=ES, notificaciones_push=true, limite_datos_moviles=false]]
2025-12-17 12:59:21.952 [main] INFO  controlador.GestionaUsuarios - Usuario [id=usr001, username=User001, email=user001@fitdroid.com, plan_activo=MENSUAL, dispositivo=android14, preferencias=null]
2025-12-17 12:59:21.953 [main] INFO  controlador.GestionaUsuarios - Usuario [id=usr002, username=User002, email=user002@fitdroid.com, plan_activo=MENSUAL, dispositivo=android11, preferencias=null]
2025-12-17 12:59:21.953 [main] INFO  controlador.GestionaUsuarios - Usuario [id=usr003, username=User003, email=user003@fitdroid.com, plan_activo=TRIMESTRAL, dispositivo=android12, preferencias=null]
2025-12-17 12:59:21.953 [main] INFO  controlador.GestionaUsuarios - Usuario [id=usr004, username=User004, email=user004@fitdroid.com, plan_activo=ANUAL, dispositivo=iphone16, preferencias=null]
2025-12-17 12:59:21.953 [main] INFO  controlador.GestionaUsuarios - Usuario [id=usr005, username=User005, email=user005@fitdroid.com, plan_activo=MENSUAL, dispositivo=android14, preferencias=null]
2025-12-17 12:59:21.953 [main] INFO  controlador.GestionaUsuarios - Usuario [id=usr006, username=User006, email=user006@fitdroid.com, plan_activo=FREE, dispositivo=android13, preferencias=null]
2025-12-17 12:59:21.953 [main] INFO  controlador.GestionaUsuarios - Usuario [id=usr007, username=User007, email=user007@fitdroid.com, plan_activo=MENSUAL, dispositivo=android11, preferencias=null]
2025-12-17 12:59:21.953 [main] INFO  controlador.GestionaUsuarios - Usuario [id=usr008, username=User008, email=user008@fitdroid.com, plan_activo=TRIMESTRAL, dispositivo=android11, preferencias=null]
2025-12-17 12:59:21.954 [main] INFO  controlador.GestionaUsuarios - Usuario [id=usr009, username=User009, email=user009@fitdroid.com, plan_activo=ANUAL, dispositivo=android12, preferencias=null]
2025-12-17 12:59:21.954 [main] INFO  controlador.GestionaUsuarios - Usuario [id=usr010, username=User010, email=user010@fitdroid.com, plan_activo=VIP, dispositivo=android13, preferencias=null]
2025-12-17 12:59:21.954 [main] INFO  controlador.GestionaUsuarios - Usuario [id=usr011, username=User011, email=user011@fitdroid.com, plan_activo=FREE, dispositivo=android13, preferencias=null]
2025-12-17 12:59:21.954 [main] INFO  controlador.GestionaUsuarios - Usuario [id=usr012, username=User012, email=user012@fitdroid.com, plan_activo=MENSUAL, dispositivo=iphone17, preferencias=null]
2025-12-17 12:59:21.954 [main] INFO  controlador.GestionaUsuarios - Usuario [id=usr013, username=User013, email=user013@fitdroid.com, plan_activo=TRIMESTRAL, dispositivo=android12, preferencias=null]
2025-12-17 12:59:21.954 [main] INFO  controlador.GestionaUsuarios - Usuario [id=usr014, username=User014, email=user014@fitdroid.com, plan_activo=ANUAL, dispositivo=android11, preferencias=null]
2025-12-17 12:59:21.954 [main] INFO  controlador.GestionaUsuarios - Usuario [id=usr015, username=User015, email=user015@fitdroid.com, plan_activo=VIP, dispositivo=android13, preferencias=null]
2025-12-17 12:59:21.954 [main] INFO  controlador.GestionaUsuarios - Usuario [id=usr016, username=User016, email=user016@fitdroid.com, plan_activo=FREE, dispositivo=iphone16, preferencias=null]
2025-12-17 12:59:21.954 [main] INFO  controlador.GestionaUsuarios - Usuario [id=usr017, username=User017, email=user017@fitdroid.com, plan_activo=MENSUAL, dispositivo=android13, preferencias=null]
2025-12-17 12:59:21.954 [main] INFO  controlador.GestionaUsuarios - Usuario [id=usr018, username=User018, email=user018@fitdroid.com, plan_activo=TRIMESTRAL, dispositivo=iphone16, preferencias=null]
2025-12-17 12:59:21.954 [main] INFO  controlador.GestionaUsuarios - Usuario [id=usr019, username=User019, email=user019@fitdroid.com, plan_activo=ANUAL, dispositivo=android11, preferencias=null]
2025-12-17 12:59:21.954 [main] INFO  controlador.GestionaUsuarios - Usuario [id=usr020, username=User020, email=user020@fitdroid.com, plan_activo=VIP, dispositivo=iphone17, preferencias=null]
2025-12-17 12:59:21.955 [main] INFO  controlador.GestionaUsuarios - Usuario [id=usr021, username=User021, email=user021@fitdroid.com, plan_activo=FREE, dispositivo=android11, preferencias=null]
2025-12-17 12:59:21.955 [main] INFO  controlador.GestionaUsuarios - Usuario [id=usr022, username=User022, email=user022@fitdroid.com, plan_activo=MENSUAL, dispositivo=iphone17, preferencias=null]
2025-12-17 12:59:21.955 [main] INFO  controlador.GestionaUsuarios - Usuario [id=usr023, username=User023, email=user023@fitdroid.com, plan_activo=MENSUAL, dispositivo=android14, preferencias=null]
2025-12-17 12:59:21.955 [main] INFO  controlador.GestionaUsuarios - Usuario [id=usr024, username=User024, email=user024@fitdroid.com, plan_activo=ANUAL, dispositivo=android13, preferencias=null]
2025-12-17 12:59:21.955 [main] INFO  controlador.GestionaUsuarios - Usuario [id=usr025, username=User025, email=user025@fitdroid.com, plan_activo=VIP, dispositivo=iphone15, preferencias=null]
2025-12-17 12:59:21.956 [main] INFO  controlador.GestionaUsuarios - Usuario [id=usr026, username=User026, email=user026@fitdroid.com, plan_activo=FREE, dispositivo=iphone14, preferencias=null]
2025-12-17 12:59:21.956 [main] INFO  controlador.GestionaUsuarios - Usuario [id=usr027, username=User027, email=user027@fitdroid.com, plan_activo=MENSUAL, dispositivo=iphone17, preferencias=null]
2025-12-17 12:59:21.956 [main] INFO  controlador.GestionaUsuarios - Usuario [id=usr028, username=User028, email=user028@fitdroid.com, plan_activo=TRIMESTRAL, dispositivo=android13, preferencias=null]
2025-12-17 12:59:21.956 [main] INFO  controlador.GestionaUsuarios - Usuario [id=usr029, username=User029, email=user029@fitdroid.com, plan_activo=ANUAL, dispositivo=android14, preferencias=null]
2025-12-17 12:59:21.956 [main] INFO  controlador.GestionaUsuarios - Usuario [id=usr030, username=User030, email=user030@fitdroid.com, plan_activo=VIP, dispositivo=android11, preferencias=null]
2025-12-17 12:59:21.956 [main] INFO  controlador.GestionaUsuarios - Usuario [id=usr031, username=User031, email=user031@fitdroid.com, plan_activo=FREE, dispositivo=iphone15, preferencias=null]
2025-12-17 12:59:21.956 [main] INFO  controlador.GestionaUsuarios - Usuario [id=usr032, username=User032, email=user032@fitdroid.com, plan_activo=MENSUAL, dispositivo=android12, preferencias=null]
2025-12-17 12:59:21.956 [main] INFO  controlador.GestionaUsuarios - Usuario [id=usr033, username=User033, email=user033@fitdroid.com, plan_activo=TRIMESTRAL, dispositivo=android14, preferencias=null]
2025-12-17 12:59:21.956 [main] INFO  controlador.GestionaUsuarios - Usuario [id=usr034, username=User034, email=user034@fitdroid.com, plan_activo=ANUAL, dispositivo=iphone15, preferencias=null]
2025-12-17 12:59:21.956 [main] INFO  controlador.GestionaUsuarios - Usuario [id=usr035, username=User035, email=user035@fitdroid.com, plan_activo=VIP, dispositivo=iphone17, preferencias=null]
2025-12-17 12:59:21.956 [main] INFO  controlador.GestionaUsuarios - Usuario [id=usr036, username=User036, email=user036@fitdroid.com, plan_activo=FREE, dispositivo=android13, preferencias=null]
2025-12-17 12:59:21.956 [main] INFO  controlador.GestionaUsuarios - Usuario [id=usr037, username=User037, email=user037@fitdroid.com, plan_activo=MENSUAL, dispositivo=android13, preferencias=null]
2025-12-17 12:59:21.956 [main] INFO  controlador.GestionaUsuarios - Usuario [id=usr038, username=User038, email=user038@fitdroid.com, plan_activo=TRIMESTRAL, dispositivo=iphone14, preferencias=null]
2025-12-17 12:59:21.956 [main] INFO  controlador.GestionaUsuarios - Usuario [id=usr039, username=User039, email=user039@fitdroid.com, plan_activo=ANUAL, dispositivo=android14, preferencias=null]
2025-12-17 12:59:21.956 [main] INFO  controlador.GestionaUsuarios - Usuario [id=usr040, username=User040, email=user040@fitdroid.com, plan_activo=VIP, dispositivo=android14, preferencias=null]
2025-12-17 12:59:51.232 [main] INFO  controlador.GestionaUsuarios - Usuario [id=usr001, username=User001, email=user001@fitdroid.com, plan_activo=MENSUAL, dispositivo=android14, preferencias=null]
2025-12-17 12:59:51.237 [main] INFO  controlador.GestionaUsuarios - Usuario [id=usr002, username=User002, email=user002@fitdroid.com, plan_activo=MENSUAL, dispositivo=android11, preferencias=null]
2025-12-17 12:59:51.237 [main] INFO  controlador.GestionaUsuarios - Usuario [id=usr003, username=User003, email=user003@fitdroid.com, plan_activo=TRIMESTRAL, dispositivo=android12, preferencias=null]
2025-12-17 12:59:51.237 [main] INFO  controlador.GestionaUsuarios - Usuario [id=usr004, username=User004, email=user004@fitdroid.com, plan_activo=ANUAL, dispositivo=iphone16, preferencias=null]
2025-12-17 12:59:51.237 [main] INFO  controlador.GestionaUsuarios - Usuario [id=usr005, username=User005, email=user005@fitdroid.com, plan_activo=MENSUAL, dispositivo=android14, preferencias=null]
2025-12-17 12:59:51.237 [main] INFO  controlador.GestionaUsuarios - Usuario [id=usr006, username=User006, email=user006@fitdroid.com, plan_activo=FREE, dispositivo=android13, preferencias=null]
2025-12-17 12:59:51.237 [main] INFO  controlador.GestionaUsuarios - Usuario [id=usr007, username=User007, email=user007@fitdroid.com, plan_activo=MENSUAL, dispositivo=android11, preferencias=null]
2025-12-17 12:59:51.237 [main] INFO  controlador.GestionaUsuarios - Usuario [id=usr008, username=User008, email=user008@fitdroid.com, plan_activo=TRIMESTRAL, dispositivo=android11, preferencias=null]
2025-12-17 12:59:51.238 [main] INFO  controlador.GestionaUsuarios - Usuario [id=usr009, username=User009, email=user009@fitdroid.com, plan_activo=ANUAL, dispositivo=android12, preferencias=null]
2025-12-17 12:59:51.238 [main] INFO  controlador.GestionaUsuarios - Usuario [id=usr010, username=User010, email=user010@fitdroid.com, plan_activo=VIP, dispositivo=android13, preferencias=null]
2025-12-17 12:59:51.238 [main] INFO  controlador.GestionaUsuarios - Usuario [id=usr011, username=User011, email=user011@fitdroid.com, plan_activo=FREE, dispositivo=android13, preferencias=null]
2025-12-17 12:59:51.238 [main] INFO  controlador.GestionaUsuarios - Usuario [id=usr012, username=User012, email=user012@fitdroid.com, plan_activo=MENSUAL, dispositivo=iphone17, preferencias=null]
2025-12-17 12:59:51.238 [main] INFO  controlador.GestionaUsuarios - Usuario [id=usr013, username=User013, email=user013@fitdroid.com, plan_activo=TRIMESTRAL, dispositivo=android12, preferencias=null]
2025-12-17 12:59:51.238 [main] INFO  controlador.GestionaUsuarios - Usuario [id=usr014, username=User014, email=user014@fitdroid.com, plan_activo=ANUAL, dispositivo=android11, preferencias=null]
2025-12-17 12:59:51.238 [main] INFO  controlador.GestionaUsuarios - Usuario [id=usr015, username=User015, email=user015@fitdroid.com, plan_activo=VIP, dispositivo=android13, preferencias=null]
2025-12-17 12:59:51.238 [main] INFO  controlador.GestionaUsuarios - Usuario [id=usr016, username=User016, email=user016@fitdroid.com, plan_activo=FREE, dispositivo=iphone16, preferencias=null]
2025-12-17 12:59:51.238 [main] INFO  controlador.GestionaUsuarios - Usuario [id=usr017, username=User017, email=user017@fitdroid.com, plan_activo=MENSUAL, dispositivo=android13, preferencias=null]
2025-12-17 12:59:51.238 [main] INFO  controlador.GestionaUsuarios - Usuario [id=usr018, username=User018, email=user018@fitdroid.com, plan_activo=TRIMESTRAL, dispositivo=iphone16, preferencias=null]
2025-12-17 12:59:51.239 [main] INFO  controlador.GestionaUsuarios - Usuario [id=usr019, username=User019, email=user019@fitdroid.com, plan_activo=ANUAL, dispositivo=android11, preferencias=null]
2025-12-17 12:59:51.239 [main] INFO  controlador.GestionaUsuarios - Usuario [id=usr020, username=User020, email=user020@fitdroid.com, plan_activo=VIP, dispositivo=iphone17, preferencias=null]
2025-12-17 12:59:51.239 [main] INFO  controlador.GestionaUsuarios - Usuario [id=usr021, username=User021, email=user021@fitdroid.com, plan_activo=FREE, dispositivo=android11, preferencias=null]
2025-12-17 12:59:51.239 [main] INFO  controlador.GestionaUsuarios - Usuario [id=usr022, username=User022, email=user022@fitdroid.com, plan_activo=MENSUAL, dispositivo=iphone17, preferencias=null]
2025-12-17 12:59:51.239 [main] INFO  controlador.GestionaUsuarios - Usuario [id=usr023, username=User023, email=user023@fitdroid.com, plan_activo=MENSUAL, dispositivo=android14, preferencias=null]
2025-12-17 12:59:51.239 [main] INFO  controlador.GestionaUsuarios - Usuario [id=usr024, username=User024, email=user024@fitdroid.com, plan_activo=ANUAL, dispositivo=android13, preferencias=null]
2025-12-17 12:59:51.239 [main] INFO  controlador.GestionaUsuarios - Usuario [id=usr025, username=User025, email=user025@fitdroid.com, plan_activo=VIP, dispositivo=iphone15, preferencias=null]
2025-12-17 12:59:51.239 [main] INFO  controlador.GestionaUsuarios - Usuario [id=usr026, username=User026, email=user026@fitdroid.com, plan_activo=FREE, dispositivo=iphone14, preferencias=null]
2025-12-17 12:59:51.239 [main] INFO  controlador.GestionaUsuarios - Usuario [id=usr027, username=User027, email=user027@fitdroid.com, plan_activo=MENSUAL, dispositivo=iphone17, preferencias=null]
2025-12-17 12:59:51.239 [main] INFO  controlador.GestionaUsuarios - Usuario [id=usr028, username=User028, email=user028@fitdroid.com, plan_activo=TRIMESTRAL, dispositivo=android13, preferencias=null]
2025-12-17 12:59:51.239 [main] INFO  controlador.GestionaUsuarios - Usuario [id=usr029, username=User029, email=user029@fitdroid.com, plan_activo=ANUAL, dispositivo=android14, preferencias=null]
2025-12-17 12:59:51.239 [main] INFO  controlador.GestionaUsuarios - Usuario [id=usr030, username=User030, email=user030@fitdroid.com, plan_activo=VIP, dispositivo=android11, preferencias=null]
2025-12-17 12:59:51.239 [main] INFO  controlador.GestionaUsuarios - Usuario [id=usr031, username=User031, email=user031@fitdroid.com, plan_activo=FREE, dispositivo=iphone15, preferencias=null]
2025-12-17 12:59:51.240 [main] INFO  controlador.GestionaUsuarios - Usuario [id=usr032, username=User032, email=user032@fitdroid.com, plan_activo=MENSUAL, dispositivo=android12, preferencias=null]
2025-12-17 12:59:51.240 [main] INFO  controlador.GestionaUsuarios - Usuario [id=usr033, username=User033, email=user033@fitdroid.com, plan_activo=TRIMESTRAL, dispositivo=android14, preferencias=null]
2025-12-17 12:59:51.240 [main] INFO  controlador.GestionaUsuarios - Usuario [id=usr034, username=User034, email=user034@fitdroid.com, plan_activo=ANUAL, dispositivo=iphone15, preferencias=null]
2025-12-17 12:59:51.240 [main] INFO  controlador.GestionaUsuarios - Usuario [id=usr035, username=User035, email=user035@fitdroid.com, plan_activo=VIP, dispositivo=iphone17, preferencias=null]
2025-12-17 12:59:51.240 [main] INFO  controlador.GestionaUsuarios - Usuario [id=usr036, username=User036, email=user036@fitdroid.com, plan_activo=FREE, dispositivo=android13, preferencias=null]
2025-12-17 12:59:51.240 [main] INFO  controlador.GestionaUsuarios - Usuario [id=usr037, username=User037, email=user037@fitdroid.com, plan_activo=MENSUAL, dispositivo=android13, preferencias=null]
2025-12-17 12:59:51.240 [main] INFO  controlador.GestionaUsuarios - Usuario [id=usr038, username=User038, email=user038@fitdroid.com, plan_activo=TRIMESTRAL, dispositivo=iphone14, preferencias=null]
2025-12-17 12:59:51.240 [main] INFO  controlador.GestionaUsuarios - Usuario [id=usr039, username=User039, email=user039@fitdroid.com, plan_activo=ANUAL, dispositivo=android14, preferencias=null]
2025-12-17 12:59:51.240 [main] INFO  controlador.GestionaUsuarios - Usuario [id=usr040, username=User040, email=user040@fitdroid.com, plan_activo=VIP, dispositivo=android14, preferencias=null]
2025-12-17 12:59:51.269 [main] INFO  controlador.GestionaUsuarios - Usuario [id=usr002, username=User002, email=user002@fitdroid.com, plan_activo=MENSUAL, dispositivo=android11, preferencias=Preferencias [tema_oscuro=false, idioma=ES, notificaciones_push=true, limite_datos_moviles=false]]
2025-12-17 12:59:51.302 [main] INFO  controlador.GestionaUsuarios - Usuario [id=usr001, username=User001, email=user001@fitdroid.com, plan_activo=MENSUAL, dispositivo=android14, preferencias=null]
2025-12-17 12:59:51.303 [main] INFO  controlador.GestionaUsuarios - Usuario [id=usr002, username=User002, email=user002@fitdroid.com, plan_activo=MENSUAL, dispositivo=android11, preferencias=null]
2025-12-17 12:59:51.303 [main] INFO  controlador.GestionaUsuarios - Usuario [id=usr003, username=User003, email=user003@fitdroid.com, plan_activo=TRIMESTRAL, dispositivo=android12, preferencias=null]
2025-12-17 12:59:51.303 [main] INFO  controlador.GestionaUsuarios - Usuario [id=usr004, username=User004, email=user004@fitdroid.com, plan_activo=ANUAL, dispositivo=iphone16, preferencias=null]
2025-12-17 12:59:51.303 [main] INFO  controlador.GestionaUsuarios - Usuario [id=usr005, username=User005, email=user005@fitdroid.com, plan_activo=MENSUAL, dispositivo=android14, preferencias=null]
2025-12-17 12:59:51.303 [main] INFO  controlador.GestionaUsuarios - Usuario [id=usr006, username=User006, email=user006@fitdroid.com, plan_activo=FREE, dispositivo=android13, preferencias=null]
2025-12-17 12:59:51.303 [main] INFO  controlador.GestionaUsuarios - Usuario [id=usr007, username=User007, email=user007@fitdroid.com, plan_activo=MENSUAL, dispositivo=android11, preferencias=null]
2025-12-17 12:59:51.303 [main] INFO  controlador.GestionaUsuarios - Usuario [id=usr008, username=User008, email=user008@fitdroid.com, plan_activo=TRIMESTRAL, dispositivo=android11, preferencias=null]
2025-12-17 12:59:51.303 [main] INFO  controlador.GestionaUsuarios - Usuario [id=usr009, username=User009, email=user009@fitdroid.com, plan_activo=ANUAL, dispositivo=android12, preferencias=null]
2025-12-17 12:59:51.303 [main] INFO  controlador.GestionaUsuarios - Usuario [id=usr010, username=User010, email=user010@fitdroid.com, plan_activo=VIP, dispositivo=android13, preferencias=null]
2025-12-17 12:59:51.304 [main] INFO  controlador.GestionaUsuarios - Usuario [id=usr011, username=User011, email=user011@fitdroid.com, plan_activo=FREE, dispositivo=android13, preferencias=null]
2025-12-17 12:59:51.304 [main] INFO  controlador.GestionaUsuarios - Usuario [id=usr012, username=User012, email=user012@fitdroid.com, plan_activo=MENSUAL, dispositivo=iphone17, preferencias=null]
2025-12-17 12:59:51.304 [main] INFO  controlador.GestionaUsuarios - Usuario [id=usr013, username=User013, email=user013@fitdroid.com, plan_activo=TRIMESTRAL, dispositivo=android12, preferencias=null]
2025-12-17 12:59:51.304 [main] INFO  controlador.GestionaUsuarios - Usuario [id=usr014, username=User014, email=user014@fitdroid.com, plan_activo=ANUAL, dispositivo=android11, preferencias=null]
2025-12-17 12:59:51.304 [main] INFO  controlador.GestionaUsuarios - Usuario [id=usr015, username=User015, email=user015@fitdroid.com, plan_activo=VIP, dispositivo=android13, preferencias=null]
2025-12-17 12:59:51.304 [main] INFO  controlador.GestionaUsuarios - Usuario [id=usr016, username=User016, email=user016@fitdroid.com, plan_activo=FREE, dispositivo=iphone16, preferencias=null]
2025-12-17 12:59:51.304 [main] INFO  controlador.GestionaUsuarios - Usuario [id=usr017, username=User017, email=user017@fitdroid.com, plan_activo=MENSUAL, dispositivo=android13, preferencias=null]
2025-12-17 12:59:51.304 [main] INFO  controlador.GestionaUsuarios - Usuario [id=usr018, username=User018, email=user018@fitdroid.com, plan_activo=TRIMESTRAL, dispositivo=iphone16, preferencias=null]
2025-12-17 12:59:51.304 [main] INFO  controlador.GestionaUsuarios - Usuario [id=usr019, username=User019, email=user019@fitdroid.com, plan_activo=ANUAL, dispositivo=android11, preferencias=null]
2025-12-17 12:59:51.304 [main] INFO  controlador.GestionaUsuarios - Usuario [id=usr020, username=User020, email=user020@fitdroid.com, plan_activo=VIP, dispositivo=iphone17, preferencias=null]
2025-12-17 12:59:51.304 [main] INFO  controlador.GestionaUsuarios - Usuario [id=usr021, username=User021, email=user021@fitdroid.com, plan_activo=FREE, dispositivo=android11, preferencias=null]
2025-12-17 12:59:51.305 [main] INFO  controlador.GestionaUsuarios - Usuario [id=usr022, username=User022, email=user022@fitdroid.com, plan_activo=MENSUAL, dispositivo=iphone17, preferencias=null]
2025-12-17 12:59:51.305 [main] INFO  controlador.GestionaUsuarios - Usuario [id=usr023, username=User023, email=user023@fitdroid.com, plan_activo=MENSUAL, dispositivo=android14, preferencias=null]
2025-12-17 12:59:51.305 [main] INFO  controlador.GestionaUsuarios - Usuario [id=usr024, username=User024, email=user024@fitdroid.com, plan_activo=ANUAL, dispositivo=android13, preferencias=null]
2025-12-17 12:59:51.305 [main] INFO  controlador.GestionaUsuarios - Usuario [id=usr025, username=User025, email=user025@fitdroid.com, plan_activo=VIP, dispositivo=iphone15, preferencias=null]
2025-12-17 12:59:51.305 [main] INFO  controlador.GestionaUsuarios - Usuario [id=usr026, username=User026, email=user026@fitdroid.com, plan_activo=FREE, dispositivo=iphone14, preferencias=null]
2025-12-17 12:59:51.305 [main] INFO  controlador.GestionaUsuarios - Usuario [id=usr027, username=User027, email=user027@fitdroid.com, plan_activo=MENSUAL, dispositivo=iphone17, preferencias=null]
2025-12-17 12:59:51.305 [main] INFO  controlador.GestionaUsuarios - Usuario [id=usr028, username=User028, email=user028@fitdroid.com, plan_activo=TRIMESTRAL, dispositivo=android13, preferencias=null]
2025-12-17 12:59:51.306 [main] INFO  controlador.GestionaUsuarios - Usuario [id=usr029, username=User029, email=user029@fitdroid.com, plan_activo=ANUAL, dispositivo=android14, preferencias=null]
2025-12-17 12:59:51.306 [main] INFO  controlador.GestionaUsuarios - Usuario [id=usr030, username=User030, email=user030@fitdroid.com, plan_activo=VIP, dispositivo=android11, preferencias=null]
2025-12-17 12:59:51.306 [main] INFO  controlador.GestionaUsuarios - Usuario [id=usr031, username=User031, email=user031@fitdroid.com, plan_activo=FREE, dispositivo=iphone15, preferencias=null]
2025-12-17 12:59:51.306 [main] INFO  controlador.GestionaUsuarios - Usuario [id=usr032, username=User032, email=user032@fitdroid.com, plan_activo=MENSUAL, dispositivo=android12, preferencias=null]
2025-12-17 12:59:51.306 [main] INFO  controlador.GestionaUsuarios - Usuario [id=usr033, username=User033, email=user033@fitdroid.com, plan_activo=TRIMESTRAL, dispositivo=android14, preferencias=null]
2025-12-17 12:59:51.306 [main] INFO  controlador.GestionaUsuarios - Usuario [id=usr034, username=User034, email=user034@fitdroid.com, plan_activo=ANUAL, dispositivo=iphone15, preferencias=null]
2025-12-17 12:59:51.306 [main] INFO  controlador.GestionaUsuarios - Usuario [id=usr035, username=User035, email=user035@fitdroid.com, plan_activo=VIP, dispositivo=iphone17, preferencias=null]
2025-12-17 12:59:51.306 [main] INFO  controlador.GestionaUsuarios - Usuario [id=usr036, username=User036, email=user036@fitdroid.com, plan_activo=FREE, dispositivo=android13, preferencias=null]
2025-12-17 12:59:51.306 [main] INFO  controlador.GestionaUsuarios - Usuario [id=usr037, username=User037, email=user037@fitdroid.com, plan_activo=MENSUAL, dispositivo=android13, preferencias=null]
2025-12-17 12:59:51.306 [main] INFO  controlador.GestionaUsuarios - Usuario [id=usr038, username=User038, email=user038@fitdroid.com, plan_activo=TRIMESTRAL, dispositivo=iphone14, preferencias=null]
2025-12-17 12:59:51.306 [main] INFO  controlador.GestionaUsuarios - Usuario [id=usr039, username=User039, email=user039@fitdroid.com, plan_activo=ANUAL, dispositivo=android14, preferencias=null]
2025-12-17 12:59:51.306 [main] INFO  controlador.GestionaUsuarios - Usuario [id=usr040, username=User040, email=user040@fitdroid.com, plan_activo=VIP, dispositivo=android14, preferencias=null]
2025-12-17 13:00:53.634 [main] INFO  controlador.GestionaUsuarios - Usuario [id=usr001, username=User001, email=user001@fitdroid.com, plan_activo=MENSUAL, dispositivo=android14, preferencias=null]
2025-12-17 13:00:53.639 [main] INFO  controlador.GestionaUsuarios - Usuario [id=usr002, username=User002, email=user002@fitdroid.com, plan_activo=MENSUAL, dispositivo=android11, preferencias=null]
2025-12-17 13:00:53.639 [main] INFO  controlador.GestionaUsuarios - Usuario [id=usr003, username=User003, email=user003@fitdroid.com, plan_activo=TRIMESTRAL, dispositivo=android12, preferencias=null]
2025-12-17 13:00:53.639 [main] INFO  controlador.GestionaUsuarios - Usuario [id=usr004, username=User004, email=user004@fitdroid.com, plan_activo=ANUAL, dispositivo=iphone16, preferencias=null]
2025-12-17 13:00:53.639 [main] INFO  controlador.GestionaUsuarios - Usuario [id=usr005, username=User005, email=user005@fitdroid.com, plan_activo=MENSUAL, dispositivo=android14, preferencias=null]
2025-12-17 13:00:53.639 [main] INFO  controlador.GestionaUsuarios - Usuario [id=usr006, username=User006, email=user006@fitdroid.com, plan_activo=FREE, dispositivo=android13, preferencias=null]
2025-12-17 13:00:53.639 [main] INFO  controlador.GestionaUsuarios - Usuario [id=usr007, username=User007, email=user007@fitdroid.com, plan_activo=MENSUAL, dispositivo=android11, preferencias=null]
2025-12-17 13:00:53.639 [main] INFO  controlador.GestionaUsuarios - Usuario [id=usr008, username=User008, email=user008@fitdroid.com, plan_activo=TRIMESTRAL, dispositivo=android11, preferencias=null]
2025-12-17 13:00:53.639 [main] INFO  controlador.GestionaUsuarios - Usuario [id=usr009, username=User009, email=user009@fitdroid.com, plan_activo=ANUAL, dispositivo=android12, preferencias=null]
2025-12-17 13:00:53.639 [main] INFO  controlador.GestionaUsuarios - Usuario [id=usr010, username=User010, email=user010@fitdroid.com, plan_activo=VIP, dispositivo=android13, preferencias=null]
2025-12-17 13:00:53.640 [main] INFO  controlador.GestionaUsuarios - Usuario [id=usr011, username=User011, email=user011@fitdroid.com, plan_activo=FREE, dispositivo=android13, preferencias=null]
2025-12-17 13:00:53.640 [main] INFO  controlador.GestionaUsuarios - Usuario [id=usr012, username=User012, email=user012@fitdroid.com, plan_activo=MENSUAL, dispositivo=iphone17, preferencias=null]
2025-12-17 13:00:53.640 [main] INFO  controlador.GestionaUsuarios - Usuario [id=usr013, username=User013, email=user013@fitdroid.com, plan_activo=TRIMESTRAL, dispositivo=android12, preferencias=null]
2025-12-17 13:00:53.640 [main] INFO  controlador.GestionaUsuarios - Usuario [id=usr014, username=User014, email=user014@fitdroid.com, plan_activo=ANUAL, dispositivo=android11, preferencias=null]
2025-12-17 13:00:53.640 [main] INFO  controlador.GestionaUsuarios - Usuario [id=usr015, username=User015, email=user015@fitdroid.com, plan_activo=VIP, dispositivo=android13, preferencias=null]
2025-12-17 13:00:53.640 [main] INFO  controlador.GestionaUsuarios - Usuario [id=usr016, username=User016, email=user016@fitdroid.com, plan_activo=FREE, dispositivo=iphone16, preferencias=null]
2025-12-17 13:00:53.640 [main] INFO  controlador.GestionaUsuarios - Usuario [id=usr017, username=User017, email=user017@fitdroid.com, plan_activo=MENSUAL, dispositivo=android13, preferencias=null]
2025-12-17 13:00:53.640 [main] INFO  controlador.GestionaUsuarios - Usuario [id=usr018, username=User018, email=user018@fitdroid.com, plan_activo=TRIMESTRAL, dispositivo=iphone16, preferencias=null]
2025-12-17 13:00:53.640 [main] INFO  controlador.GestionaUsuarios - Usuario [id=usr019, username=User019, email=user019@fitdroid.com, plan_activo=ANUAL, dispositivo=android11, preferencias=null]
2025-12-17 13:00:53.640 [main] INFO  controlador.GestionaUsuarios - Usuario [id=usr020, username=User020, email=user020@fitdroid.com, plan_activo=VIP, dispositivo=iphone17, preferencias=null]
2025-12-17 13:00:53.640 [main] INFO  controlador.GestionaUsuarios - Usuario [id=usr021, username=User021, email=user021@fitdroid.com, plan_activo=FREE, dispositivo=android11, preferencias=null]
2025-12-17 13:00:53.641 [main] INFO  controlador.GestionaUsuarios - Usuario [id=usr022, username=User022, email=user022@fitdroid.com, plan_activo=MENSUAL, dispositivo=iphone17, preferencias=null]
2025-12-17 13:00:53.641 [main] INFO  controlador.GestionaUsuarios - Usuario [id=usr023, username=User023, email=user023@fitdroid.com, plan_activo=MENSUAL, dispositivo=android14, preferencias=null]
2025-12-17 13:00:53.641 [main] INFO  controlador.GestionaUsuarios - Usuario [id=usr024, username=User024, email=user024@fitdroid.com, plan_activo=ANUAL, dispositivo=android13, preferencias=null]
2025-12-17 13:00:53.641 [main] INFO  controlador.GestionaUsuarios - Usuario [id=usr025, username=User025, email=user025@fitdroid.com, plan_activo=VIP, dispositivo=iphone15, preferencias=null]
2025-12-17 13:00:53.641 [main] INFO  controlador.GestionaUsuarios - Usuario [id=usr026, username=User026, email=user026@fitdroid.com, plan_activo=FREE, dispositivo=iphone14, preferencias=null]
2025-12-17 13:00:53.641 [main] INFO  controlador.GestionaUsuarios - Usuario [id=usr027, username=User027, email=user027@fitdroid.com, plan_activo=MENSUAL, dispositivo=iphone17, preferencias=null]
2025-12-17 13:00:53.641 [main] INFO  controlador.GestionaUsuarios - Usuario [id=usr028, username=User028, email=user028@fitdroid.com, plan_activo=TRIMESTRAL, dispositivo=android13, preferencias=null]
2025-12-17 13:00:53.641 [main] INFO  controlador.GestionaUsuarios - Usuario [id=usr029, username=User029, email=user029@fitdroid.com, plan_activo=ANUAL, dispositivo=android14, preferencias=null]
2025-12-17 13:00:53.641 [main] INFO  controlador.GestionaUsuarios - Usuario [id=usr030, username=User030, email=user030@fitdroid.com, plan_activo=VIP, dispositivo=android11, preferencias=null]
2025-12-17 13:00:53.641 [main] INFO  controlador.GestionaUsuarios - Usuario [id=usr031, username=User031, email=user031@fitdroid.com, plan_activo=FREE, dispositivo=iphone15, preferencias=null]
2025-12-17 13:00:53.641 [main] INFO  controlador.GestionaUsuarios - Usuario [id=usr032, username=User032, email=user032@fitdroid.com, plan_activo=MENSUAL, dispositivo=android12, preferencias=null]
2025-12-17 13:00:53.641 [main] INFO  controlador.GestionaUsuarios - Usuario [id=usr033, username=User033, email=user033@fitdroid.com, plan_activo=TRIMESTRAL, dispositivo=android14, preferencias=null]
2025-12-17 13:00:53.641 [main] INFO  controlador.GestionaUsuarios - Usuario [id=usr034, username=User034, email=user034@fitdroid.com, plan_activo=ANUAL, dispositivo=iphone15, preferencias=null]
2025-12-17 13:00:53.642 [main] INFO  controlador.GestionaUsuarios - Usuario [id=usr035, username=User035, email=user035@fitdroid.com, plan_activo=VIP, dispositivo=iphone17, preferencias=null]
2025-12-17 13:00:53.642 [main] INFO  controlador.GestionaUsuarios - Usuario [id=usr036, username=User036, email=user036@fitdroid.com, plan_activo=FREE, dispositivo=android13, preferencias=null]
2025-12-17 13:00:53.642 [main] INFO  controlador.GestionaUsuarios - Usuario [id=usr037, username=User037, email=user037@fitdroid.com, plan_activo=MENSUAL, dispositivo=android13, preferencias=null]
2025-12-17 13:00:53.642 [main] INFO  controlador.GestionaUsuarios - Usuario [id=usr038, username=User038, email=user038@fitdroid.com, plan_activo=TRIMESTRAL, dispositivo=iphone14, preferencias=null]
2025-12-17 13:00:53.642 [main] INFO  controlador.GestionaUsuarios - Usuario [id=usr039, username=User039, email=user039@fitdroid.com, plan_activo=ANUAL, dispositivo=android14, preferencias=null]
2025-12-17 13:00:53.642 [main] INFO  controlador.GestionaUsuarios - Usuario [id=usr040, username=User040, email=user040@fitdroid.com, plan_activo=VIP, dispositivo=android14, preferencias=null]
2025-12-17 13:00:53.671 [main] INFO  controlador.GestionaUsuarios - Usuario [id=usr002, username=User002, email=user002@fitdroid.com, plan_activo=MENSUAL, dispositivo=android11, preferencias=Preferencias [tema_oscuro=false, idioma=ES, notificaciones_push=true, limite_datos_moviles=false]]
2025-12-17 13:00:53.685 [main] INFO  controlador.GestionaUsuarios - Usuario [id=usr001, username=User001, email=user001@fitdroid.com, plan_activo=MENSUAL, dispositivo=android14, preferencias=null]
2025-12-17 13:00:53.685 [main] INFO  controlador.GestionaUsuarios - Usuario [id=usr002, username=User002, email=user002@fitdroid.com, plan_activo=MENSUAL, dispositivo=android11, preferencias=null]
2025-12-17 13:00:53.686 [main] INFO  controlador.GestionaUsuarios - Usuario [id=usr003, username=User003, email=user003@fitdroid.com, plan_activo=TRIMESTRAL, dispositivo=android12, preferencias=null]
2025-12-17 13:00:53.686 [main] INFO  controlador.GestionaUsuarios - Usuario [id=usr004, username=User004, email=user004@fitdroid.com, plan_activo=ANUAL, dispositivo=iphone16, preferencias=null]
2025-12-17 13:00:53.686 [main] INFO  controlador.GestionaUsuarios - Usuario [id=usr005, username=User005, email=user005@fitdroid.com, plan_activo=MENSUAL, dispositivo=android14, preferencias=null]
2025-12-17 13:00:53.686 [main] INFO  controlador.GestionaUsuarios - Usuario [id=usr006, username=User006, email=user006@fitdroid.com, plan_activo=FREE, dispositivo=android13, preferencias=null]
2025-12-17 13:00:53.686 [main] INFO  controlador.GestionaUsuarios - Usuario [id=usr007, username=User007, email=user007@fitdroid.com, plan_activo=MENSUAL, dispositivo=android11, preferencias=null]
2025-12-17 13:00:53.686 [main] INFO  controlador.GestionaUsuarios - Usuario [id=usr008, username=User008, email=user008@fitdroid.com, plan_activo=TRIMESTRAL, dispositivo=android11, preferencias=null]
2025-12-17 13:00:53.686 [main] INFO  controlador.GestionaUsuarios - Usuario [id=usr009, username=User009, email=user009@fitdroid.com, plan_activo=ANUAL, dispositivo=android12, preferencias=null]
2025-12-17 13:00:53.686 [main] INFO  controlador.GestionaUsuarios - Usuario [id=usr010, username=User010, email=user010@fitdroid.com, plan_activo=VIP, dispositivo=android13, preferencias=null]
2025-12-17 13:00:53.686 [main] INFO  controlador.GestionaUsuarios - Usuario [id=usr011, username=User011, email=user011@fitdroid.com, plan_activo=FREE, dispositivo=android13, preferencias=null]
2025-12-17 13:00:53.686 [main] INFO  controlador.GestionaUsuarios - Usuario [id=usr012, username=User012, email=user012@fitdroid.com, plan_activo=MENSUAL, dispositivo=iphone17, preferencias=null]
2025-12-17 13:00:53.687 [main] INFO  controlador.GestionaUsuarios - Usuario [id=usr013, username=User013, email=user013@fitdroid.com, plan_activo=TRIMESTRAL, dispositivo=android12, preferencias=null]
2025-12-17 13:00:53.687 [main] INFO  controlador.GestionaUsuarios - Usuario [id=usr014, username=User014, email=user014@fitdroid.com, plan_activo=ANUAL, dispositivo=android11, preferencias=null]
2025-12-17 13:00:53.687 [main] INFO  controlador.GestionaUsuarios - Usuario [id=usr015, username=User015, email=user015@fitdroid.com, plan_activo=VIP, dispositivo=android13, preferencias=null]
2025-12-17 13:00:53.687 [main] INFO  controlador.GestionaUsuarios - Usuario [id=usr016, username=User016, email=user016@fitdroid.com, plan_activo=FREE, dispositivo=iphone16, preferencias=null]
2025-12-17 13:00:53.687 [main] INFO  controlador.GestionaUsuarios - Usuario [id=usr017, username=User017, email=user017@fitdroid.com, plan_activo=MENSUAL, dispositivo=android13, preferencias=null]
2025-12-17 13:00:53.687 [main] INFO  controlador.GestionaUsuarios - Usuario [id=usr018, username=User018, email=user018@fitdroid.com, plan_activo=TRIMESTRAL, dispositivo=iphone16, preferencias=null]
2025-12-17 13:00:53.687 [main] INFO  controlador.GestionaUsuarios - Usuario [id=usr019, username=User019, email=user019@fitdroid.com, plan_activo=ANUAL, dispositivo=android11, preferencias=null]
2025-12-17 13:00:53.687 [main] INFO  controlador.GestionaUsuarios - Usuario [id=usr020, username=User020, email=user020@fitdroid.com, plan_activo=VIP, dispositivo=iphone17, preferencias=null]
2025-12-17 13:00:53.687 [main] INFO  controlador.GestionaUsuarios - Usuario [id=usr021, username=User021, email=user021@fitdroid.com, plan_activo=FREE, dispositivo=android11, preferencias=null]
2025-12-17 13:00:53.687 [main] INFO  controlador.GestionaUsuarios - Usuario [id=usr022, username=User022, email=user022@fitdroid.com, plan_activo=MENSUAL, dispositivo=iphone17, preferencias=null]
2025-12-17 13:00:53.688 [main] INFO  controlador.GestionaUsuarios - Usuario [id=usr023, username=User023, email=user023@fitdroid.com, plan_activo=MENSUAL, dispositivo=android14, preferencias=null]
2025-12-17 13:00:53.688 [main] INFO  controlador.GestionaUsuarios - Usuario [id=usr024, username=User024, email=user024@fitdroid.com, plan_activo=ANUAL, dispositivo=android13, preferencias=null]
2025-12-17 13:00:53.688 [main] INFO  controlador.GestionaUsuarios - Usuario [id=usr025, username=User025, email=user025@fitdroid.com, plan_activo=VIP, dispositivo=iphone15, preferencias=null]
2025-12-17 13:00:53.688 [main] INFO  controlador.GestionaUsuarios - Usuario [id=usr026, username=User026, email=user026@fitdroid.com, plan_activo=FREE, dispositivo=iphone14, preferencias=null]
2025-12-17 13:00:53.688 [main] INFO  controlador.GestionaUsuarios - Usuario [id=usr027, username=User027, email=user027@fitdroid.com, plan_activo=MENSUAL, dispositivo=iphone17, preferencias=null]
2025-12-17 13:00:53.688 [main] INFO  controlador.GestionaUsuarios - Usuario [id=usr028, username=User028, email=user028@fitdroid.com, plan_activo=TRIMESTRAL, dispositivo=android13, preferencias=null]
2025-12-17 13:00:53.688 [main] INFO  controlador.GestionaUsuarios - Usuario [id=usr029, username=User029, email=user029@fitdroid.com, plan_activo=ANUAL, dispositivo=android14, preferencias=null]
2025-12-17 13:00:53.688 [main] INFO  controlador.GestionaUsuarios - Usuario [id=usr030, username=User030, email=user030@fitdroid.com, plan_activo=VIP, dispositivo=android11, preferencias=null]
2025-12-17 13:00:53.689 [main] INFO  controlador.GestionaUsuarios - Usuario [id=usr031, username=User031, email=user031@fitdroid.com, plan_activo=FREE, dispositivo=iphone15, preferencias=null]
2025-12-17 13:00:53.689 [main] INFO  controlador.GestionaUsuarios - Usuario [id=usr032, username=User032, email=user032@fitdroid.com, plan_activo=MENSUAL, dispositivo=android12, preferencias=null]
2025-12-17 13:00:53.689 [main] INFO  controlador.GestionaUsuarios - Usuario [id=usr033, username=User033, email=user033@fitdroid.com, plan_activo=TRIMESTRAL, dispositivo=android14, preferencias=null]
2025-12-17 13:00:53.689 [main] INFO  controlador.GestionaUsuarios - Usuario [id=usr034, username=User034, email=user034@fitdroid.com, plan_activo=ANUAL, dispositivo=iphone15, preferencias=null]
2025-12-17 13:00:53.689 [main] INFO  controlador.GestionaUsuarios - Usuario [id=usr035, username=User035, email=user035@fitdroid.com, plan_activo=VIP, dispositivo=iphone17, preferencias=null]
2025-12-17 13:00:53.689 [main] INFO  controlador.GestionaUsuarios - Usuario [id=usr036, username=User036, email=user036@fitdroid.com, plan_activo=FREE, dispositivo=android13, preferencias=null]
2025-12-17 13:00:53.689 [main] INFO  controlador.GestionaUsuarios - Usuario [id=usr037, username=User037, email=user037@fitdroid.com, plan_activo=MENSUAL, dispositivo=android13, preferencias=null]
2025-12-17 13:00:53.689 [main] INFO  controlador.GestionaUsuarios - Usuario [id=usr038, username=User038, email=user038@fitdroid.com, plan_activo=TRIMESTRAL, dispositivo=iphone14, preferencias=null]
2025-12-17 13:00:53.689 [main] INFO  controlador.GestionaUsuarios - Usuario [id=usr039, username=User039, email=user039@fitdroid.com, plan_activo=ANUAL, dispositivo=android14, preferencias=null]
2025-12-17 13:00:53.689 [main] INFO  controlador.GestionaUsuarios - Usuario [id=usr040, username=User040, email=user040@fitdroid.com, plan_activo=VIP, dispositivo=android14, preferencias=null]
2025-12-17 13:02:40.390 [main] INFO  controlador.GestionaUsuarios - Usuario [id=usr001, username=User001, email=user001@fitdroid.com, plan_activo=MENSUAL, dispositivo=android14, preferencias=null]
2025-12-17 13:02:40.393 [main] INFO  controlador.GestionaUsuarios - Usuario [id=usr002, username=User002, email=user002@fitdroid.com, plan_activo=MENSUAL, dispositivo=android11, preferencias=null]
2025-12-17 13:02:40.393 [main] INFO  controlador.GestionaUsuarios - Usuario [id=usr003, username=User003, email=user003@fitdroid.com, plan_activo=TRIMESTRAL, dispositivo=android12, preferencias=null]
2025-12-17 13:02:40.394 [main] INFO  controlador.GestionaUsuarios - Usuario [id=usr004, username=User004, email=user004@fitdroid.com, plan_activo=ANUAL, dispositivo=iphone16, preferencias=null]
2025-12-17 13:02:40.394 [main] INFO  controlador.GestionaUsuarios - Usuario [id=usr005, username=User005, email=user005@fitdroid.com, plan_activo=MENSUAL, dispositivo=android14, preferencias=null]
2025-12-17 13:02:40.394 [main] INFO  controlador.GestionaUsuarios - Usuario [id=usr006, username=User006, email=user006@fitdroid.com, plan_activo=FREE, dispositivo=android13, preferencias=null]
2025-12-17 13:02:40.394 [main] INFO  controlador.GestionaUsuarios - Usuario [id=usr007, username=User007, email=user007@fitdroid.com, plan_activo=MENSUAL, dispositivo=android11, preferencias=null]
2025-12-17 13:02:40.394 [main] INFO  controlador.GestionaUsuarios - Usuario [id=usr008, username=User008, email=user008@fitdroid.com, plan_activo=TRIMESTRAL, dispositivo=android11, preferencias=null]
2025-12-17 13:02:40.394 [main] INFO  controlador.GestionaUsuarios - Usuario [id=usr009, username=User009, email=user009@fitdroid.com, plan_activo=ANUAL, dispositivo=android12, preferencias=null]
2025-12-17 13:02:40.394 [main] INFO  controlador.GestionaUsuarios - Usuario [id=usr010, username=User010, email=user010@fitdroid.com, plan_activo=VIP, dispositivo=android13, preferencias=null]
2025-12-17 13:02:40.394 [main] INFO  controlador.GestionaUsuarios - Usuario [id=usr011, username=User011, email=user011@fitdroid.com, plan_activo=FREE, dispositivo=android13, preferencias=null]
2025-12-17 13:02:40.394 [main] INFO  controlador.GestionaUsuarios - Usuario [id=usr012, username=User012, email=user012@fitdroid.com, plan_activo=MENSUAL, dispositivo=iphone17, preferencias=null]
2025-12-17 13:02:40.394 [main] INFO  controlador.GestionaUsuarios - Usuario [id=usr013, username=User013, email=user013@fitdroid.com, plan_activo=TRIMESTRAL, dispositivo=android12, preferencias=null]
2025-12-17 13:02:40.394 [main] INFO  controlador.GestionaUsuarios - Usuario [id=usr014, username=User014, email=user014@fitdroid.com, plan_activo=ANUAL, dispositivo=android11, preferencias=null]
2025-12-17 13:02:40.395 [main] INFO  controlador.GestionaUsuarios - Usuario [id=usr015, username=User015, email=user015@fitdroid.com, plan_activo=VIP, dispositivo=android13, preferencias=null]
2025-12-17 13:02:40.395 [main] INFO  controlador.GestionaUsuarios - Usuario [id=usr016, username=User016, email=user016@fitdroid.com, plan_activo=FREE, dispositivo=iphone16, preferencias=null]
2025-12-17 13:02:40.395 [main] INFO  controlador.GestionaUsuarios - Usuario [id=usr017, username=User017, email=user017@fitdroid.com, plan_activo=MENSUAL, dispositivo=android13, preferencias=null]
2025-12-17 13:02:40.395 [main] INFO  controlador.GestionaUsuarios - Usuario [id=usr018, username=User018, email=user018@fitdroid.com, plan_activo=TRIMESTRAL, dispositivo=iphone16, preferencias=null]
2025-12-17 13:02:40.395 [main] INFO  controlador.GestionaUsuarios - Usuario [id=usr019, username=User019, email=user019@fitdroid.com, plan_activo=ANUAL, dispositivo=android11, preferencias=null]
2025-12-17 13:02:40.395 [main] INFO  controlador.GestionaUsuarios - Usuario [id=usr020, username=User020, email=user020@fitdroid.com, plan_activo=VIP, dispositivo=iphone17, preferencias=null]
2025-12-17 13:02:40.395 [main] INFO  controlador.GestionaUsuarios - Usuario [id=usr021, username=User021, email=user021@fitdroid.com, plan_activo=FREE, dispositivo=android11, preferencias=null]
2025-12-17 13:02:40.395 [main] INFO  controlador.GestionaUsuarios - Usuario [id=usr022, username=User022, email=user022@fitdroid.com, plan_activo=MENSUAL, dispositivo=iphone17, preferencias=null]
2025-12-17 13:02:40.395 [main] INFO  controlador.GestionaUsuarios - Usuario [id=usr023, username=User023, email=user023@fitdroid.com, plan_activo=MENSUAL, dispositivo=android14, preferencias=null]
2025-12-17 13:02:40.395 [main] INFO  controlador.GestionaUsuarios - Usuario [id=usr024, username=User024, email=user024@fitdroid.com, plan_activo=ANUAL, dispositivo=android13, preferencias=null]
2025-12-17 13:02:40.395 [main] INFO  controlador.GestionaUsuarios - Usuario [id=usr025, username=User025, email=user025@fitdroid.com, plan_activo=VIP, dispositivo=iphone15, preferencias=null]
2025-12-17 13:02:40.396 [main] INFO  controlador.GestionaUsuarios - Usuario [id=usr026, username=User026, email=user026@fitdroid.com, plan_activo=FREE, dispositivo=iphone14, preferencias=null]
2025-12-17 13:02:40.396 [main] INFO  controlador.GestionaUsuarios - Usuario [id=usr027, username=User027, email=user027@fitdroid.com, plan_activo=MENSUAL, dispositivo=iphone17, preferencias=null]
2025-12-17 13:02:40.396 [main] INFO  controlador.GestionaUsuarios - Usuario [id=usr028, username=User028, email=user028@fitdroid.com, plan_activo=TRIMESTRAL, dispositivo=android13, preferencias=null]
2025-12-17 13:02:40.396 [main] INFO  controlador.GestionaUsuarios - Usuario [id=usr029, username=User029, email=user029@fitdroid.com, plan_activo=ANUAL, dispositivo=android14, preferencias=null]
2025-12-17 13:02:40.396 [main] INFO  controlador.GestionaUsuarios - Usuario [id=usr030, username=User030, email=user030@fitdroid.com, plan_activo=VIP, dispositivo=android11, preferencias=null]
2025-12-17 13:02:40.396 [main] INFO  controlador.GestionaUsuarios - Usuario [id=usr031, username=User031, email=user031@fitdroid.com, plan_activo=FREE, dispositivo=iphone15, preferencias=null]
2025-12-17 13:02:40.396 [main] INFO  controlador.GestionaUsuarios - Usuario [id=usr032, username=User032, email=user032@fitdroid.com, plan_activo=MENSUAL, dispositivo=android12, preferencias=null]
2025-12-17 13:02:40.396 [main] INFO  controlador.GestionaUsuarios - Usuario [id=usr033, username=User033, email=user033@fitdroid.com, plan_activo=TRIMESTRAL, dispositivo=android14, preferencias=null]
2025-12-17 13:02:40.396 [main] INFO  controlador.GestionaUsuarios - Usuario [id=usr034, username=User034, email=user034@fitdroid.com, plan_activo=ANUAL, dispositivo=iphone15, preferencias=null]
2025-12-17 13:02:40.397 [main] INFO  controlador.GestionaUsuarios - Usuario [id=usr035, username=User035, email=user035@fitdroid.com, plan_activo=VIP, dispositivo=iphone17, preferencias=null]
2025-12-17 13:02:40.397 [main] INFO  controlador.GestionaUsuarios - Usuario [id=usr036, username=User036, email=user036@fitdroid.com, plan_activo=FREE, dispositivo=android13, preferencias=null]
2025-12-17 13:02:40.397 [main] INFO  controlador.GestionaUsuarios - Usuario [id=usr037, username=User037, email=user037@fitdroid.com, plan_activo=MENSUAL, dispositivo=android13, preferencias=null]
2025-12-17 13:02:40.397 [main] INFO  controlador.GestionaUsuarios - Usuario [id=usr038, username=User038, email=user038@fitdroid.com, plan_activo=TRIMESTRAL, dispositivo=iphone14, preferencias=null]
2025-12-17 13:02:40.397 [main] INFO  controlador.GestionaUsuarios - Usuario [id=usr039, username=User039, email=user039@fitdroid.com, plan_activo=ANUAL, dispositivo=android14, preferencias=null]
2025-12-17 13:02:40.397 [main] INFO  controlador.GestionaUsuarios - Usuario [id=usr040, username=User040, email=user040@fitdroid.com, plan_activo=VIP, dispositivo=android14, preferencias=null]
2025-12-17 13:02:40.425 [main] INFO  controlador.GestionaUsuarios - Usuario [id=usr002, username=User002, email=user002@fitdroid.com, plan_activo=MENSUAL, dispositivo=android11, preferencias=Preferencias [tema_oscuro=false, idioma=ES, notificaciones_push=true, limite_datos_moviles=false]]
2025-12-17 13:02:40.438 [main] INFO  controlador.GestionaUsuarios - Usuario [id=usr001, username=User001, email=user001@fitdroid.com, plan_activo=MENSUAL, dispositivo=android14, preferencias=null]
2025-12-17 13:02:40.439 [main] INFO  controlador.GestionaUsuarios - Usuario [id=usr002, username=User002, email=user002@fitdroid.com, plan_activo=MENSUAL, dispositivo=android11, preferencias=null]
2025-12-17 13:02:40.439 [main] INFO  controlador.GestionaUsuarios - Usuario [id=usr003, username=User003, email=user003@fitdroid.com, plan_activo=TRIMESTRAL, dispositivo=android12, preferencias=null]
2025-12-17 13:02:40.439 [main] INFO  controlador.GestionaUsuarios - Usuario [id=usr004, username=User004, email=user004@fitdroid.com, plan_activo=ANUAL, dispositivo=iphone16, preferencias=null]
2025-12-17 13:02:40.439 [main] INFO  controlador.GestionaUsuarios - Usuario [id=usr005, username=User005, email=user005@fitdroid.com, plan_activo=MENSUAL, dispositivo=android14, preferencias=null]
2025-12-17 13:02:40.439 [main] INFO  controlador.GestionaUsuarios - Usuario [id=usr006, username=User006, email=user006@fitdroid.com, plan_activo=FREE, dispositivo=android13, preferencias=null]
2025-12-17 13:02:40.439 [main] INFO  controlador.GestionaUsuarios - Usuario [id=usr007, username=User007, email=user007@fitdroid.com, plan_activo=MENSUAL, dispositivo=android11, preferencias=null]
2025-12-17 13:02:40.439 [main] INFO  controlador.GestionaUsuarios - Usuario [id=usr008, username=User008, email=user008@fitdroid.com, plan_activo=TRIMESTRAL, dispositivo=android11, preferencias=null]
2025-12-17 13:02:40.439 [main] INFO  controlador.GestionaUsuarios - Usuario [id=usr009, username=User009, email=user009@fitdroid.com, plan_activo=ANUAL, dispositivo=android12, preferencias=null]
2025-12-17 13:02:40.439 [main] INFO  controlador.GestionaUsuarios - Usuario [id=usr010, username=User010, email=user010@fitdroid.com, plan_activo=VIP, dispositivo=android13, preferencias=null]
2025-12-17 13:02:40.440 [main] INFO  controlador.GestionaUsuarios - Usuario [id=usr011, username=User011, email=user011@fitdroid.com, plan_activo=FREE, dispositivo=android13, preferencias=null]
2025-12-17 13:02:40.440 [main] INFO  controlador.GestionaUsuarios - Usuario [id=usr012, username=User012, email=user012@fitdroid.com, plan_activo=MENSUAL, dispositivo=iphone17, preferencias=null]
2025-12-17 13:02:40.440 [main] INFO  controlador.GestionaUsuarios - Usuario [id=usr013, username=User013, email=user013@fitdroid.com, plan_activo=TRIMESTRAL, dispositivo=android12, preferencias=null]
2025-12-17 13:02:40.440 [main] INFO  controlador.GestionaUsuarios - Usuario [id=usr014, username=User014, email=user014@fitdroid.com, plan_activo=ANUAL, dispositivo=android11, preferencias=null]
2025-12-17 13:02:40.440 [main] INFO  controlador.GestionaUsuarios - Usuario [id=usr015, username=User015, email=user015@fitdroid.com, plan_activo=VIP, dispositivo=android13, preferencias=null]
2025-12-17 13:02:40.440 [main] INFO  controlador.GestionaUsuarios - Usuario [id=usr016, username=User016, email=user016@fitdroid.com, plan_activo=FREE, dispositivo=iphone16, preferencias=null]
2025-12-17 13:02:40.440 [main] INFO  controlador.GestionaUsuarios - Usuario [id=usr017, username=User017, email=user017@fitdroid.com, plan_activo=MENSUAL, dispositivo=android13, preferencias=null]
2025-12-17 13:02:40.440 [main] INFO  controlador.GestionaUsuarios - Usuario [id=usr018, username=User018, email=user018@fitdroid.com, plan_activo=TRIMESTRAL, dispositivo=iphone16, preferencias=null]
2025-12-17 13:02:40.440 [main] INFO  controlador.GestionaUsuarios - Usuario [id=usr019, username=User019, email=user019@fitdroid.com, plan_activo=ANUAL, dispositivo=android11, preferencias=null]
2025-12-17 13:02:40.440 [main] INFO  controlador.GestionaUsuarios - Usuario [id=usr020, username=User020, email=user020@fitdroid.com, plan_activo=VIP, dispositivo=iphone17, preferencias=null]
2025-12-17 13:02:40.440 [main] INFO  controlador.GestionaUsuarios - Usuario [id=usr021, username=User021, email=user021@fitdroid.com, plan_activo=FREE, dispositivo=android11, preferencias=null]
2025-12-17 13:02:40.441 [main] INFO  controlador.GestionaUsuarios - Usuario [id=usr022, username=User022, email=user022@fitdroid.com, plan_activo=MENSUAL, dispositivo=iphone17, preferencias=null]
2025-12-17 13:02:40.441 [main] INFO  controlador.GestionaUsuarios - Usuario [id=usr023, username=User023, email=user023@fitdroid.com, plan_activo=MENSUAL, dispositivo=android14, preferencias=null]
2025-12-17 13:02:40.441 [main] INFO  controlador.GestionaUsuarios - Usuario [id=usr024, username=User024, email=user024@fitdroid.com, plan_activo=ANUAL, dispositivo=android13, preferencias=null]
2025-12-17 13:02:40.441 [main] INFO  controlador.GestionaUsuarios - Usuario [id=usr025, username=User025, email=user025@fitdroid.com, plan_activo=VIP, dispositivo=iphone15, preferencias=null]
2025-12-17 13:02:40.441 [main] INFO  controlador.GestionaUsuarios - Usuario [id=usr026, username=User026, email=user026@fitdroid.com, plan_activo=FREE, dispositivo=iphone14, preferencias=null]
2025-12-17 13:02:40.442 [main] INFO  controlador.GestionaUsuarios - Usuario [id=usr027, username=User027, email=user027@fitdroid.com, plan_activo=MENSUAL, dispositivo=iphone17, preferencias=null]
2025-12-17 13:02:40.442 [main] INFO  controlador.GestionaUsuarios - Usuario [id=usr028, username=User028, email=user028@fitdroid.com, plan_activo=TRIMESTRAL, dispositivo=android13, preferencias=null]
2025-12-17 13:02:40.442 [main] INFO  controlador.GestionaUsuarios - Usuario [id=usr029, username=User029, email=user029@fitdroid.com, plan_activo=ANUAL, dispositivo=android14, preferencias=null]
2025-12-17 13:02:40.442 [main] INFO  controlador.GestionaUsuarios - Usuario [id=usr030, username=User030, email=user030@fitdroid.com, plan_activo=VIP, dispositivo=android11, preferencias=null]
2025-12-17 13:02:40.442 [main] INFO  controlador.GestionaUsuarios - Usuario [id=usr031, username=User031, email=user031@fitdroid.com, plan_activo=FREE, dispositivo=iphone15, preferencias=null]
2025-12-17 13:02:40.442 [main] INFO  controlador.GestionaUsuarios - Usuario [id=usr032, username=User032, email=user032@fitdroid.com, plan_activo=MENSUAL, dispositivo=android12, preferencias=null]
2025-12-17 13:02:40.442 [main] INFO  controlador.GestionaUsuarios - Usuario [id=usr033, username=User033, email=user033@fitdroid.com, plan_activo=TRIMESTRAL, dispositivo=android14, preferencias=null]
2025-12-17 13:02:40.442 [main] INFO  controlador.GestionaUsuarios - Usuario [id=usr034, username=User034, email=user034@fitdroid.com, plan_activo=ANUAL, dispositivo=iphone15, preferencias=null]
2025-12-17 13:02:40.442 [main] INFO  controlador.GestionaUsuarios - Usuario [id=usr035, username=User035, email=user035@fitdroid.com, plan_activo=VIP, dispositivo=iphone17, preferencias=null]
2025-12-17 13:02:40.442 [main] INFO  controlador.GestionaUsuarios - Usuario [id=usr036, username=User036, email=user036@fitdroid.com, plan_activo=FREE, dispositivo=android13, preferencias=null]
2025-12-17 13:02:40.442 [main] INFO  controlador.GestionaUsuarios - Usuario [id=usr037, username=User037, email=user037@fitdroid.com, plan_activo=MENSUAL, dispositivo=android13, preferencias=null]
2025-12-17 13:02:40.442 [main] INFO  controlador.GestionaUsuarios - Usuario [id=usr038, username=User038, email=user038@fitdroid.com, plan_activo=TRIMESTRAL, dispositivo=iphone14, preferencias=null]
2025-12-17 13:02:40.442 [main] INFO  controlador.GestionaUsuarios - Usuario [id=usr039, username=User039, email=user039@fitdroid.com, plan_activo=ANUAL, dispositivo=android14, preferencias=null]
2025-12-17 13:02:40.442 [main] INFO  controlador.GestionaUsuarios - Usuario [id=usr040, username=User040, email=user040@fitdroid.com, plan_activo=VIP, dispositivo=android14, preferencias=null]
2025-12-17 13:14:44.821 [main] INFO  controlador.GestionaUsuarios - Usuario [id=usr001, username=User001, email=user001@fitdroid.com, plan_activo=MENSUAL, dispositivo=android14, preferencias=null]
2025-12-17 13:14:44.824 [main] INFO  controlador.GestionaUsuarios - Usuario [id=usr002, username=User002, email=user002@fitdroid.com, plan_activo=MENSUAL, dispositivo=android11, preferencias=null]
2025-12-17 13:14:44.825 [main] INFO  controlador.GestionaUsuarios - Usuario [id=usr003, username=User003, email=user003@fitdroid.com, plan_activo=TRIMESTRAL, dispositivo=android12, preferencias=null]
2025-12-17 13:14:44.825 [main] INFO  controlador.GestionaUsuarios - Usuario [id=usr004, username=User004, email=user004@fitdroid.com, plan_activo=ANUAL, dispositivo=iphone16, preferencias=null]
2025-12-17 13:14:44.825 [main] INFO  controlador.GestionaUsuarios - Usuario [id=usr005, username=User005, email=user005@fitdroid.com, plan_activo=MENSUAL, dispositivo=android14, preferencias=null]
2025-12-17 13:14:44.825 [main] INFO  controlador.GestionaUsuarios - Usuario [id=usr006, username=User006, email=user006@fitdroid.com, plan_activo=FREE, dispositivo=android13, preferencias=null]
2025-12-17 13:14:44.825 [main] INFO  controlador.GestionaUsuarios - Usuario [id=usr007, username=User007, email=user007@fitdroid.com, plan_activo=MENSUAL, dispositivo=android11, preferencias=null]
2025-12-17 13:14:44.825 [main] INFO  controlador.GestionaUsuarios - Usuario [id=usr008, username=User008, email=user008@fitdroid.com, plan_activo=TRIMESTRAL, dispositivo=android11, preferencias=null]
2025-12-17 13:14:44.825 [main] INFO  controlador.GestionaUsuarios - Usuario [id=usr009, username=User009, email=user009@fitdroid.com, plan_activo=ANUAL, dispositivo=android12, preferencias=null]
2025-12-17 13:14:44.825 [main] INFO  controlador.GestionaUsuarios - Usuario [id=usr010, username=User010, email=user010@fitdroid.com, plan_activo=VIP, dispositivo=android13, preferencias=null]
2025-12-17 13:14:44.825 [main] INFO  controlador.GestionaUsuarios - Usuario [id=usr011, username=User011, email=user011@fitdroid.com, plan_activo=FREE, dispositivo=android13, preferencias=null]
2025-12-17 13:14:44.825 [main] INFO  controlador.GestionaUsuarios - Usuario [id=usr012, username=User012, email=user012@fitdroid.com, plan_activo=MENSUAL, dispositivo=iphone17, preferencias=null]
2025-12-17 13:14:44.825 [main] INFO  controlador.GestionaUsuarios - Usuario [id=usr013, username=User013, email=user013@fitdroid.com, plan_activo=TRIMESTRAL, dispositivo=android12, preferencias=null]
2025-12-17 13:14:44.826 [main] INFO  controlador.GestionaUsuarios - Usuario [id=usr014, username=User014, email=user014@fitdroid.com, plan_activo=ANUAL, dispositivo=android11, preferencias=null]
2025-12-17 13:14:44.826 [main] INFO  controlador.GestionaUsuarios - Usuario [id=usr015, username=User015, email=user015@fitdroid.com, plan_activo=VIP, dispositivo=android13, preferencias=null]
2025-12-17 13:14:44.826 [main] INFO  controlador.GestionaUsuarios - Usuario [id=usr016, username=User016, email=user016@fitdroid.com, plan_activo=FREE, dispositivo=iphone16, preferencias=null]
2025-12-17 13:14:44.826 [main] INFO  controlador.GestionaUsuarios - Usuario [id=usr017, username=User017, email=user017@fitdroid.com, plan_activo=MENSUAL, dispositivo=android13, preferencias=null]
2025-12-17 13:14:44.826 [main] INFO  controlador.GestionaUsuarios - Usuario [id=usr018, username=User018, email=user018@fitdroid.com, plan_activo=TRIMESTRAL, dispositivo=iphone16, preferencias=null]
2025-12-17 13:14:44.826 [main] INFO  controlador.GestionaUsuarios - Usuario [id=usr019, username=User019, email=user019@fitdroid.com, plan_activo=ANUAL, dispositivo=android11, preferencias=null]
2025-12-17 13:14:44.826 [main] INFO  controlador.GestionaUsuarios - Usuario [id=usr020, username=User020, email=user020@fitdroid.com, plan_activo=VIP, dispositivo=iphone17, preferencias=null]
2025-12-17 13:14:44.826 [main] INFO  controlador.GestionaUsuarios - Usuario [id=usr021, username=User021, email=user021@fitdroid.com, plan_activo=FREE, dispositivo=android11, preferencias=null]
2025-12-17 13:14:44.826 [main] INFO  controlador.GestionaUsuarios - Usuario [id=usr022, username=User022, email=user022@fitdroid.com, plan_activo=MENSUAL, dispositivo=iphone17, preferencias=null]
2025-12-17 13:14:44.826 [main] INFO  controlador.GestionaUsuarios - Usuario [id=usr023, username=User023, email=user023@fitdroid.com, plan_activo=MENSUAL, dispositivo=android14, preferencias=null]
2025-12-17 13:14:44.827 [main] INFO  controlador.GestionaUsuarios - Usuario [id=usr024, username=User024, email=user024@fitdroid.com, plan_activo=ANUAL, dispositivo=android13, preferencias=null]
2025-12-17 13:14:44.827 [main] INFO  controlador.GestionaUsuarios - Usuario [id=usr025, username=User025, email=user025@fitdroid.com, plan_activo=VIP, dispositivo=iphone15, preferencias=null]
2025-12-17 13:14:44.827 [main] INFO  controlador.GestionaUsuarios - Usuario [id=usr026, username=User026, email=user026@fitdroid.com, plan_activo=FREE, dispositivo=iphone14, preferencias=null]
2025-12-17 13:14:44.827 [main] INFO  controlador.GestionaUsuarios - Usuario [id=usr027, username=User027, email=user027@fitdroid.com, plan_activo=MENSUAL, dispositivo=iphone17, preferencias=null]
2025-12-17 13:14:44.827 [main] INFO  controlador.GestionaUsuarios - Usuario [id=usr028, username=User028, email=user028@fitdroid.com, plan_activo=TRIMESTRAL, dispositivo=android13, preferencias=null]
2025-12-17 13:14:44.827 [main] INFO  controlador.GestionaUsuarios - Usuario [id=usr029, username=User029, email=user029@fitdroid.com, plan_activo=ANUAL, dispositivo=android14, preferencias=null]
2025-12-17 13:14:44.827 [main] INFO  controlador.GestionaUsuarios - Usuario [id=usr030, username=User030, email=user030@fitdroid.com, plan_activo=VIP, dispositivo=android11, preferencias=null]
2025-12-17 13:14:44.827 [main] INFO  controlador.GestionaUsuarios - Usuario [id=usr031, username=User031, email=user031@fitdroid.com, plan_activo=FREE, dispositivo=iphone15, preferencias=null]
2025-12-17 13:14:44.827 [main] INFO  controlador.GestionaUsuarios - Usuario [id=usr032, username=User032, email=user032@fitdroid.com, plan_activo=MENSUAL, dispositivo=android12, preferencias=null]
2025-12-17 13:14:44.827 [main] INFO  controlador.GestionaUsuarios - Usuario [id=usr033, username=User033, email=user033@fitdroid.com, plan_activo=TRIMESTRAL, dispositivo=android14, preferencias=null]
2025-12-17 13:14:44.827 [main] INFO  controlador.GestionaUsuarios - Usuario [id=usr034, username=User034, email=user034@fitdroid.com, plan_activo=ANUAL, dispositivo=iphone15, preferencias=null]
2025-12-17 13:14:44.827 [main] INFO  controlador.GestionaUsuarios - Usuario [id=usr035, username=User035, email=user035@fitdroid.com, plan_activo=VIP, dispositivo=iphone17, preferencias=null]
2025-12-17 13:14:44.828 [main] INFO  controlador.GestionaUsuarios - Usuario [id=usr036, username=User036, email=user036@fitdroid.com, plan_activo=FREE, dispositivo=android13, preferencias=null]
2025-12-17 13:14:44.828 [main] INFO  controlador.GestionaUsuarios - Usuario [id=usr037, username=User037, email=user037@fitdroid.com, plan_activo=MENSUAL, dispositivo=android13, preferencias=null]
2025-12-17 13:14:44.828 [main] INFO  controlador.GestionaUsuarios - Usuario [id=usr038, username=User038, email=user038@fitdroid.com, plan_activo=TRIMESTRAL, dispositivo=iphone14, preferencias=null]
2025-12-17 13:14:44.828 [main] INFO  controlador.GestionaUsuarios - Usuario [id=usr039, username=User039, email=user039@fitdroid.com, plan_activo=ANUAL, dispositivo=android14, preferencias=null]
2025-12-17 13:14:44.828 [main] INFO  controlador.GestionaUsuarios - Usuario [id=usr040, username=User040, email=user040@fitdroid.com, plan_activo=VIP, dispositivo=android14, preferencias=null]
2025-12-17 13:14:44.858 [main] INFO  controlador.GestionaUsuarios - Usuario [id=usr002, username=User002, email=user002@fitdroid.com, plan_activo=MENSUAL, dispositivo=android11, preferencias=Preferencias [tema_oscuro=false, idioma=ES, notificaciones_push=true, limite_datos_moviles=false]]
2025-12-17 13:14:44.869 [main] INFO  repositorio.UsuarioRepositorio - SELECT email,dispositivo FROM parradomanuel.usuarios where plan_activo=? 
2025-12-17 13:14:44.893 [main] INFO  controlador.GestionaUsuarios - Usuario [id=usr001, username=User001, email=user001@fitdroid.com, plan_activo=MENSUAL, dispositivo=android14, preferencias=null]
2025-12-17 13:14:44.893 [main] INFO  controlador.GestionaUsuarios - Usuario [id=usr002, username=User002, email=user002@fitdroid.com, plan_activo=MENSUAL, dispositivo=android11, preferencias=null]
2025-12-17 13:14:44.893 [main] INFO  controlador.GestionaUsuarios - Usuario [id=usr003, username=User003, email=user003@fitdroid.com, plan_activo=TRIMESTRAL, dispositivo=android12, preferencias=null]
2025-12-17 13:14:44.893 [main] INFO  controlador.GestionaUsuarios - Usuario [id=usr004, username=User004, email=user004@fitdroid.com, plan_activo=ANUAL, dispositivo=iphone16, preferencias=null]
2025-12-17 13:14:44.893 [main] INFO  controlador.GestionaUsuarios - Usuario [id=usr005, username=User005, email=user005@fitdroid.com, plan_activo=MENSUAL, dispositivo=android14, preferencias=null]
2025-12-17 13:14:44.893 [main] INFO  controlador.GestionaUsuarios - Usuario [id=usr006, username=User006, email=user006@fitdroid.com, plan_activo=FREE, dispositivo=android13, preferencias=null]
2025-12-17 13:14:44.893 [main] INFO  controlador.GestionaUsuarios - Usuario [id=usr007, username=User007, email=user007@fitdroid.com, plan_activo=MENSUAL, dispositivo=android11, preferencias=null]
2025-12-17 13:14:44.893 [main] INFO  controlador.GestionaUsuarios - Usuario [id=usr008, username=User008, email=user008@fitdroid.com, plan_activo=TRIMESTRAL, dispositivo=android11, preferencias=null]
2025-12-17 13:14:44.893 [main] INFO  controlador.GestionaUsuarios - Usuario [id=usr009, username=User009, email=user009@fitdroid.com, plan_activo=ANUAL, dispositivo=android12, preferencias=null]
2025-12-17 13:14:44.893 [main] INFO  controlador.GestionaUsuarios - Usuario [id=usr010, username=User010, email=user010@fitdroid.com, plan_activo=VIP, dispositivo=android13, preferencias=null]
2025-12-17 13:14:44.893 [main] INFO  controlador.GestionaUsuarios - Usuario [id=usr011, username=User011, email=user011@fitdroid.com, plan_activo=FREE, dispositivo=android13, preferencias=null]
2025-12-17 13:14:44.894 [main] INFO  controlador.GestionaUsuarios - Usuario [id=usr012, username=User012, email=user012@fitdroid.com, plan_activo=MENSUAL, dispositivo=iphone17, preferencias=null]
2025-12-17 13:14:44.894 [main] INFO  controlador.GestionaUsuarios - Usuario [id=usr013, username=User013, email=user013@fitdroid.com, plan_activo=TRIMESTRAL, dispositivo=android12, preferencias=null]
2025-12-17 13:14:44.894 [main] INFO  controlador.GestionaUsuarios - Usuario [id=usr014, username=User014, email=user014@fitdroid.com, plan_activo=ANUAL, dispositivo=android11, preferencias=null]
2025-12-17 13:14:44.894 [main] INFO  controlador.GestionaUsuarios - Usuario [id=usr015, username=User015, email=user015@fitdroid.com, plan_activo=VIP, dispositivo=android13, preferencias=null]
2025-12-17 13:14:44.894 [main] INFO  controlador.GestionaUsuarios - Usuario [id=usr016, username=User016, email=user016@fitdroid.com, plan_activo=FREE, dispositivo=iphone16, preferencias=null]
2025-12-17 13:14:44.894 [main] INFO  controlador.GestionaUsuarios - Usuario [id=usr017, username=User017, email=user017@fitdroid.com, plan_activo=MENSUAL, dispositivo=android13, preferencias=null]
2025-12-17 13:14:44.894 [main] INFO  controlador.GestionaUsuarios - Usuario [id=usr018, username=User018, email=user018@fitdroid.com, plan_activo=TRIMESTRAL, dispositivo=iphone16, preferencias=null]
2025-12-17 13:14:44.894 [main] INFO  controlador.GestionaUsuarios - Usuario [id=usr019, username=User019, email=user019@fitdroid.com, plan_activo=ANUAL, dispositivo=android11, preferencias=null]
2025-12-17 13:14:44.894 [main] INFO  controlador.GestionaUsuarios - Usuario [id=usr020, username=User020, email=user020@fitdroid.com, plan_activo=VIP, dispositivo=iphone17, preferencias=null]
2025-12-17 13:14:44.894 [main] INFO  controlador.GestionaUsuarios - Usuario [id=usr021, username=User021, email=user021@fitdroid.com, plan_activo=FREE, dispositivo=android11, preferencias=null]
2025-12-17 13:14:44.895 [main] INFO  controlador.GestionaUsuarios - Usuario [id=usr022, username=User022, email=user022@fitdroid.com, plan_activo=MENSUAL, dispositivo=iphone17, preferencias=null]
2025-12-17 13:14:44.895 [main] INFO  controlador.GestionaUsuarios - Usuario [id=usr023, username=User023, email=user023@fitdroid.com, plan_activo=MENSUAL, dispositivo=android14, preferencias=null]
2025-12-17 13:14:44.895 [main] INFO  controlador.GestionaUsuarios - Usuario [id=usr024, username=User024, email=user024@fitdroid.com, plan_activo=ANUAL, dispositivo=android13, preferencias=null]
2025-12-17 13:14:44.895 [main] INFO  controlador.GestionaUsuarios - Usuario [id=usr025, username=User025, email=user025@fitdroid.com, plan_activo=VIP, dispositivo=iphone15, preferencias=null]
2025-12-17 13:14:44.895 [main] INFO  controlador.GestionaUsuarios - Usuario [id=usr026, username=User026, email=user026@fitdroid.com, plan_activo=FREE, dispositivo=iphone14, preferencias=null]
2025-12-17 13:14:44.895 [main] INFO  controlador.GestionaUsuarios - Usuario [id=usr027, username=User027, email=user027@fitdroid.com, plan_activo=MENSUAL, dispositivo=iphone17, preferencias=null]
2025-12-17 13:14:44.895 [main] INFO  controlador.GestionaUsuarios - Usuario [id=usr028, username=User028, email=user028@fitdroid.com, plan_activo=TRIMESTRAL, dispositivo=android13, preferencias=null]
2025-12-17 13:14:44.895 [main] INFO  controlador.GestionaUsuarios - Usuario [id=usr029, username=User029, email=user029@fitdroid.com, plan_activo=ANUAL, dispositivo=android14, preferencias=null]
2025-12-17 13:14:44.895 [main] INFO  controlador.GestionaUsuarios - Usuario [id=usr030, username=User030, email=user030@fitdroid.com, plan_activo=VIP, dispositivo=android11, preferencias=null]
2025-12-17 13:14:44.895 [main] INFO  controlador.GestionaUsuarios - Usuario [id=usr031, username=User031, email=user031@fitdroid.com, plan_activo=FREE, dispositivo=iphone15, preferencias=null]
2025-12-17 13:14:44.896 [main] INFO  controlador.GestionaUsuarios - Usuario [id=usr032, username=User032, email=user032@fitdroid.com, plan_activo=MENSUAL, dispositivo=android12, preferencias=null]
2025-12-17 13:14:44.896 [main] INFO  controlador.GestionaUsuarios - Usuario [id=usr033, username=User033, email=user033@fitdroid.com, plan_activo=TRIMESTRAL, dispositivo=android14, preferencias=null]
2025-12-17 13:14:44.896 [main] INFO  controlador.GestionaUsuarios - Usuario [id=usr034, username=User034, email=user034@fitdroid.com, plan_activo=ANUAL, dispositivo=iphone15, preferencias=null]
2025-12-17 13:14:44.896 [main] INFO  controlador.GestionaUsuarios - Usuario [id=usr035, username=User035, email=user035@fitdroid.com, plan_activo=VIP, dispositivo=iphone17, preferencias=null]
2025-12-17 13:14:44.896 [main] INFO  controlador.GestionaUsuarios - Usuario [id=usr036, username=User036, email=user036@fitdroid.com, plan_activo=FREE, dispositivo=android13, preferencias=null]
2025-12-17 13:14:44.896 [main] INFO  controlador.GestionaUsuarios - Usuario [id=usr037, username=User037, email=user037@fitdroid.com, plan_activo=MENSUAL, dispositivo=android13, preferencias=null]
2025-12-17 13:14:44.896 [main] INFO  controlador.GestionaUsuarios - Usuario [id=usr038, username=User038, email=user038@fitdroid.com, plan_activo=TRIMESTRAL, dispositivo=iphone14, preferencias=null]
2025-12-17 13:14:44.896 [main] INFO  controlador.GestionaUsuarios - Usuario [id=usr039, username=User039, email=user039@fitdroid.com, plan_activo=ANUAL, dispositivo=android14, preferencias=null]
2025-12-17 13:14:44.896 [main] INFO  controlador.GestionaUsuarios - Usuario [id=usr040, username=User040, email=user040@fitdroid.com, plan_activo=VIP, dispositivo=android14, preferencias=null]
2025-12-17 13:16:23.669 [main] INFO  controlador.GestionaUsuarios - Usuario [id=usr001, username=User001, email=user001@fitdroid.com, plan_activo=MENSUAL, dispositivo=android14, preferencias=null]
2025-12-17 13:16:23.671 [main] INFO  controlador.GestionaUsuarios - Usuario [id=usr002, username=User002, email=user002@fitdroid.com, plan_activo=MENSUAL, dispositivo=android11, preferencias=null]
2025-12-17 13:16:23.671 [main] INFO  controlador.GestionaUsuarios - Usuario [id=usr003, username=User003, email=user003@fitdroid.com, plan_activo=TRIMESTRAL, dispositivo=android12, preferencias=null]
2025-12-17 13:16:23.671 [main] INFO  controlador.GestionaUsuarios - Usuario [id=usr004, username=User004, email=user004@fitdroid.com, plan_activo=ANUAL, dispositivo=iphone16, preferencias=null]
2025-12-17 13:16:23.671 [main] INFO  controlador.GestionaUsuarios - Usuario [id=usr005, username=User005, email=user005@fitdroid.com, plan_activo=MENSUAL, dispositivo=android14, preferencias=null]
2025-12-17 13:16:23.671 [main] INFO  controlador.GestionaUsuarios - Usuario [id=usr006, username=User006, email=user006@fitdroid.com, plan_activo=FREE, dispositivo=android13, preferencias=null]
2025-12-17 13:16:23.671 [main] INFO  controlador.GestionaUsuarios - Usuario [id=usr007, username=User007, email=user007@fitdroid.com, plan_activo=MENSUAL, dispositivo=android11, preferencias=null]
2025-12-17 13:16:23.671 [main] INFO  controlador.GestionaUsuarios - Usuario [id=usr008, username=User008, email=user008@fitdroid.com, plan_activo=TRIMESTRAL, dispositivo=android11, preferencias=null]
2025-12-17 13:16:23.671 [main] INFO  controlador.GestionaUsuarios - Usuario [id=usr009, username=User009, email=user009@fitdroid.com, plan_activo=ANUAL, dispositivo=android12, preferencias=null]
2025-12-17 13:16:23.672 [main] INFO  controlador.GestionaUsuarios - Usuario [id=usr010, username=User010, email=user010@fitdroid.com, plan_activo=VIP, dispositivo=android13, preferencias=null]
2025-12-17 13:16:23.672 [main] INFO  controlador.GestionaUsuarios - Usuario [id=usr011, username=User011, email=user011@fitdroid.com, plan_activo=FREE, dispositivo=android13, preferencias=null]
2025-12-17 13:16:23.672 [main] INFO  controlador.GestionaUsuarios - Usuario [id=usr012, username=User012, email=user012@fitdroid.com, plan_activo=MENSUAL, dispositivo=iphone17, preferencias=null]
2025-12-17 13:16:23.672 [main] INFO  controlador.GestionaUsuarios - Usuario [id=usr013, username=User013, email=user013@fitdroid.com, plan_activo=TRIMESTRAL, dispositivo=android12, preferencias=null]
2025-12-17 13:16:23.672 [main] INFO  controlador.GestionaUsuarios - Usuario [id=usr014, username=User014, email=user014@fitdroid.com, plan_activo=ANUAL, dispositivo=android11, preferencias=null]
2025-12-17 13:16:23.672 [main] INFO  controlador.GestionaUsuarios - Usuario [id=usr015, username=User015, email=user015@fitdroid.com, plan_activo=VIP, dispositivo=android13, preferencias=null]
2025-12-17 13:16:23.672 [main] INFO  controlador.GestionaUsuarios - Usuario [id=usr016, username=User016, email=user016@fitdroid.com, plan_activo=FREE, dispositivo=iphone16, preferencias=null]
2025-12-17 13:16:23.672 [main] INFO  controlador.GestionaUsuarios - Usuario [id=usr017, username=User017, email=user017@fitdroid.com, plan_activo=MENSUAL, dispositivo=android13, preferencias=null]
2025-12-17 13:16:23.672 [main] INFO  controlador.GestionaUsuarios - Usuario [id=usr018, username=User018, email=user018@fitdroid.com, plan_activo=TRIMESTRAL, dispositivo=iphone16, preferencias=null]
2025-12-17 13:16:23.672 [main] INFO  controlador.GestionaUsuarios - Usuario [id=usr019, username=User019, email=user019@fitdroid.com, plan_activo=ANUAL, dispositivo=android11, preferencias=null]
2025-12-17 13:16:23.673 [main] INFO  controlador.GestionaUsuarios - Usuario [id=usr020, username=User020, email=user020@fitdroid.com, plan_activo=VIP, dispositivo=iphone17, preferencias=null]
2025-12-17 13:16:23.673 [main] INFO  controlador.GestionaUsuarios - Usuario [id=usr021, username=User021, email=user021@fitdroid.com, plan_activo=FREE, dispositivo=android11, preferencias=null]
2025-12-17 13:16:23.673 [main] INFO  controlador.GestionaUsuarios - Usuario [id=usr022, username=User022, email=user022@fitdroid.com, plan_activo=MENSUAL, dispositivo=iphone17, preferencias=null]
2025-12-17 13:16:23.673 [main] INFO  controlador.GestionaUsuarios - Usuario [id=usr023, username=User023, email=user023@fitdroid.com, plan_activo=MENSUAL, dispositivo=android14, preferencias=null]
2025-12-17 13:16:23.673 [main] INFO  controlador.GestionaUsuarios - Usuario [id=usr024, username=User024, email=user024@fitdroid.com, plan_activo=ANUAL, dispositivo=android13, preferencias=null]
2025-12-17 13:16:23.673 [main] INFO  controlador.GestionaUsuarios - Usuario [id=usr025, username=User025, email=user025@fitdroid.com, plan_activo=VIP, dispositivo=iphone15, preferencias=null]
2025-12-17 13:16:23.673 [main] INFO  controlador.GestionaUsuarios - Usuario [id=usr026, username=User026, email=user026@fitdroid.com, plan_activo=FREE, dispositivo=iphone14, preferencias=null]
2025-12-17 13:16:23.673 [main] INFO  controlador.GestionaUsuarios - Usuario [id=usr027, username=User027, email=user027@fitdroid.com, plan_activo=MENSUAL, dispositivo=iphone17, preferencias=null]
2025-12-17 13:16:23.673 [main] INFO  controlador.GestionaUsuarios - Usuario [id=usr028, username=User028, email=user028@fitdroid.com, plan_activo=TRIMESTRAL, dispositivo=android13, preferencias=null]
2025-12-17 13:16:23.673 [main] INFO  controlador.GestionaUsuarios - Usuario [id=usr029, username=User029, email=user029@fitdroid.com, plan_activo=ANUAL, dispositivo=android14, preferencias=null]
2025-12-17 13:16:23.673 [main] INFO  controlador.GestionaUsuarios - Usuario [id=usr030, username=User030, email=user030@fitdroid.com, plan_activo=VIP, dispositivo=android11, preferencias=null]
2025-12-17 13:16:23.673 [main] INFO  controlador.GestionaUsuarios - Usuario [id=usr031, username=User031, email=user031@fitdroid.com, plan_activo=FREE, dispositivo=iphone15, preferencias=null]
2025-12-17 13:16:23.674 [main] INFO  controlador.GestionaUsuarios - Usuario [id=usr032, username=User032, email=user032@fitdroid.com, plan_activo=MENSUAL, dispositivo=android12, preferencias=null]
2025-12-17 13:16:23.674 [main] INFO  controlador.GestionaUsuarios - Usuario [id=usr033, username=User033, email=user033@fitdroid.com, plan_activo=TRIMESTRAL, dispositivo=android14, preferencias=null]
2025-12-17 13:16:23.674 [main] INFO  controlador.GestionaUsuarios - Usuario [id=usr034, username=User034, email=user034@fitdroid.com, plan_activo=ANUAL, dispositivo=iphone15, preferencias=null]
2025-12-17 13:16:23.674 [main] INFO  controlador.GestionaUsuarios - Usuario [id=usr035, username=User035, email=user035@fitdroid.com, plan_activo=VIP, dispositivo=iphone17, preferencias=null]
2025-12-17 13:16:23.674 [main] INFO  controlador.GestionaUsuarios - Usuario [id=usr036, username=User036, email=user036@fitdroid.com, plan_activo=FREE, dispositivo=android13, preferencias=null]
2025-12-17 13:16:23.674 [main] INFO  controlador.GestionaUsuarios - Usuario [id=usr037, username=User037, email=user037@fitdroid.com, plan_activo=MENSUAL, dispositivo=android13, preferencias=null]
2025-12-17 13:16:23.674 [main] INFO  controlador.GestionaUsuarios - Usuario [id=usr038, username=User038, email=user038@fitdroid.com, plan_activo=TRIMESTRAL, dispositivo=iphone14, preferencias=null]
2025-12-17 13:16:23.674 [main] INFO  controlador.GestionaUsuarios - Usuario [id=usr039, username=User039, email=user039@fitdroid.com, plan_activo=ANUAL, dispositivo=android14, preferencias=null]
2025-12-17 13:16:23.674 [main] INFO  controlador.GestionaUsuarios - Usuario [id=usr040, username=User040, email=user040@fitdroid.com, plan_activo=VIP, dispositivo=android14, preferencias=null]
2025-12-17 13:16:23.698 [main] INFO  controlador.GestionaUsuarios - Usuario [id=usr002, username=User002, email=user002@fitdroid.com, plan_activo=MENSUAL, dispositivo=android11, preferencias=Preferencias [tema_oscuro=false, idioma=ES, notificaciones_push=true, limite_datos_moviles=false]]
2025-12-17 13:16:23.708 [main] INFO  repositorio.UsuarioRepositorio - SELECT email,dispositivo FROM parradomanuel.usuarios where plan_activo=? 
2025-12-17 13:16:23.709 [main] INFO  controlador.GestionaUsuarios - Usuario [id=usr001, username=User001, email=user001@fitdroid.com, plan_activo=MENSUAL, dispositivo=android14, preferencias=null]
2025-12-17 13:16:23.709 [main] INFO  controlador.GestionaUsuarios - Usuario [id=usr002, username=User002, email=user002@fitdroid.com, plan_activo=MENSUAL, dispositivo=android11, preferencias=null]
2025-12-17 13:16:23.709 [main] INFO  controlador.GestionaUsuarios - Usuario [id=usr003, username=User003, email=user003@fitdroid.com, plan_activo=TRIMESTRAL, dispositivo=android12, preferencias=null]
2025-12-17 13:16:23.709 [main] INFO  controlador.GestionaUsuarios - Usuario [id=usr004, username=User004, email=user004@fitdroid.com, plan_activo=ANUAL, dispositivo=iphone16, preferencias=null]
2025-12-17 13:16:23.709 [main] INFO  controlador.GestionaUsuarios - Usuario [id=usr005, username=User005, email=user005@fitdroid.com, plan_activo=MENSUAL, dispositivo=android14, preferencias=null]
2025-12-17 13:16:23.709 [main] INFO  controlador.GestionaUsuarios - Usuario [id=usr006, username=User006, email=user006@fitdroid.com, plan_activo=FREE, dispositivo=android13, preferencias=null]
2025-12-17 13:16:23.709 [main] INFO  controlador.GestionaUsuarios - Usuario [id=usr007, username=User007, email=user007@fitdroid.com, plan_activo=MENSUAL, dispositivo=android11, preferencias=null]
2025-12-17 13:16:23.709 [main] INFO  controlador.GestionaUsuarios - Usuario [id=usr008, username=User008, email=user008@fitdroid.com, plan_activo=TRIMESTRAL, dispositivo=android11, preferencias=null]
2025-12-17 13:16:23.709 [main] INFO  controlador.GestionaUsuarios - Usuario [id=usr009, username=User009, email=user009@fitdroid.com, plan_activo=ANUAL, dispositivo=android12, preferencias=null]
2025-12-17 13:16:23.709 [main] INFO  controlador.GestionaUsuarios - Usuario [id=usr010, username=User010, email=user010@fitdroid.com, plan_activo=VIP, dispositivo=android13, preferencias=null]
2025-12-17 13:16:23.710 [main] INFO  controlador.GestionaUsuarios - Usuario [id=usr011, username=User011, email=user011@fitdroid.com, plan_activo=FREE, dispositivo=android13, preferencias=null]
2025-12-17 13:16:23.710 [main] INFO  controlador.GestionaUsuarios - Usuario [id=usr012, username=User012, email=user012@fitdroid.com, plan_activo=MENSUAL, dispositivo=iphone17, preferencias=null]
2025-12-17 13:16:23.710 [main] INFO  controlador.GestionaUsuarios - Usuario [id=usr013, username=User013, email=user013@fitdroid.com, plan_activo=TRIMESTRAL, dispositivo=android12, preferencias=null]
2025-12-17 13:16:23.710 [main] INFO  controlador.GestionaUsuarios - Usuario [id=usr014, username=User014, email=user014@fitdroid.com, plan_activo=ANUAL, dispositivo=android11, preferencias=null]
2025-12-17 13:16:23.710 [main] INFO  controlador.GestionaUsuarios - Usuario [id=usr015, username=User015, email=user015@fitdroid.com, plan_activo=VIP, dispositivo=android13, preferencias=null]
2025-12-17 13:16:23.710 [main] INFO  controlador.GestionaUsuarios - Usuario [id=usr016, username=User016, email=user016@fitdroid.com, plan_activo=FREE, dispositivo=iphone16, preferencias=null]
2025-12-17 13:16:23.710 [main] INFO  controlador.GestionaUsuarios - Usuario [id=usr017, username=User017, email=user017@fitdroid.com, plan_activo=MENSUAL, dispositivo=android13, preferencias=null]
2025-12-17 13:16:23.710 [main] INFO  controlador.GestionaUsuarios - Usuario [id=usr018, username=User018, email=user018@fitdroid.com, plan_activo=TRIMESTRAL, dispositivo=iphone16, preferencias=null]
2025-12-17 13:16:23.710 [main] INFO  controlador.GestionaUsuarios - Usuario [id=usr019, username=User019, email=user019@fitdroid.com, plan_activo=ANUAL, dispositivo=android11, preferencias=null]
2025-12-17 13:16:23.710 [main] INFO  controlador.GestionaUsuarios - Usuario [id=usr020, username=User020, email=user020@fitdroid.com, plan_activo=VIP, dispositivo=iphone17, preferencias=null]
2025-12-17 13:16:23.710 [main] INFO  controlador.GestionaUsuarios - Usuario [id=usr021, username=User021, email=user021@fitdroid.com, plan_activo=FREE, dispositivo=android11, preferencias=null]
2025-12-17 13:16:23.710 [main] INFO  controlador.GestionaUsuarios - Usuario [id=usr022, username=User022, email=user022@fitdroid.com, plan_activo=MENSUAL, dispositivo=iphone17, preferencias=null]
2025-12-17 13:16:23.711 [main] INFO  controlador.GestionaUsuarios - Usuario [id=usr023, username=User023, email=user023@fitdroid.com, plan_activo=MENSUAL, dispositivo=android14, preferencias=null]
2025-12-17 13:16:23.711 [main] INFO  controlador.GestionaUsuarios - Usuario [id=usr024, username=User024, email=user024@fitdroid.com, plan_activo=ANUAL, dispositivo=android13, preferencias=null]
2025-12-17 13:16:23.711 [main] INFO  controlador.GestionaUsuarios - Usuario [id=usr025, username=User025, email=user025@fitdroid.com, plan_activo=VIP, dispositivo=iphone15, preferencias=null]
2025-12-17 13:16:23.711 [main] INFO  controlador.GestionaUsuarios - Usuario [id=usr026, username=User026, email=user026@fitdroid.com, plan_activo=FREE, dispositivo=iphone14, preferencias=null]
2025-12-17 13:16:23.711 [main] INFO  controlador.GestionaUsuarios - Usuario [id=usr027, username=User027, email=user027@fitdroid.com, plan_activo=MENSUAL, dispositivo=iphone17, preferencias=null]
2025-12-17 13:16:23.711 [main] INFO  controlador.GestionaUsuarios - Usuario [id=usr028, username=User028, email=user028@fitdroid.com, plan_activo=TRIMESTRAL, dispositivo=android13, preferencias=null]
2025-12-17 13:16:23.711 [main] INFO  controlador.GestionaUsuarios - Usuario [id=usr029, username=User029, email=user029@fitdroid.com, plan_activo=ANUAL, dispositivo=android14, preferencias=null]
2025-12-17 13:16:23.711 [main] INFO  controlador.GestionaUsuarios - Usuario [id=usr030, username=User030, email=user030@fitdroid.com, plan_activo=VIP, dispositivo=android11, preferencias=null]
2025-12-17 13:16:23.711 [main] INFO  controlador.GestionaUsuarios - Usuario [id=usr031, username=User031, email=user031@fitdroid.com, plan_activo=FREE, dispositivo=iphone15, preferencias=null]
2025-12-17 13:16:23.711 [main] INFO  controlador.GestionaUsuarios - Usuario [id=usr032, username=User032, email=user032@fitdroid.com, plan_activo=MENSUAL, dispositivo=android12, preferencias=null]
2025-12-17 13:16:23.711 [main] INFO  controlador.GestionaUsuarios - Usuario [id=usr033, username=User033, email=user033@fitdroid.com, plan_activo=TRIMESTRAL, dispositivo=android14, preferencias=null]
2025-12-17 13:16:23.711 [main] INFO  controlador.GestionaUsuarios - Usuario [id=usr034, username=User034, email=user034@fitdroid.com, plan_activo=ANUAL, dispositivo=iphone15, preferencias=null]
2025-12-17 13:16:23.711 [main] INFO  controlador.GestionaUsuarios - Usuario [id=usr035, username=User035, email=user035@fitdroid.com, plan_activo=VIP, dispositivo=iphone17, preferencias=null]
2025-12-17 13:16:23.711 [main] INFO  controlador.GestionaUsuarios - Usuario [id=usr036, username=User036, email=user036@fitdroid.com, plan_activo=FREE, dispositivo=android13, preferencias=null]
2025-12-17 13:16:23.712 [main] INFO  controlador.GestionaUsuarios - Usuario [id=usr037, username=User037, email=user037@fitdroid.com, plan_activo=MENSUAL, dispositivo=android13, preferencias=null]
2025-12-17 13:16:23.712 [main] INFO  controlador.GestionaUsuarios - Usuario [id=usr038, username=User038, email=user038@fitdroid.com, plan_activo=TRIMESTRAL, dispositivo=iphone14, preferencias=null]
2025-12-17 13:16:23.712 [main] INFO  controlador.GestionaUsuarios - Usuario [id=usr039, username=User039, email=user039@fitdroid.com, plan_activo=ANUAL, dispositivo=android14, preferencias=null]
2025-12-17 13:16:23.712 [main] INFO  controlador.GestionaUsuarios - Usuario [id=usr040, username=User040, email=user040@fitdroid.com, plan_activo=VIP, dispositivo=android14, preferencias=null]
2025-12-17 13:16:50.845 [main] INFO  controlador.GestionaUsuarios - Usuario [id=usr001, username=User001, email=user001@fitdroid.com, plan_activo=MENSUAL, dispositivo=android14, preferencias=null]
2025-12-17 13:16:50.847 [main] INFO  controlador.GestionaUsuarios - Usuario [id=usr002, username=User002, email=user002@fitdroid.com, plan_activo=MENSUAL, dispositivo=android11, preferencias=null]
2025-12-17 13:16:50.847 [main] INFO  controlador.GestionaUsuarios - Usuario [id=usr003, username=User003, email=user003@fitdroid.com, plan_activo=TRIMESTRAL, dispositivo=android12, preferencias=null]
2025-12-17 13:16:50.847 [main] INFO  controlador.GestionaUsuarios - Usuario [id=usr004, username=User004, email=user004@fitdroid.com, plan_activo=ANUAL, dispositivo=iphone16, preferencias=null]
2025-12-17 13:16:50.847 [main] INFO  controlador.GestionaUsuarios - Usuario [id=usr005, username=User005, email=user005@fitdroid.com, plan_activo=MENSUAL, dispositivo=android14, preferencias=null]
2025-12-17 13:16:50.847 [main] INFO  controlador.GestionaUsuarios - Usuario [id=usr006, username=User006, email=user006@fitdroid.com, plan_activo=FREE, dispositivo=android13, preferencias=null]
2025-12-17 13:16:50.848 [main] INFO  controlador.GestionaUsuarios - Usuario [id=usr007, username=User007, email=user007@fitdroid.com, plan_activo=MENSUAL, dispositivo=android11, preferencias=null]
2025-12-17 13:16:50.848 [main] INFO  controlador.GestionaUsuarios - Usuario [id=usr008, username=User008, email=user008@fitdroid.com, plan_activo=TRIMESTRAL, dispositivo=android11, preferencias=null]
2025-12-17 13:16:50.848 [main] INFO  controlador.GestionaUsuarios - Usuario [id=usr009, username=User009, email=user009@fitdroid.com, plan_activo=ANUAL, dispositivo=android12, preferencias=null]
2025-12-17 13:16:50.848 [main] INFO  controlador.GestionaUsuarios - Usuario [id=usr010, username=User010, email=user010@fitdroid.com, plan_activo=VIP, dispositivo=android13, preferencias=null]
2025-12-17 13:16:50.848 [main] INFO  controlador.GestionaUsuarios - Usuario [id=usr011, username=User011, email=user011@fitdroid.com, plan_activo=FREE, dispositivo=android13, preferencias=null]
2025-12-17 13:16:50.848 [main] INFO  controlador.GestionaUsuarios - Usuario [id=usr012, username=User012, email=user012@fitdroid.com, plan_activo=MENSUAL, dispositivo=iphone17, preferencias=null]
2025-12-17 13:16:50.848 [main] INFO  controlador.GestionaUsuarios - Usuario [id=usr013, username=User013, email=user013@fitdroid.com, plan_activo=TRIMESTRAL, dispositivo=android12, preferencias=null]
2025-12-17 13:16:50.848 [main] INFO  controlador.GestionaUsuarios - Usuario [id=usr014, username=User014, email=user014@fitdroid.com, plan_activo=ANUAL, dispositivo=android11, preferencias=null]
2025-12-17 13:16:50.848 [main] INFO  controlador.GestionaUsuarios - Usuario [id=usr015, username=User015, email=user015@fitdroid.com, plan_activo=VIP, dispositivo=android13, preferencias=null]
2025-12-17 13:16:50.848 [main] INFO  controlador.GestionaUsuarios - Usuario [id=usr016, username=User016, email=user016@fitdroid.com, plan_activo=FREE, dispositivo=iphone16, preferencias=null]
2025-12-17 13:16:50.849 [main] INFO  controlador.GestionaUsuarios - Usuario [id=usr017, username=User017, email=user017@fitdroid.com, plan_activo=MENSUAL, dispositivo=android13, preferencias=null]
2025-12-17 13:16:50.849 [main] INFO  controlador.GestionaUsuarios - Usuario [id=usr018, username=User018, email=user018@fitdroid.com, plan_activo=TRIMESTRAL, dispositivo=iphone16, preferencias=null]
2025-12-17 13:16:50.849 [main] INFO  controlador.GestionaUsuarios - Usuario [id=usr019, username=User019, email=user019@fitdroid.com, plan_activo=ANUAL, dispositivo=android11, preferencias=null]
2025-12-17 13:16:50.849 [main] INFO  controlador.GestionaUsuarios - Usuario [id=usr020, username=User020, email=user020@fitdroid.com, plan_activo=VIP, dispositivo=iphone17, preferencias=null]
2025-12-17 13:16:50.849 [main] INFO  controlador.GestionaUsuarios - Usuario [id=usr021, username=User021, email=user021@fitdroid.com, plan_activo=FREE, dispositivo=android11, preferencias=null]
2025-12-17 13:16:50.849 [main] INFO  controlador.GestionaUsuarios - Usuario [id=usr022, username=User022, email=user022@fitdroid.com, plan_activo=MENSUAL, dispositivo=iphone17, preferencias=null]
2025-12-17 13:16:50.849 [main] INFO  controlador.GestionaUsuarios - Usuario [id=usr023, username=User023, email=user023@fitdroid.com, plan_activo=MENSUAL, dispositivo=android14, preferencias=null]
2025-12-17 13:16:50.849 [main] INFO  controlador.GestionaUsuarios - Usuario [id=usr024, username=User024, email=user024@fitdroid.com, plan_activo=ANUAL, dispositivo=android13, preferencias=null]
2025-12-17 13:16:50.849 [main] INFO  controlador.GestionaUsuarios - Usuario [id=usr025, username=User025, email=user025@fitdroid.com, plan_activo=VIP, dispositivo=iphone15, preferencias=null]
2025-12-17 13:16:50.849 [main] INFO  controlador.GestionaUsuarios - Usuario [id=usr026, username=User026, email=user026@fitdroid.com, plan_activo=FREE, dispositivo=iphone14, preferencias=null]
2025-12-17 13:16:50.849 [main] INFO  controlador.GestionaUsuarios - Usuario [id=usr027, username=User027, email=user027@fitdroid.com, plan_activo=MENSUAL, dispositivo=iphone17, preferencias=null]
2025-12-17 13:16:50.849 [main] INFO  controlador.GestionaUsuarios - Usuario [id=usr028, username=User028, email=user028@fitdroid.com, plan_activo=TRIMESTRAL, dispositivo=android13, preferencias=null]
2025-12-17 13:16:50.849 [main] INFO  controlador.GestionaUsuarios - Usuario [id=usr029, username=User029, email=user029@fitdroid.com, plan_activo=ANUAL, dispositivo=android14, preferencias=null]
2025-12-17 13:16:50.850 [main] INFO  controlador.GestionaUsuarios - Usuario [id=usr030, username=User030, email=user030@fitdroid.com, plan_activo=VIP, dispositivo=android11, preferencias=null]
2025-12-17 13:16:50.850 [main] INFO  controlador.GestionaUsuarios - Usuario [id=usr031, username=User031, email=user031@fitdroid.com, plan_activo=FREE, dispositivo=iphone15, preferencias=null]
2025-12-17 13:16:50.850 [main] INFO  controlador.GestionaUsuarios - Usuario [id=usr032, username=User032, email=user032@fitdroid.com, plan_activo=MENSUAL, dispositivo=android12, preferencias=null]
2025-12-17 13:16:50.850 [main] INFO  controlador.GestionaUsuarios - Usuario [id=usr033, username=User033, email=user033@fitdroid.com, plan_activo=TRIMESTRAL, dispositivo=android14, preferencias=null]
2025-12-17 13:16:50.850 [main] INFO  controlador.GestionaUsuarios - Usuario [id=usr034, username=User034, email=user034@fitdroid.com, plan_activo=ANUAL, dispositivo=iphone15, preferencias=null]
2025-12-17 13:16:50.850 [main] INFO  controlador.GestionaUsuarios - Usuario [id=usr035, username=User035, email=user035@fitdroid.com, plan_activo=VIP, dispositivo=iphone17, preferencias=null]
2025-12-17 13:16:50.850 [main] INFO  controlador.GestionaUsuarios - Usuario [id=usr036, username=User036, email=user036@fitdroid.com, plan_activo=FREE, dispositivo=android13, preferencias=null]
2025-12-17 13:16:50.850 [main] INFO  controlador.GestionaUsuarios - Usuario [id=usr037, username=User037, email=user037@fitdroid.com, plan_activo=MENSUAL, dispositivo=android13, preferencias=null]
2025-12-17 13:16:50.850 [main] INFO  controlador.GestionaUsuarios - Usuario [id=usr038, username=User038, email=user038@fitdroid.com, plan_activo=TRIMESTRAL, dispositivo=iphone14, preferencias=null]
2025-12-17 13:16:50.850 [main] INFO  controlador.GestionaUsuarios - Usuario [id=usr039, username=User039, email=user039@fitdroid.com, plan_activo=ANUAL, dispositivo=android14, preferencias=null]
2025-12-17 13:16:50.850 [main] INFO  controlador.GestionaUsuarios - Usuario [id=usr040, username=User040, email=user040@fitdroid.com, plan_activo=VIP, dispositivo=android14, preferencias=null]
2025-12-17 13:16:50.874 [main] INFO  controlador.GestionaUsuarios - Usuario [id=usr002, username=User002, email=user002@fitdroid.com, plan_activo=MENSUAL, dispositivo=android11, preferencias=Preferencias [tema_oscuro=false, idioma=ES, notificaciones_push=true, limite_datos_moviles=false]]
2025-12-17 13:16:50.883 [main] INFO  repositorio.UsuarioRepositorio - SELECT email,dispositivo FROM parradomanuel.usuarios where plan_activo=? 
2025-12-17 13:16:50.884 [main] INFO  controlador.GestionaUsuarios - Usuario [id=usr001, username=User001, email=user001@fitdroid.com, plan_activo=MENSUAL, dispositivo=android14, preferencias=null]
2025-12-17 13:16:50.884 [main] INFO  controlador.GestionaUsuarios - Usuario [id=usr002, username=User002, email=user002@fitdroid.com, plan_activo=MENSUAL, dispositivo=android11, preferencias=null]
2025-12-17 13:16:50.884 [main] INFO  controlador.GestionaUsuarios - Usuario [id=usr003, username=User003, email=user003@fitdroid.com, plan_activo=TRIMESTRAL, dispositivo=android12, preferencias=null]
2025-12-17 13:16:50.884 [main] INFO  controlador.GestionaUsuarios - Usuario [id=usr004, username=User004, email=user004@fitdroid.com, plan_activo=ANUAL, dispositivo=iphone16, preferencias=null]
2025-12-17 13:16:50.884 [main] INFO  controlador.GestionaUsuarios - Usuario [id=usr005, username=User005, email=user005@fitdroid.com, plan_activo=MENSUAL, dispositivo=android14, preferencias=null]
2025-12-17 13:16:50.884 [main] INFO  controlador.GestionaUsuarios - Usuario [id=usr006, username=User006, email=user006@fitdroid.com, plan_activo=FREE, dispositivo=android13, preferencias=null]
2025-12-17 13:16:50.884 [main] INFO  controlador.GestionaUsuarios - Usuario [id=usr007, username=User007, email=user007@fitdroid.com, plan_activo=MENSUAL, dispositivo=android11, preferencias=null]
2025-12-17 13:16:50.885 [main] INFO  controlador.GestionaUsuarios - Usuario [id=usr008, username=User008, email=user008@fitdroid.com, plan_activo=TRIMESTRAL, dispositivo=android11, preferencias=null]
2025-12-17 13:16:50.885 [main] INFO  controlador.GestionaUsuarios - Usuario [id=usr009, username=User009, email=user009@fitdroid.com, plan_activo=ANUAL, dispositivo=android12, preferencias=null]
2025-12-17 13:16:50.885 [main] INFO  controlador.GestionaUsuarios - Usuario [id=usr010, username=User010, email=user010@fitdroid.com, plan_activo=VIP, dispositivo=android13, preferencias=null]
2025-12-17 13:16:50.885 [main] INFO  controlador.GestionaUsuarios - Usuario [id=usr011, username=User011, email=user011@fitdroid.com, plan_activo=FREE, dispositivo=android13, preferencias=null]
2025-12-17 13:16:50.885 [main] INFO  controlador.GestionaUsuarios - Usuario [id=usr012, username=User012, email=user012@fitdroid.com, plan_activo=MENSUAL, dispositivo=iphone17, preferencias=null]
2025-12-17 13:16:50.885 [main] INFO  controlador.GestionaUsuarios - Usuario [id=usr013, username=User013, email=user013@fitdroid.com, plan_activo=TRIMESTRAL, dispositivo=android12, preferencias=null]
2025-12-17 13:16:50.885 [main] INFO  controlador.GestionaUsuarios - Usuario [id=usr014, username=User014, email=user014@fitdroid.com, plan_activo=ANUAL, dispositivo=android11, preferencias=null]
2025-12-17 13:16:50.885 [main] INFO  controlador.GestionaUsuarios - Usuario [id=usr015, username=User015, email=user015@fitdroid.com, plan_activo=VIP, dispositivo=android13, preferencias=null]
2025-12-17 13:16:50.885 [main] INFO  controlador.GestionaUsuarios - Usuario [id=usr016, username=User016, email=user016@fitdroid.com, plan_activo=FREE, dispositivo=iphone16, preferencias=null]
2025-12-17 13:16:50.885 [main] INFO  controlador.GestionaUsuarios - Usuario [id=usr017, username=User017, email=user017@fitdroid.com, plan_activo=MENSUAL, dispositivo=android13, preferencias=null]
2025-12-17 13:16:50.885 [main] INFO  controlador.GestionaUsuarios - Usuario [id=usr018, username=User018, email=user018@fitdroid.com, plan_activo=TRIMESTRAL, dispositivo=iphone16, preferencias=null]
2025-12-17 13:16:50.885 [main] INFO  controlador.GestionaUsuarios - Usuario [id=usr019, username=User019, email=user019@fitdroid.com, plan_activo=ANUAL, dispositivo=android11, preferencias=null]
2025-12-17 13:16:50.886 [main] INFO  controlador.GestionaUsuarios - Usuario [id=usr020, username=User020, email=user020@fitdroid.com, plan_activo=VIP, dispositivo=iphone17, preferencias=null]
2025-12-17 13:16:50.886 [main] INFO  controlador.GestionaUsuarios - Usuario [id=usr021, username=User021, email=user021@fitdroid.com, plan_activo=FREE, dispositivo=android11, preferencias=null]
2025-12-17 13:16:50.886 [main] INFO  controlador.GestionaUsuarios - Usuario [id=usr022, username=User022, email=user022@fitdroid.com, plan_activo=MENSUAL, dispositivo=iphone17, preferencias=null]
2025-12-17 13:16:50.886 [main] INFO  controlador.GestionaUsuarios - Usuario [id=usr023, username=User023, email=user023@fitdroid.com, plan_activo=MENSUAL, dispositivo=android14, preferencias=null]
2025-12-17 13:16:50.886 [main] INFO  controlador.GestionaUsuarios - Usuario [id=usr024, username=User024, email=user024@fitdroid.com, plan_activo=ANUAL, dispositivo=android13, preferencias=null]
2025-12-17 13:16:50.886 [main] INFO  controlador.GestionaUsuarios - Usuario [id=usr025, username=User025, email=user025@fitdroid.com, plan_activo=VIP, dispositivo=iphone15, preferencias=null]
2025-12-17 13:16:50.886 [main] INFO  controlador.GestionaUsuarios - Usuario [id=usr026, username=User026, email=user026@fitdroid.com, plan_activo=FREE, dispositivo=iphone14, preferencias=null]
2025-12-17 13:16:50.886 [main] INFO  controlador.GestionaUsuarios - Usuario [id=usr027, username=User027, email=user027@fitdroid.com, plan_activo=MENSUAL, dispositivo=iphone17, preferencias=null]
2025-12-17 13:16:50.886 [main] INFO  controlador.GestionaUsuarios - Usuario [id=usr028, username=User028, email=user028@fitdroid.com, plan_activo=TRIMESTRAL, dispositivo=android13, preferencias=null]
2025-12-17 13:16:50.886 [main] INFO  controlador.GestionaUsuarios - Usuario [id=usr029, username=User029, email=user029@fitdroid.com, plan_activo=ANUAL, dispositivo=android14, preferencias=null]
2025-12-17 13:16:50.886 [main] INFO  controlador.GestionaUsuarios - Usuario [id=usr030, username=User030, email=user030@fitdroid.com, plan_activo=VIP, dispositivo=android11, preferencias=null]
2025-12-17 13:16:50.887 [main] INFO  controlador.GestionaUsuarios - Usuario [id=usr031, username=User031, email=user031@fitdroid.com, plan_activo=FREE, dispositivo=iphone15, preferencias=null]
2025-12-17 13:16:50.887 [main] INFO  controlador.GestionaUsuarios - Usuario [id=usr032, username=User032, email=user032@fitdroid.com, plan_activo=MENSUAL, dispositivo=android12, preferencias=null]
2025-12-17 13:16:50.887 [main] INFO  controlador.GestionaUsuarios - Usuario [id=usr033, username=User033, email=user033@fitdroid.com, plan_activo=TRIMESTRAL, dispositivo=android14, preferencias=null]
2025-12-17 13:16:50.887 [main] INFO  controlador.GestionaUsuarios - Usuario [id=usr034, username=User034, email=user034@fitdroid.com, plan_activo=ANUAL, dispositivo=iphone15, preferencias=null]
2025-12-17 13:16:50.887 [main] INFO  controlador.GestionaUsuarios - Usuario [id=usr035, username=User035, email=user035@fitdroid.com, plan_activo=VIP, dispositivo=iphone17, preferencias=null]
2025-12-17 13:16:50.887 [main] INFO  controlador.GestionaUsuarios - Usuario [id=usr036, username=User036, email=user036@fitdroid.com, plan_activo=FREE, dispositivo=android13, preferencias=null]
2025-12-17 13:16:50.887 [main] INFO  controlador.GestionaUsuarios - Usuario [id=usr037, username=User037, email=user037@fitdroid.com, plan_activo=MENSUAL, dispositivo=android13, preferencias=null]
2025-12-17 13:16:50.887 [main] INFO  controlador.GestionaUsuarios - Usuario [id=usr038, username=User038, email=user038@fitdroid.com, plan_activo=TRIMESTRAL, dispositivo=iphone14, preferencias=null]
2025-12-17 13:16:50.887 [main] INFO  controlador.GestionaUsuarios - Usuario [id=usr039, username=User039, email=user039@fitdroid.com, plan_activo=ANUAL, dispositivo=android14, preferencias=null]
2025-12-17 13:16:50.887 [main] INFO  controlador.GestionaUsuarios - Usuario [id=usr040, username=User040, email=user040@fitdroid.com, plan_activo=VIP, dispositivo=android14, preferencias=null]
2025-12-17 13:17:36.013 [main] INFO  controlador.GestionaUsuarios - Usuario [id=usr00040, username=usr00040, email=lasjf, plan_activo=ANUAL, dispositivo=android, preferencias=null]
2025-12-17 13:17:36.015 [main] INFO  controlador.GestionaUsuarios - Usuario [id=usr001, username=User001, email=user001@fitdroid.com, plan_activo=MENSUAL, dispositivo=android14, preferencias=null]
2025-12-17 13:17:36.015 [main] INFO  controlador.GestionaUsuarios - Usuario [id=usr002, username=User002, email=user002@fitdroid.com, plan_activo=MENSUAL, dispositivo=android11, preferencias=null]
2025-12-17 13:17:36.015 [main] INFO  controlador.GestionaUsuarios - Usuario [id=usr003, username=User003, email=user003@fitdroid.com, plan_activo=TRIMESTRAL, dispositivo=android12, preferencias=null]
2025-12-17 13:17:36.015 [main] INFO  controlador.GestionaUsuarios - Usuario [id=usr004, username=User004, email=user004@fitdroid.com, plan_activo=ANUAL, dispositivo=iphone16, preferencias=null]
2025-12-17 13:17:36.015 [main] INFO  controlador.GestionaUsuarios - Usuario [id=usr005, username=User005, email=user005@fitdroid.com, plan_activo=MENSUAL, dispositivo=android14, preferencias=null]
2025-12-17 13:17:36.016 [main] INFO  controlador.GestionaUsuarios - Usuario [id=usr006, username=User006, email=user006@fitdroid.com, plan_activo=FREE, dispositivo=android13, preferencias=null]
2025-12-17 13:17:36.016 [main] INFO  controlador.GestionaUsuarios - Usuario [id=usr007, username=User007, email=user007@fitdroid.com, plan_activo=MENSUAL, dispositivo=android11, preferencias=null]
2025-12-17 13:17:36.016 [main] INFO  controlador.GestionaUsuarios - Usuario [id=usr008, username=User008, email=user008@fitdroid.com, plan_activo=TRIMESTRAL, dispositivo=android11, preferencias=null]
2025-12-17 13:17:36.016 [main] INFO  controlador.GestionaUsuarios - Usuario [id=usr009, username=User009, email=user009@fitdroid.com, plan_activo=ANUAL, dispositivo=android12, preferencias=null]
2025-12-17 13:17:36.016 [main] INFO  controlador.GestionaUsuarios - Usuario [id=usr010, username=User010, email=user010@fitdroid.com, plan_activo=VIP, dispositivo=android13, preferencias=null]
2025-12-17 13:17:36.016 [main] INFO  controlador.GestionaUsuarios - Usuario [id=usr011, username=User011, email=user011@fitdroid.com, plan_activo=FREE, dispositivo=android13, preferencias=null]
2025-12-17 13:17:36.016 [main] INFO  controlador.GestionaUsuarios - Usuario [id=usr012, username=User012, email=user012@fitdroid.com, plan_activo=MENSUAL, dispositivo=iphone17, preferencias=null]
2025-12-17 13:17:36.016 [main] INFO  controlador.GestionaUsuarios - Usuario [id=usr013, username=User013, email=user013@fitdroid.com, plan_activo=TRIMESTRAL, dispositivo=android12, preferencias=null]
2025-12-17 13:17:36.017 [main] INFO  controlador.GestionaUsuarios - Usuario [id=usr014, username=User014, email=user014@fitdroid.com, plan_activo=ANUAL, dispositivo=android11, preferencias=null]
2025-12-17 13:17:36.017 [main] INFO  controlador.GestionaUsuarios - Usuario [id=usr015, username=User015, email=user015@fitdroid.com, plan_activo=VIP, dispositivo=android13, preferencias=null]
2025-12-17 13:17:36.017 [main] INFO  controlador.GestionaUsuarios - Usuario [id=usr016, username=User016, email=user016@fitdroid.com, plan_activo=FREE, dispositivo=iphone16, preferencias=null]
2025-12-17 13:17:36.017 [main] INFO  controlador.GestionaUsuarios - Usuario [id=usr017, username=User017, email=user017@fitdroid.com, plan_activo=MENSUAL, dispositivo=android13, preferencias=null]
2025-12-17 13:17:36.017 [main] INFO  controlador.GestionaUsuarios - Usuario [id=usr018, username=User018, email=user018@fitdroid.com, plan_activo=TRIMESTRAL, dispositivo=iphone16, preferencias=null]
2025-12-17 13:17:36.017 [main] INFO  controlador.GestionaUsuarios - Usuario [id=usr019, username=User019, email=user019@fitdroid.com, plan_activo=ANUAL, dispositivo=android11, preferencias=null]
2025-12-17 13:17:36.017 [main] INFO  controlador.GestionaUsuarios - Usuario [id=usr020, username=User020, email=user020@fitdroid.com, plan_activo=VIP, dispositivo=iphone17, preferencias=null]
2025-12-17 13:17:36.017 [main] INFO  controlador.GestionaUsuarios - Usuario [id=usr021, username=User021, email=user021@fitdroid.com, plan_activo=FREE, dispositivo=android11, preferencias=null]
2025-12-17 13:17:36.017 [main] INFO  controlador.GestionaUsuarios - Usuario [id=usr022, username=User022, email=user022@fitdroid.com, plan_activo=MENSUAL, dispositivo=iphone17, preferencias=null]
2025-12-17 13:17:36.017 [main] INFO  controlador.GestionaUsuarios - Usuario [id=usr023, username=User023, email=user023@fitdroid.com, plan_activo=MENSUAL, dispositivo=android14, preferencias=null]
2025-12-17 13:17:36.017 [main] INFO  controlador.GestionaUsuarios - Usuario [id=usr024, username=User024, email=user024@fitdroid.com, plan_activo=ANUAL, dispositivo=android13, preferencias=null]
2025-12-17 13:17:36.017 [main] INFO  controlador.GestionaUsuarios - Usuario [id=usr025, username=User025, email=user025@fitdroid.com, plan_activo=VIP, dispositivo=iphone15, preferencias=null]
2025-12-17 13:17:36.017 [main] INFO  controlador.GestionaUsuarios - Usuario [id=usr026, username=User026, email=user026@fitdroid.com, plan_activo=FREE, dispositivo=iphone14, preferencias=null]
2025-12-17 13:17:36.018 [main] INFO  controlador.GestionaUsuarios - Usuario [id=usr027, username=User027, email=user027@fitdroid.com, plan_activo=MENSUAL, dispositivo=iphone17, preferencias=null]
2025-12-17 13:17:36.018 [main] INFO  controlador.GestionaUsuarios - Usuario [id=usr028, username=User028, email=user028@fitdroid.com, plan_activo=TRIMESTRAL, dispositivo=android13, preferencias=null]
2025-12-17 13:17:36.018 [main] INFO  controlador.GestionaUsuarios - Usuario [id=usr029, username=User029, email=user029@fitdroid.com, plan_activo=ANUAL, dispositivo=android14, preferencias=null]
2025-12-17 13:17:36.018 [main] INFO  controlador.GestionaUsuarios - Usuario [id=usr030, username=User030, email=user030@fitdroid.com, plan_activo=VIP, dispositivo=android11, preferencias=null]
2025-12-17 13:17:36.018 [main] INFO  controlador.GestionaUsuarios - Usuario [id=usr031, username=User031, email=user031@fitdroid.com, plan_activo=FREE, dispositivo=iphone15, preferencias=null]
2025-12-17 13:17:36.018 [main] INFO  controlador.GestionaUsuarios - Usuario [id=usr032, username=User032, email=user032@fitdroid.com, plan_activo=MENSUAL, dispositivo=android12, preferencias=null]
2025-12-17 13:17:36.018 [main] INFO  controlador.GestionaUsuarios - Usuario [id=usr033, username=User033, email=user033@fitdroid.com, plan_activo=TRIMESTRAL, dispositivo=android14, preferencias=null]
2025-12-17 13:17:36.019 [main] INFO  controlador.GestionaUsuarios - Usuario [id=usr034, username=User034, email=user034@fitdroid.com, plan_activo=ANUAL, dispositivo=iphone15, preferencias=null]
2025-12-17 13:17:36.019 [main] INFO  controlador.GestionaUsuarios - Usuario [id=usr035, username=User035, email=user035@fitdroid.com, plan_activo=VIP, dispositivo=iphone17, preferencias=null]
2025-12-17 13:17:36.019 [main] INFO  controlador.GestionaUsuarios - Usuario [id=usr036, username=User036, email=user036@fitdroid.com, plan_activo=FREE, dispositivo=android13, preferencias=null]
2025-12-17 13:17:36.019 [main] INFO  controlador.GestionaUsuarios - Usuario [id=usr037, username=User037, email=user037@fitdroid.com, plan_activo=MENSUAL, dispositivo=android13, preferencias=null]
2025-12-17 13:17:36.019 [main] INFO  controlador.GestionaUsuarios - Usuario [id=usr038, username=User038, email=user038@fitdroid.com, plan_activo=TRIMESTRAL, dispositivo=iphone14, preferencias=null]
2025-12-17 13:17:36.019 [main] INFO  controlador.GestionaUsuarios - Usuario [id=usr039, username=User039, email=user039@fitdroid.com, plan_activo=ANUAL, dispositivo=android14, preferencias=null]
2025-12-17 13:17:36.019 [main] INFO  controlador.GestionaUsuarios - Usuario [id=usr040, username=User040, email=user040@fitdroid.com, plan_activo=VIP, dispositivo=android14, preferencias=null]
2025-12-17 13:17:36.045 [main] INFO  controlador.GestionaUsuarios - Usuario [id=usr002, username=User002, email=user002@fitdroid.com, plan_activo=MENSUAL, dispositivo=android11, preferencias=Preferencias [tema_oscuro=false, idioma=ES, notificaciones_push=true, limite_datos_moviles=false]]
2025-12-17 13:17:36.056 [main] INFO  repositorio.UsuarioRepositorio - SELECT email,dispositivo FROM parradomanuel.usuarios where plan_activo=? 
2025-12-17 13:17:36.057 [main] INFO  controlador.GestionaUsuarios - Usuario [id=usr00040, username=usr00040, email=lasjf, plan_activo=ANUAL, dispositivo=android, preferencias=null]
2025-12-17 13:17:36.057 [main] INFO  controlador.GestionaUsuarios - Usuario [id=usr001, username=User001, email=user001@fitdroid.com, plan_activo=MENSUAL, dispositivo=android14, preferencias=null]
2025-12-17 13:17:36.057 [main] INFO  controlador.GestionaUsuarios - Usuario [id=usr002, username=User002, email=user002@fitdroid.com, plan_activo=MENSUAL, dispositivo=android11, preferencias=null]
2025-12-17 13:17:36.057 [main] INFO  controlador.GestionaUsuarios - Usuario [id=usr003, username=User003, email=user003@fitdroid.com, plan_activo=TRIMESTRAL, dispositivo=android12, preferencias=null]
2025-12-17 13:17:36.057 [main] INFO  controlador.GestionaUsuarios - Usuario [id=usr004, username=User004, email=user004@fitdroid.com, plan_activo=ANUAL, dispositivo=iphone16, preferencias=null]
2025-12-17 13:17:36.057 [main] INFO  controlador.GestionaUsuarios - Usuario [id=usr005, username=User005, email=user005@fitdroid.com, plan_activo=MENSUAL, dispositivo=android14, preferencias=null]
2025-12-17 13:17:36.057 [main] INFO  controlador.GestionaUsuarios - Usuario [id=usr006, username=User006, email=user006@fitdroid.com, plan_activo=FREE, dispositivo=android13, preferencias=null]
2025-12-17 13:17:36.058 [main] INFO  controlador.GestionaUsuarios - Usuario [id=usr007, username=User007, email=user007@fitdroid.com, plan_activo=MENSUAL, dispositivo=android11, preferencias=null]
2025-12-17 13:17:36.058 [main] INFO  controlador.GestionaUsuarios - Usuario [id=usr008, username=User008, email=user008@fitdroid.com, plan_activo=TRIMESTRAL, dispositivo=android11, preferencias=null]
2025-12-17 13:17:36.058 [main] INFO  controlador.GestionaUsuarios - Usuario [id=usr009, username=User009, email=user009@fitdroid.com, plan_activo=ANUAL, dispositivo=android12, preferencias=null]
2025-12-17 13:17:36.058 [main] INFO  controlador.GestionaUsuarios - Usuario [id=usr010, username=User010, email=user010@fitdroid.com, plan_activo=VIP, dispositivo=android13, preferencias=null]
2025-12-17 13:17:36.058 [main] INFO  controlador.GestionaUsuarios - Usuario [id=usr011, username=User011, email=user011@fitdroid.com, plan_activo=FREE, dispositivo=android13, preferencias=null]
2025-12-17 13:17:36.058 [main] INFO  controlador.GestionaUsuarios - Usuario [id=usr012, username=User012, email=user012@fitdroid.com, plan_activo=MENSUAL, dispositivo=iphone17, preferencias=null]
2025-12-17 13:17:36.058 [main] INFO  controlador.GestionaUsuarios - Usuario [id=usr013, username=User013, email=user013@fitdroid.com, plan_activo=TRIMESTRAL, dispositivo=android12, preferencias=null]
2025-12-17 13:17:36.058 [main] INFO  controlador.GestionaUsuarios - Usuario [id=usr014, username=User014, email=user014@fitdroid.com, plan_activo=ANUAL, dispositivo=android11, preferencias=null]
2025-12-17 13:17:36.058 [main] INFO  controlador.GestionaUsuarios - Usuario [id=usr015, username=User015, email=user015@fitdroid.com, plan_activo=VIP, dispositivo=android13, preferencias=null]
2025-12-17 13:17:36.058 [main] INFO  controlador.GestionaUsuarios - Usuario [id=usr016, username=User016, email=user016@fitdroid.com, plan_activo=FREE, dispositivo=iphone16, preferencias=null]
2025-12-17 13:17:36.058 [main] INFO  controlador.GestionaUsuarios - Usuario [id=usr017, username=User017, email=user017@fitdroid.com, plan_activo=MENSUAL, dispositivo=android13, preferencias=null]
2025-12-17 13:17:36.058 [main] INFO  controlador.GestionaUsuarios - Usuario [id=usr018, username=User018, email=user018@fitdroid.com, plan_activo=TRIMESTRAL, dispositivo=iphone16, preferencias=null]
2025-12-17 13:17:36.058 [main] INFO  controlador.GestionaUsuarios - Usuario [id=usr019, username=User019, email=user019@fitdroid.com, plan_activo=ANUAL, dispositivo=android11, preferencias=null]
2025-12-17 13:17:36.059 [main] INFO  controlador.GestionaUsuarios - Usuario [id=usr020, username=User020, email=user020@fitdroid.com, plan_activo=VIP, dispositivo=iphone17, preferencias=null]
2025-12-17 13:17:36.059 [main] INFO  controlador.GestionaUsuarios - Usuario [id=usr021, username=User021, email=user021@fitdroid.com, plan_activo=FREE, dispositivo=android11, preferencias=null]
2025-12-17 13:17:36.059 [main] INFO  controlador.GestionaUsuarios - Usuario [id=usr022, username=User022, email=user022@fitdroid.com, plan_activo=MENSUAL, dispositivo=iphone17, preferencias=null]
2025-12-17 13:17:36.059 [main] INFO  controlador.GestionaUsuarios - Usuario [id=usr023, username=User023, email=user023@fitdroid.com, plan_activo=MENSUAL, dispositivo=android14, preferencias=null]
2025-12-17 13:17:36.059 [main] INFO  controlador.GestionaUsuarios - Usuario [id=usr024, username=User024, email=user024@fitdroid.com, plan_activo=ANUAL, dispositivo=android13, preferencias=null]
2025-12-17 13:17:36.060 [main] INFO  controlador.GestionaUsuarios - Usuario [id=usr025, username=User025, email=user025@fitdroid.com, plan_activo=VIP, dispositivo=iphone15, preferencias=null]
2025-12-17 13:17:36.060 [main] INFO  controlador.GestionaUsuarios - Usuario [id=usr026, username=User026, email=user026@fitdroid.com, plan_activo=FREE, dispositivo=iphone14, preferencias=null]
2025-12-17 13:17:36.060 [main] INFO  controlador.GestionaUsuarios - Usuario [id=usr027, username=User027, email=user027@fitdroid.com, plan_activo=MENSUAL, dispositivo=iphone17, preferencias=null]
2025-12-17 13:17:36.060 [main] INFO  controlador.GestionaUsuarios - Usuario [id=usr028, username=User028, email=user028@fitdroid.com, plan_activo=TRIMESTRAL, dispositivo=android13, preferencias=null]
2025-12-17 13:17:36.060 [main] INFO  controlador.GestionaUsuarios - Usuario [id=usr029, username=User029, email=user029@fitdroid.com, plan_activo=ANUAL, dispositivo=android14, preferencias=null]
2025-12-17 13:17:36.060 [main] INFO  controlador.GestionaUsuarios - Usuario [id=usr030, username=User030, email=user030@fitdroid.com, plan_activo=VIP, dispositivo=android11, preferencias=null]
2025-12-17 13:17:36.060 [main] INFO  controlador.GestionaUsuarios - Usuario [id=usr031, username=User031, email=user031@fitdroid.com, plan_activo=FREE, dispositivo=iphone15, preferencias=null]
2025-12-17 13:17:36.060 [main] INFO  controlador.GestionaUsuarios - Usuario [id=usr032, username=User032, email=user032@fitdroid.com, plan_activo=MENSUAL, dispositivo=android12, preferencias=null]
2025-12-17 13:17:36.060 [main] INFO  controlador.GestionaUsuarios - Usuario [id=usr033, username=User033, email=user033@fitdroid.com, plan_activo=TRIMESTRAL, dispositivo=android14, preferencias=null]
2025-12-17 13:17:36.060 [main] INFO  controlador.GestionaUsuarios - Usuario [id=usr034, username=User034, email=user034@fitdroid.com, plan_activo=ANUAL, dispositivo=iphone15, preferencias=null]
2025-12-17 13:17:36.060 [main] INFO  controlador.GestionaUsuarios - Usuario [id=usr035, username=User035, email=user035@fitdroid.com, plan_activo=VIP, dispositivo=iphone17, preferencias=null]
2025-12-17 13:17:36.060 [main] INFO  controlador.GestionaUsuarios - Usuario [id=usr036, username=User036, email=user036@fitdroid.com, plan_activo=FREE, dispositivo=android13, preferencias=null]
2025-12-17 13:17:36.060 [main] INFO  controlador.GestionaUsuarios - Usuario [id=usr037, username=User037, email=user037@fitdroid.com, plan_activo=MENSUAL, dispositivo=android13, preferencias=null]
2025-12-17 13:17:36.060 [main] INFO  controlador.GestionaUsuarios - Usuario [id=usr038, username=User038, email=user038@fitdroid.com, plan_activo=TRIMESTRAL, dispositivo=iphone14, preferencias=null]
2025-12-17 13:17:36.061 [main] INFO  controlador.GestionaUsuarios - Usuario [id=usr039, username=User039, email=user039@fitdroid.com, plan_activo=ANUAL, dispositivo=android14, preferencias=null]
2025-12-17 13:17:36.061 [main] INFO  controlador.GestionaUsuarios - Usuario [id=usr040, username=User040, email=user040@fitdroid.com, plan_activo=VIP, dispositivo=android14, preferencias=null]
2025-12-17 13:18:05.391 [main] INFO  controlador.GestionaUsuarios - Usuario [id=usr00040, username=usr00040, email=lasjf, plan_activo=ANUAL, dispositivo=android, preferencias=null]
2025-12-17 13:18:05.393 [main] INFO  controlador.GestionaUsuarios - Usuario [id=usr001, username=User001, email=user001@fitdroid.com, plan_activo=MENSUAL, dispositivo=android14, preferencias=null]
2025-12-17 13:18:05.393 [main] INFO  controlador.GestionaUsuarios - Usuario [id=usr002, username=User002, email=user002@fitdroid.com, plan_activo=MENSUAL, dispositivo=android11, preferencias=null]
2025-12-17 13:18:05.393 [main] INFO  controlador.GestionaUsuarios - Usuario [id=usr003, username=User003, email=user003@fitdroid.com, plan_activo=TRIMESTRAL, dispositivo=android12, preferencias=null]
2025-12-17 13:18:05.394 [main] INFO  controlador.GestionaUsuarios - Usuario [id=usr004, username=User004, email=user004@fitdroid.com, plan_activo=ANUAL, dispositivo=iphone16, preferencias=null]
2025-12-17 13:18:05.394 [main] INFO  controlador.GestionaUsuarios - Usuario [id=usr005, username=User005, email=user005@fitdroid.com, plan_activo=MENSUAL, dispositivo=android14, preferencias=null]
2025-12-17 13:18:05.394 [main] INFO  controlador.GestionaUsuarios - Usuario [id=usr006, username=User006, email=user006@fitdroid.com, plan_activo=FREE, dispositivo=android13, preferencias=null]
2025-12-17 13:18:05.394 [main] INFO  controlador.GestionaUsuarios - Usuario [id=usr007, username=User007, email=user007@fitdroid.com, plan_activo=MENSUAL, dispositivo=android11, preferencias=null]
2025-12-17 13:18:05.394 [main] INFO  controlador.GestionaUsuarios - Usuario [id=usr008, username=User008, email=user008@fitdroid.com, plan_activo=TRIMESTRAL, dispositivo=android11, preferencias=null]
2025-12-17 13:18:05.394 [main] INFO  controlador.GestionaUsuarios - Usuario [id=usr009, username=User009, email=user009@fitdroid.com, plan_activo=ANUAL, dispositivo=android12, preferencias=null]
2025-12-17 13:18:05.394 [main] INFO  controlador.GestionaUsuarios - Usuario [id=usr010, username=User010, email=user010@fitdroid.com, plan_activo=VIP, dispositivo=android13, preferencias=null]
2025-12-17 13:18:05.394 [main] INFO  controlador.GestionaUsuarios - Usuario [id=usr011, username=User011, email=user011@fitdroid.com, plan_activo=FREE, dispositivo=android13, preferencias=null]
2025-12-17 13:18:05.394 [main] INFO  controlador.GestionaUsuarios - Usuario [id=usr012, username=User012, email=user012@fitdroid.com, plan_activo=MENSUAL, dispositivo=iphone17, preferencias=null]
2025-12-17 13:18:05.394 [main] INFO  controlador.GestionaUsuarios - Usuario [id=usr013, username=User013, email=user013@fitdroid.com, plan_activo=TRIMESTRAL, dispositivo=android12, preferencias=null]
2025-12-17 13:18:05.395 [main] INFO  controlador.GestionaUsuarios - Usuario [id=usr014, username=User014, email=user014@fitdroid.com, plan_activo=ANUAL, dispositivo=android11, preferencias=null]
2025-12-17 13:18:05.395 [main] INFO  controlador.GestionaUsuarios - Usuario [id=usr015, username=User015, email=user015@fitdroid.com, plan_activo=VIP, dispositivo=android13, preferencias=null]
2025-12-17 13:18:05.395 [main] INFO  controlador.GestionaUsuarios - Usuario [id=usr016, username=User016, email=user016@fitdroid.com, plan_activo=FREE, dispositivo=iphone16, preferencias=null]
2025-12-17 13:18:05.395 [main] INFO  controlador.GestionaUsuarios - Usuario [id=usr017, username=User017, email=user017@fitdroid.com, plan_activo=MENSUAL, dispositivo=android13, preferencias=null]
2025-12-17 13:18:05.395 [main] INFO  controlador.GestionaUsuarios - Usuario [id=usr018, username=User018, email=user018@fitdroid.com, plan_activo=TRIMESTRAL, dispositivo=iphone16, preferencias=null]
2025-12-17 13:18:05.395 [main] INFO  controlador.GestionaUsuarios - Usuario [id=usr019, username=User019, email=user019@fitdroid.com, plan_activo=ANUAL, dispositivo=android11, preferencias=null]
2025-12-17 13:18:05.395 [main] INFO  controlador.GestionaUsuarios - Usuario [id=usr020, username=User020, email=user020@fitdroid.com, plan_activo=VIP, dispositivo=iphone17, preferencias=null]
2025-12-17 13:18:05.395 [main] INFO  controlador.GestionaUsuarios - Usuario [id=usr021, username=User021, email=user021@fitdroid.com, plan_activo=FREE, dispositivo=android11, preferencias=null]
2025-12-17 13:18:05.395 [main] INFO  controlador.GestionaUsuarios - Usuario [id=usr022, username=User022, email=user022@fitdroid.com, plan_activo=MENSUAL, dispositivo=iphone17, preferencias=null]
2025-12-17 13:18:05.395 [main] INFO  controlador.GestionaUsuarios - Usuario [id=usr023, username=User023, email=user023@fitdroid.com, plan_activo=MENSUAL, dispositivo=android14, preferencias=null]
2025-12-17 13:18:05.395 [main] INFO  controlador.GestionaUsuarios - Usuario [id=usr024, username=User024, email=user024@fitdroid.com, plan_activo=ANUAL, dispositivo=android13, preferencias=null]
2025-12-17 13:18:05.395 [main] INFO  controlador.GestionaUsuarios - Usuario [id=usr025, username=User025, email=user025@fitdroid.com, plan_activo=VIP, dispositivo=iphone15, preferencias=null]
2025-12-17 13:18:05.396 [main] INFO  controlador.GestionaUsuarios - Usuario [id=usr026, username=User026, email=user026@fitdroid.com, plan_activo=FREE, dispositivo=iphone14, preferencias=null]
2025-12-17 13:18:05.396 [main] INFO  controlador.GestionaUsuarios - Usuario [id=usr027, username=User027, email=user027@fitdroid.com, plan_activo=MENSUAL, dispositivo=iphone17, preferencias=null]
2025-12-17 13:18:05.396 [main] INFO  controlador.GestionaUsuarios - Usuario [id=usr028, username=User028, email=user028@fitdroid.com, plan_activo=TRIMESTRAL, dispositivo=android13, preferencias=null]
2025-12-17 13:18:05.396 [main] INFO  controlador.GestionaUsuarios - Usuario [id=usr029, username=User029, email=user029@fitdroid.com, plan_activo=ANUAL, dispositivo=android14, preferencias=null]
2025-12-17 13:18:05.396 [main] INFO  controlador.GestionaUsuarios - Usuario [id=usr030, username=User030, email=user030@fitdroid.com, plan_activo=VIP, dispositivo=android11, preferencias=null]
2025-12-17 13:18:05.396 [main] INFO  controlador.GestionaUsuarios - Usuario [id=usr031, username=User031, email=user031@fitdroid.com, plan_activo=FREE, dispositivo=iphone15, preferencias=null]
2025-12-17 13:18:05.396 [main] INFO  controlador.GestionaUsuarios - Usuario [id=usr032, username=User032, email=user032@fitdroid.com, plan_activo=MENSUAL, dispositivo=android12, preferencias=null]
2025-12-17 13:18:05.396 [main] INFO  controlador.GestionaUsuarios - Usuario [id=usr033, username=User033, email=user033@fitdroid.com, plan_activo=TRIMESTRAL, dispositivo=android14, preferencias=null]
2025-12-17 13:18:05.396 [main] INFO  controlador.GestionaUsuarios - Usuario [id=usr034, username=User034, email=user034@fitdroid.com, plan_activo=ANUAL, dispositivo=iphone15, preferencias=null]
2025-12-17 13:18:05.396 [main] INFO  controlador.GestionaUsuarios - Usuario [id=usr035, username=User035, email=user035@fitdroid.com, plan_activo=VIP, dispositivo=iphone17, preferencias=null]
2025-12-17 13:18:05.396 [main] INFO  controlador.GestionaUsuarios - Usuario [id=usr036, username=User036, email=user036@fitdroid.com, plan_activo=FREE, dispositivo=android13, preferencias=null]
2025-12-17 13:18:05.397 [main] INFO  controlador.GestionaUsuarios - Usuario [id=usr037, username=User037, email=user037@fitdroid.com, plan_activo=MENSUAL, dispositivo=android13, preferencias=null]
2025-12-17 13:18:05.397 [main] INFO  controlador.GestionaUsuarios - Usuario [id=usr038, username=User038, email=user038@fitdroid.com, plan_activo=TRIMESTRAL, dispositivo=iphone14, preferencias=null]
2025-12-17 13:18:05.397 [main] INFO  controlador.GestionaUsuarios - Usuario [id=usr039, username=User039, email=user039@fitdroid.com, plan_activo=ANUAL, dispositivo=android14, preferencias=null]
2025-12-17 13:18:05.397 [main] INFO  controlador.GestionaUsuarios - Usuario [id=usr040, username=User040, email=user040@fitdroid.com, plan_activo=VIP, dispositivo=android14, preferencias=null]
2025-12-17 13:18:05.422 [main] INFO  controlador.GestionaUsuarios - Usuario [id=usr002, username=User002, email=user002@fitdroid.com, plan_activo=MENSUAL, dispositivo=android11, preferencias=Preferencias [tema_oscuro=false, idioma=ES, notificaciones_push=true, limite_datos_moviles=false]]
2025-12-17 13:18:05.431 [main] INFO  repositorio.UsuarioRepositorio - SELECT email,dispositivo FROM parradomanuel.usuarios where plan_activo=? 
2025-12-17 13:18:05.432 [main] INFO  controlador.GestionaUsuarios - Usuario [id=usr00040, username=usr00040, email=lasjf, plan_activo=ANUAL, dispositivo=android, preferencias=null]
2025-12-17 13:18:05.432 [main] INFO  controlador.GestionaUsuarios - Usuario [id=usr001, username=User001, email=user001@fitdroid.com, plan_activo=MENSUAL, dispositivo=android14, preferencias=null]
2025-12-17 13:18:05.432 [main] INFO  controlador.GestionaUsuarios - Usuario [id=usr002, username=User002, email=user002@fitdroid.com, plan_activo=MENSUAL, dispositivo=android11, preferencias=null]
2025-12-17 13:18:05.433 [main] INFO  controlador.GestionaUsuarios - Usuario [id=usr003, username=User003, email=user003@fitdroid.com, plan_activo=TRIMESTRAL, dispositivo=android12, preferencias=null]
2025-12-17 13:18:05.433 [main] INFO  controlador.GestionaUsuarios - Usuario [id=usr004, username=User004, email=user004@fitdroid.com, plan_activo=ANUAL, dispositivo=iphone16, preferencias=null]
2025-12-17 13:18:05.433 [main] INFO  controlador.GestionaUsuarios - Usuario [id=usr005, username=User005, email=user005@fitdroid.com, plan_activo=MENSUAL, dispositivo=android14, preferencias=null]
2025-12-17 13:18:05.433 [main] INFO  controlador.GestionaUsuarios - Usuario [id=usr006, username=User006, email=user006@fitdroid.com, plan_activo=FREE, dispositivo=android13, preferencias=null]
2025-12-17 13:18:05.433 [main] INFO  controlador.GestionaUsuarios - Usuario [id=usr007, username=User007, email=user007@fitdroid.com, plan_activo=MENSUAL, dispositivo=android11, preferencias=null]
2025-12-17 13:18:05.433 [main] INFO  controlador.GestionaUsuarios - Usuario [id=usr008, username=User008, email=user008@fitdroid.com, plan_activo=TRIMESTRAL, dispositivo=android11, preferencias=null]
2025-12-17 13:18:05.433 [main] INFO  controlador.GestionaUsuarios - Usuario [id=usr009, username=User009, email=user009@fitdroid.com, plan_activo=ANUAL, dispositivo=android12, preferencias=null]
2025-12-17 13:18:05.433 [main] INFO  controlador.GestionaUsuarios - Usuario [id=usr010, username=User010, email=user010@fitdroid.com, plan_activo=VIP, dispositivo=android13, preferencias=null]
2025-12-17 13:18:05.433 [main] INFO  controlador.GestionaUsuarios - Usuario [id=usr011, username=User011, email=user011@fitdroid.com, plan_activo=FREE, dispositivo=android13, preferencias=null]
2025-12-17 13:18:05.433 [main] INFO  controlador.GestionaUsuarios - Usuario [id=usr012, username=User012, email=user012@fitdroid.com, plan_activo=MENSUAL, dispositivo=iphone17, preferencias=null]
2025-12-17 13:18:05.433 [main] INFO  controlador.GestionaUsuarios - Usuario [id=usr013, username=User013, email=user013@fitdroid.com, plan_activo=TRIMESTRAL, dispositivo=android12, preferencias=null]
2025-12-17 13:18:05.433 [main] INFO  controlador.GestionaUsuarios - Usuario [id=usr014, username=User014, email=user014@fitdroid.com, plan_activo=ANUAL, dispositivo=android11, preferencias=null]
2025-12-17 13:18:05.434 [main] INFO  controlador.GestionaUsuarios - Usuario [id=usr015, username=User015, email=user015@fitdroid.com, plan_activo=VIP, dispositivo=android13, preferencias=null]
2025-12-17 13:18:05.434 [main] INFO  controlador.GestionaUsuarios - Usuario [id=usr016, username=User016, email=user016@fitdroid.com, plan_activo=FREE, dispositivo=iphone16, preferencias=null]
2025-12-17 13:18:05.434 [main] INFO  controlador.GestionaUsuarios - Usuario [id=usr017, username=User017, email=user017@fitdroid.com, plan_activo=MENSUAL, dispositivo=android13, preferencias=null]
2025-12-17 13:18:05.434 [main] INFO  controlador.GestionaUsuarios - Usuario [id=usr018, username=User018, email=user018@fitdroid.com, plan_activo=TRIMESTRAL, dispositivo=iphone16, preferencias=null]
2025-12-17 13:18:05.434 [main] INFO  controlador.GestionaUsuarios - Usuario [id=usr019, username=User019, email=user019@fitdroid.com, plan_activo=ANUAL, dispositivo=android11, preferencias=null]
2025-12-17 13:18:05.434 [main] INFO  controlador.GestionaUsuarios - Usuario [id=usr020, username=User020, email=user020@fitdroid.com, plan_activo=VIP, dispositivo=iphone17, preferencias=null]
2025-12-17 13:18:05.434 [main] INFO  controlador.GestionaUsuarios - Usuario [id=usr021, username=User021, email=user021@fitdroid.com, plan_activo=FREE, dispositivo=android11, preferencias=null]
2025-12-17 13:18:05.434 [main] INFO  controlador.GestionaUsuarios - Usuario [id=usr022, username=User022, email=user022@fitdroid.com, plan_activo=MENSUAL, dispositivo=iphone17, preferencias=null]
2025-12-17 13:18:05.434 [main] INFO  controlador.GestionaUsuarios - Usuario [id=usr023, username=User023, email=user023@fitdroid.com, plan_activo=MENSUAL, dispositivo=android14, preferencias=null]
2025-12-17 13:18:05.434 [main] INFO  controlador.GestionaUsuarios - Usuario [id=usr024, username=User024, email=user024@fitdroid.com, plan_activo=ANUAL, dispositivo=android13, preferencias=null]
2025-12-17 13:18:05.434 [main] INFO  controlador.GestionaUsuarios - Usuario [id=usr025, username=User025, email=user025@fitdroid.com, plan_activo=VIP, dispositivo=iphone15, preferencias=null]
2025-12-17 13:18:05.434 [main] INFO  controlador.GestionaUsuarios - Usuario [id=usr026, username=User026, email=user026@fitdroid.com, plan_activo=FREE, dispositivo=iphone14, preferencias=null]
2025-12-17 13:18:05.435 [main] INFO  controlador.GestionaUsuarios - Usuario [id=usr027, username=User027, email=user027@fitdroid.com, plan_activo=MENSUAL, dispositivo=iphone17, preferencias=null]
2025-12-17 13:18:05.435 [main] INFO  controlador.GestionaUsuarios - Usuario [id=usr028, username=User028, email=user028@fitdroid.com, plan_activo=TRIMESTRAL, dispositivo=android13, preferencias=null]
2025-12-17 13:18:05.435 [main] INFO  controlador.GestionaUsuarios - Usuario [id=usr029, username=User029, email=user029@fitdroid.com, plan_activo=ANUAL, dispositivo=android14, preferencias=null]
2025-12-17 13:18:05.435 [main] INFO  controlador.GestionaUsuarios - Usuario [id=usr030, username=User030, email=user030@fitdroid.com, plan_activo=VIP, dispositivo=android11, preferencias=null]
2025-12-17 13:18:05.435 [main] INFO  controlador.GestionaUsuarios - Usuario [id=usr031, username=User031, email=user031@fitdroid.com, plan_activo=FREE, dispositivo=iphone15, preferencias=null]
2025-12-17 13:18:05.435 [main] INFO  controlador.GestionaUsuarios - Usuario [id=usr032, username=User032, email=user032@fitdroid.com, plan_activo=MENSUAL, dispositivo=android12, preferencias=null]
2025-12-17 13:18:05.435 [main] INFO  controlador.GestionaUsuarios - Usuario [id=usr033, username=User033, email=user033@fitdroid.com, plan_activo=TRIMESTRAL, dispositivo=android14, preferencias=null]
2025-12-17 13:18:05.435 [main] INFO  controlador.GestionaUsuarios - Usuario [id=usr034, username=User034, email=user034@fitdroid.com, plan_activo=ANUAL, dispositivo=iphone15, preferencias=null]
2025-12-17 13:18:05.435 [main] INFO  controlador.GestionaUsuarios - Usuario [id=usr035, username=User035, email=user035@fitdroid.com, plan_activo=VIP, dispositivo=iphone17, preferencias=null]
2025-12-17 13:18:05.435 [main] INFO  controlador.GestionaUsuarios - Usuario [id=usr036, username=User036, email=user036@fitdroid.com, plan_activo=FREE, dispositivo=android13, preferencias=null]
2025-12-17 13:18:05.435 [main] INFO  controlador.GestionaUsuarios - Usuario [id=usr037, username=User037, email=user037@fitdroid.com, plan_activo=MENSUAL, dispositivo=android13, preferencias=null]
2025-12-17 13:18:05.435 [main] INFO  controlador.GestionaUsuarios - Usuario [id=usr038, username=User038, email=user038@fitdroid.com, plan_activo=TRIMESTRAL, dispositivo=iphone14, preferencias=null]
2025-12-17 13:18:05.435 [main] INFO  controlador.GestionaUsuarios - Usuario [id=usr039, username=User039, email=user039@fitdroid.com, plan_activo=ANUAL, dispositivo=android14, preferencias=null]
2025-12-17 13:18:05.435 [main] INFO  controlador.GestionaUsuarios - Usuario [id=usr040, username=User040, email=user040@fitdroid.com, plan_activo=VIP, dispositivo=android14, preferencias=null]
2025-12-17 13:18:28.657 [main] INFO  controlador.GestionaUsuarios - Usuario [id=1947, username=12515, email=3457375, plan_activo=ANUAL, dispositivo=34563457, preferencias=null]
2025-12-17 13:18:28.659 [main] INFO  controlador.GestionaUsuarios - Usuario [id=usr00040, username=usr00040, email=lasjf, plan_activo=ANUAL, dispositivo=android, preferencias=null]
2025-12-17 13:18:28.659 [main] INFO  controlador.GestionaUsuarios - Usuario [id=usr001, username=User001, email=user001@fitdroid.com, plan_activo=MENSUAL, dispositivo=android14, preferencias=null]
2025-12-17 13:18:28.659 [main] INFO  controlador.GestionaUsuarios - Usuario [id=usr002, username=User002, email=user002@fitdroid.com, plan_activo=MENSUAL, dispositivo=android11, preferencias=null]
2025-12-17 13:18:28.659 [main] INFO  controlador.GestionaUsuarios - Usuario [id=usr003, username=User003, email=user003@fitdroid.com, plan_activo=TRIMESTRAL, dispositivo=android12, preferencias=null]
2025-12-17 13:18:28.659 [main] INFO  controlador.GestionaUsuarios - Usuario [id=usr004, username=User004, email=user004@fitdroid.com, plan_activo=ANUAL, dispositivo=iphone16, preferencias=null]
2025-12-17 13:18:28.659 [main] INFO  controlador.GestionaUsuarios - Usuario [id=usr005, username=User005, email=user005@fitdroid.com, plan_activo=MENSUAL, dispositivo=android14, preferencias=null]
2025-12-17 13:18:28.659 [main] INFO  controlador.GestionaUsuarios - Usuario [id=usr006, username=User006, email=user006@fitdroid.com, plan_activo=FREE, dispositivo=android13, preferencias=null]
2025-12-17 13:18:28.660 [main] INFO  controlador.GestionaUsuarios - Usuario [id=usr007, username=User007, email=user007@fitdroid.com, plan_activo=MENSUAL, dispositivo=android11, preferencias=null]
2025-12-17 13:18:28.660 [main] INFO  controlador.GestionaUsuarios - Usuario [id=usr008, username=User008, email=user008@fitdroid.com, plan_activo=TRIMESTRAL, dispositivo=android11, preferencias=null]
2025-12-17 13:18:28.660 [main] INFO  controlador.GestionaUsuarios - Usuario [id=usr009, username=User009, email=user009@fitdroid.com, plan_activo=ANUAL, dispositivo=android12, preferencias=null]
2025-12-17 13:18:28.660 [main] INFO  controlador.GestionaUsuarios - Usuario [id=usr010, username=User010, email=user010@fitdroid.com, plan_activo=VIP, dispositivo=android13, preferencias=null]
2025-12-17 13:18:28.660 [main] INFO  controlador.GestionaUsuarios - Usuario [id=usr011, username=User011, email=user011@fitdroid.com, plan_activo=FREE, dispositivo=android13, preferencias=null]
2025-12-17 13:18:28.660 [main] INFO  controlador.GestionaUsuarios - Usuario [id=usr012, username=User012, email=user012@fitdroid.com, plan_activo=MENSUAL, dispositivo=iphone17, preferencias=null]
2025-12-17 13:18:28.660 [main] INFO  controlador.GestionaUsuarios - Usuario [id=usr013, username=User013, email=user013@fitdroid.com, plan_activo=TRIMESTRAL, dispositivo=android12, preferencias=null]
2025-12-17 13:18:28.660 [main] INFO  controlador.GestionaUsuarios - Usuario [id=usr014, username=User014, email=user014@fitdroid.com, plan_activo=ANUAL, dispositivo=android11, preferencias=null]
2025-12-17 13:18:28.660 [main] INFO  controlador.GestionaUsuarios - Usuario [id=usr015, username=User015, email=user015@fitdroid.com, plan_activo=VIP, dispositivo=android13, preferencias=null]
2025-12-17 13:18:28.661 [main] INFO  controlador.GestionaUsuarios - Usuario [id=usr016, username=User016, email=user016@fitdroid.com, plan_activo=FREE, dispositivo=iphone16, preferencias=null]
2025-12-17 13:18:28.661 [main] INFO  controlador.GestionaUsuarios - Usuario [id=usr017, username=User017, email=user017@fitdroid.com, plan_activo=MENSUAL, dispositivo=android13, preferencias=null]
2025-12-17 13:18:28.661 [main] INFO  controlador.GestionaUsuarios - Usuario [id=usr018, username=User018, email=user018@fitdroid.com, plan_activo=TRIMESTRAL, dispositivo=iphone16, preferencias=null]
2025-12-17 13:18:28.661 [main] INFO  controlador.GestionaUsuarios - Usuario [id=usr019, username=User019, email=user019@fitdroid.com, plan_activo=ANUAL, dispositivo=android11, preferencias=null]
2025-12-17 13:18:28.661 [main] INFO  controlador.GestionaUsuarios - Usuario [id=usr020, username=User020, email=user020@fitdroid.com, plan_activo=VIP, dispositivo=iphone17, preferencias=null]
2025-12-17 13:18:28.661 [main] INFO  controlador.GestionaUsuarios - Usuario [id=usr021, username=User021, email=user021@fitdroid.com, plan_activo=FREE, dispositivo=android11, preferencias=null]
2025-12-17 13:18:28.661 [main] INFO  controlador.GestionaUsuarios - Usuario [id=usr022, username=User022, email=user022@fitdroid.com, plan_activo=MENSUAL, dispositivo=iphone17, preferencias=null]
2025-12-17 13:18:28.661 [main] INFO  controlador.GestionaUsuarios - Usuario [id=usr023, username=User023, email=user023@fitdroid.com, plan_activo=MENSUAL, dispositivo=android14, preferencias=null]
2025-12-17 13:18:28.661 [main] INFO  controlador.GestionaUsuarios - Usuario [id=usr024, username=User024, email=user024@fitdroid.com, plan_activo=ANUAL, dispositivo=android13, preferencias=null]
2025-12-17 13:18:28.661 [main] INFO  controlador.GestionaUsuarios - Usuario [id=usr025, username=User025, email=user025@fitdroid.com, plan_activo=VIP, dispositivo=iphone15, preferencias=null]
2025-12-17 13:18:28.661 [main] INFO  controlador.GestionaUsuarios - Usuario [id=usr026, username=User026, email=user026@fitdroid.com, plan_activo=FREE, dispositivo=iphone14, preferencias=null]
2025-12-17 13:18:28.661 [main] INFO  controlador.GestionaUsuarios - Usuario [id=usr027, username=User027, email=user027@fitdroid.com, plan_activo=MENSUAL, dispositivo=iphone17, preferencias=null]
2025-12-17 13:18:28.662 [main] INFO  controlador.GestionaUsuarios - Usuario [id=usr028, username=User028, email=user028@fitdroid.com, plan_activo=TRIMESTRAL, dispositivo=android13, preferencias=null]
2025-12-17 13:18:28.662 [main] INFO  controlador.GestionaUsuarios - Usuario [id=usr029, username=User029, email=user029@fitdroid.com, plan_activo=ANUAL, dispositivo=android14, preferencias=null]
2025-12-17 13:18:28.662 [main] INFO  controlador.GestionaUsuarios - Usuario [id=usr030, username=User030, email=user030@fitdroid.com, plan_activo=VIP, dispositivo=android11, preferencias=null]
2025-12-17 13:18:28.662 [main] INFO  controlador.GestionaUsuarios - Usuario [id=usr031, username=User031, email=user031@fitdroid.com, plan_activo=FREE, dispositivo=iphone15, preferencias=null]
2025-12-17 13:18:28.662 [main] INFO  controlador.GestionaUsuarios - Usuario [id=usr032, username=User032, email=user032@fitdroid.com, plan_activo=MENSUAL, dispositivo=android12, preferencias=null]
2025-12-17 13:18:28.662 [main] INFO  controlador.GestionaUsuarios - Usuario [id=usr033, username=User033, email=user033@fitdroid.com, plan_activo=TRIMESTRAL, dispositivo=android14, preferencias=null]
2025-12-17 13:18:28.662 [main] INFO  controlador.GestionaUsuarios - Usuario [id=usr034, username=User034, email=user034@fitdroid.com, plan_activo=ANUAL, dispositivo=iphone15, preferencias=null]
2025-12-17 13:18:28.662 [main] INFO  controlador.GestionaUsuarios - Usuario [id=usr035, username=User035, email=user035@fitdroid.com, plan_activo=VIP, dispositivo=iphone17, preferencias=null]
2025-12-17 13:18:28.662 [main] INFO  controlador.GestionaUsuarios - Usuario [id=usr036, username=User036, email=user036@fitdroid.com, plan_activo=FREE, dispositivo=android13, preferencias=null]
2025-12-17 13:18:28.663 [main] INFO  controlador.GestionaUsuarios - Usuario [id=usr037, username=User037, email=user037@fitdroid.com, plan_activo=MENSUAL, dispositivo=android13, preferencias=null]
2025-12-17 13:18:28.663 [main] INFO  controlador.GestionaUsuarios - Usuario [id=usr038, username=User038, email=user038@fitdroid.com, plan_activo=TRIMESTRAL, dispositivo=iphone14, preferencias=null]
2025-12-17 13:18:28.663 [main] INFO  controlador.GestionaUsuarios - Usuario [id=usr039, username=User039, email=user039@fitdroid.com, plan_activo=ANUAL, dispositivo=android14, preferencias=null]
2025-12-17 13:18:28.663 [main] INFO  controlador.GestionaUsuarios - Usuario [id=usr040, username=User040, email=user040@fitdroid.com, plan_activo=VIP, dispositivo=android14, preferencias=null]
2025-12-17 13:18:28.687 [main] INFO  controlador.GestionaUsuarios - Usuario [id=usr002, username=User002, email=user002@fitdroid.com, plan_activo=MENSUAL, dispositivo=android11, preferencias=Preferencias [tema_oscuro=false, idioma=ES, notificaciones_push=true, limite_datos_moviles=false]]
2025-12-17 13:18:28.697 [main] INFO  repositorio.UsuarioRepositorio - SELECT email,dispositivo FROM parradomanuel.usuarios where plan_activo=? 
2025-12-17 13:18:28.698 [main] INFO  controlador.GestionaUsuarios - Usuario [id=1947, username=12515, email=3457375, plan_activo=ANUAL, dispositivo=34563457, preferencias=null]
2025-12-17 13:18:28.698 [main] INFO  controlador.GestionaUsuarios - Usuario [id=usr00040, username=usr00040, email=lasjf, plan_activo=ANUAL, dispositivo=android, preferencias=null]
2025-12-17 13:18:28.699 [main] INFO  controlador.GestionaUsuarios - Usuario [id=usr001, username=User001, email=user001@fitdroid.com, plan_activo=MENSUAL, dispositivo=android14, preferencias=null]
2025-12-17 13:18:28.699 [main] INFO  controlador.GestionaUsuarios - Usuario [id=usr002, username=User002, email=user002@fitdroid.com, plan_activo=MENSUAL, dispositivo=android11, preferencias=null]
2025-12-17 13:18:28.699 [main] INFO  controlador.GestionaUsuarios - Usuario [id=usr003, username=User003, email=user003@fitdroid.com, plan_activo=TRIMESTRAL, dispositivo=android12, preferencias=null]
2025-12-17 13:18:28.699 [main] INFO  controlador.GestionaUsuarios - Usuario [id=usr004, username=User004, email=user004@fitdroid.com, plan_activo=ANUAL, dispositivo=iphone16, preferencias=null]
2025-12-17 13:18:28.699 [main] INFO  controlador.GestionaUsuarios - Usuario [id=usr005, username=User005, email=user005@fitdroid.com, plan_activo=MENSUAL, dispositivo=android14, preferencias=null]
2025-12-17 13:18:28.699 [main] INFO  controlador.GestionaUsuarios - Usuario [id=usr006, username=User006, email=user006@fitdroid.com, plan_activo=FREE, dispositivo=android13, preferencias=null]
2025-12-17 13:18:28.699 [main] INFO  controlador.GestionaUsuarios - Usuario [id=usr007, username=User007, email=user007@fitdroid.com, plan_activo=MENSUAL, dispositivo=android11, preferencias=null]
2025-12-17 13:18:28.699 [main] INFO  controlador.GestionaUsuarios - Usuario [id=usr008, username=User008, email=user008@fitdroid.com, plan_activo=TRIMESTRAL, dispositivo=android11, preferencias=null]
2025-12-17 13:18:28.699 [main] INFO  controlador.GestionaUsuarios - Usuario [id=usr009, username=User009, email=user009@fitdroid.com, plan_activo=ANUAL, dispositivo=android12, preferencias=null]
2025-12-17 13:18:28.699 [main] INFO  controlador.GestionaUsuarios - Usuario [id=usr010, username=User010, email=user010@fitdroid.com, plan_activo=VIP, dispositivo=android13, preferencias=null]
2025-12-17 13:18:28.699 [main] INFO  controlador.GestionaUsuarios - Usuario [id=usr011, username=User011, email=user011@fitdroid.com, plan_activo=FREE, dispositivo=android13, preferencias=null]
2025-12-17 13:18:28.699 [main] INFO  controlador.GestionaUsuarios - Usuario [id=usr012, username=User012, email=user012@fitdroid.com, plan_activo=MENSUAL, dispositivo=iphone17, preferencias=null]
2025-12-17 13:18:28.699 [main] INFO  controlador.GestionaUsuarios - Usuario [id=usr013, username=User013, email=user013@fitdroid.com, plan_activo=TRIMESTRAL, dispositivo=android12, preferencias=null]
2025-12-17 13:18:28.700 [main] INFO  controlador.GestionaUsuarios - Usuario [id=usr014, username=User014, email=user014@fitdroid.com, plan_activo=ANUAL, dispositivo=android11, preferencias=null]
2025-12-17 13:18:28.700 [main] INFO  controlador.GestionaUsuarios - Usuario [id=usr015, username=User015, email=user015@fitdroid.com, plan_activo=VIP, dispositivo=android13, preferencias=null]
2025-12-17 13:18:28.700 [main] INFO  controlador.GestionaUsuarios - Usuario [id=usr016, username=User016, email=user016@fitdroid.com, plan_activo=FREE, dispositivo=iphone16, preferencias=null]
2025-12-17 13:18:28.700 [main] INFO  controlador.GestionaUsuarios - Usuario [id=usr017, username=User017, email=user017@fitdroid.com, plan_activo=MENSUAL, dispositivo=android13, preferencias=null]
2025-12-17 13:18:28.700 [main] INFO  controlador.GestionaUsuarios - Usuario [id=usr018, username=User018, email=user018@fitdroid.com, plan_activo=TRIMESTRAL, dispositivo=iphone16, preferencias=null]
2025-12-17 13:18:28.700 [main] INFO  controlador.GestionaUsuarios - Usuario [id=usr019, username=User019, email=user019@fitdroid.com, plan_activo=ANUAL, dispositivo=android11, preferencias=null]
2025-12-17 13:18:28.700 [main] INFO  controlador.GestionaUsuarios - Usuario [id=usr020, username=User020, email=user020@fitdroid.com, plan_activo=VIP, dispositivo=iphone17, preferencias=null]
2025-12-17 13:18:28.701 [main] INFO  controlador.GestionaUsuarios - Usuario [id=usr021, username=User021, email=user021@fitdroid.com, plan_activo=FREE, dispositivo=android11, preferencias=null]
2025-12-17 13:18:28.701 [main] INFO  controlador.GestionaUsuarios - Usuario [id=usr022, username=User022, email=user022@fitdroid.com, plan_activo=MENSUAL, dispositivo=iphone17, preferencias=null]
2025-12-17 13:18:28.701 [main] INFO  controlador.GestionaUsuarios - Usuario [id=usr023, username=User023, email=user023@fitdroid.com, plan_activo=MENSUAL, dispositivo=android14, preferencias=null]
2025-12-17 13:18:28.701 [main] INFO  controlador.GestionaUsuarios - Usuario [id=usr024, username=User024, email=user024@fitdroid.com, plan_activo=ANUAL, dispositivo=android13, preferencias=null]
2025-12-17 13:18:28.701 [main] INFO  controlador.GestionaUsuarios - Usuario [id=usr025, username=User025, email=user025@fitdroid.com, plan_activo=VIP, dispositivo=iphone15, preferencias=null]
2025-12-17 13:18:28.701 [main] INFO  controlador.GestionaUsuarios - Usuario [id=usr026, username=User026, email=user026@fitdroid.com, plan_activo=FREE, dispositivo=iphone14, preferencias=null]
2025-12-17 13:18:28.701 [main] INFO  controlador.GestionaUsuarios - Usuario [id=usr027, username=User027, email=user027@fitdroid.com, plan_activo=MENSUAL, dispositivo=iphone17, preferencias=null]
2025-12-17 13:18:28.701 [main] INFO  controlador.GestionaUsuarios - Usuario [id=usr028, username=User028, email=user028@fitdroid.com, plan_activo=TRIMESTRAL, dispositivo=android13, preferencias=null]
2025-12-17 13:18:28.701 [main] INFO  controlador.GestionaUsuarios - Usuario [id=usr029, username=User029, email=user029@fitdroid.com, plan_activo=ANUAL, dispositivo=android14, preferencias=null]
2025-12-17 13:18:28.701 [main] INFO  controlador.GestionaUsuarios - Usuario [id=usr030, username=User030, email=user030@fitdroid.com, plan_activo=VIP, dispositivo=android11, preferencias=null]
2025-12-17 13:18:28.701 [main] INFO  controlador.GestionaUsuarios - Usuario [id=usr031, username=User031, email=user031@fitdroid.com, plan_activo=FREE, dispositivo=iphone15, preferencias=null]
2025-12-17 13:18:28.701 [main] INFO  controlador.GestionaUsuarios - Usuario [id=usr032, username=User032, email=user032@fitdroid.com, plan_activo=MENSUAL, dispositivo=android12, preferencias=null]
2025-12-17 13:18:28.701 [main] INFO  controlador.GestionaUsuarios - Usuario [id=usr033, username=User033, email=user033@fitdroid.com, plan_activo=TRIMESTRAL, dispositivo=android14, preferencias=null]
2025-12-17 13:18:28.701 [main] INFO  controlador.GestionaUsuarios - Usuario [id=usr034, username=User034, email=user034@fitdroid.com, plan_activo=ANUAL, dispositivo=iphone15, preferencias=null]
2025-12-17 13:18:28.701 [main] INFO  controlador.GestionaUsuarios - Usuario [id=usr035, username=User035, email=user035@fitdroid.com, plan_activo=VIP, dispositivo=iphone17, preferencias=null]
2025-12-17 13:18:28.702 [main] INFO  controlador.GestionaUsuarios - Usuario [id=usr036, username=User036, email=user036@fitdroid.com, plan_activo=FREE, dispositivo=android13, preferencias=null]
2025-12-17 13:18:28.702 [main] INFO  controlador.GestionaUsuarios - Usuario [id=usr037, username=User037, email=user037@fitdroid.com, plan_activo=MENSUAL, dispositivo=android13, preferencias=null]
2025-12-17 13:18:28.702 [main] INFO  controlador.GestionaUsuarios - Usuario [id=usr038, username=User038, email=user038@fitdroid.com, plan_activo=TRIMESTRAL, dispositivo=iphone14, preferencias=null]
2025-12-17 13:18:28.702 [main] INFO  controlador.GestionaUsuarios - Usuario [id=usr039, username=User039, email=user039@fitdroid.com, plan_activo=ANUAL, dispositivo=android14, preferencias=null]
2025-12-17 13:18:28.702 [main] INFO  controlador.GestionaUsuarios - Usuario [id=usr040, username=User040, email=user040@fitdroid.com, plan_activo=VIP, dispositivo=android14, preferencias=null]
2025-12-17 13:18:43.583 [main] INFO  controlador.GestionaUsuarios - Usuario [id=1947, username=12515, email=3457375, plan_activo=ANUAL, dispositivo=34563457, preferencias=null]
2025-12-17 13:18:43.585 [main] INFO  controlador.GestionaUsuarios - Usuario [id=3457347534, username=125124824575, email=247245724724, plan_activo=ANUAL, dispositivo=247272457, preferencias=null]
2025-12-17 13:18:43.585 [main] INFO  controlador.GestionaUsuarios - Usuario [id=usr00040, username=usr00040, email=lasjf, plan_activo=ANUAL, dispositivo=android, preferencias=null]
2025-12-17 13:18:43.585 [main] INFO  controlador.GestionaUsuarios - Usuario [id=usr001, username=User001, email=user001@fitdroid.com, plan_activo=MENSUAL, dispositivo=android14, preferencias=null]
2025-12-17 13:18:43.585 [main] INFO  controlador.GestionaUsuarios - Usuario [id=usr002, username=User002, email=user002@fitdroid.com, plan_activo=MENSUAL, dispositivo=android11, preferencias=null]
2025-12-17 13:18:43.585 [main] INFO  controlador.GestionaUsuarios - Usuario [id=usr003, username=User003, email=user003@fitdroid.com, plan_activo=TRIMESTRAL, dispositivo=android12, preferencias=null]
2025-12-17 13:18:43.585 [main] INFO  controlador.GestionaUsuarios - Usuario [id=usr004, username=User004, email=user004@fitdroid.com, plan_activo=ANUAL, dispositivo=iphone16, preferencias=null]
2025-12-17 13:18:43.585 [main] INFO  controlador.GestionaUsuarios - Usuario [id=usr005, username=User005, email=user005@fitdroid.com, plan_activo=MENSUAL, dispositivo=android14, preferencias=null]
2025-12-17 13:18:43.585 [main] INFO  controlador.GestionaUsuarios - Usuario [id=usr006, username=User006, email=user006@fitdroid.com, plan_activo=FREE, dispositivo=android13, preferencias=null]
2025-12-17 13:18:43.586 [main] INFO  controlador.GestionaUsuarios - Usuario [id=usr007, username=User007, email=user007@fitdroid.com, plan_activo=MENSUAL, dispositivo=android11, preferencias=null]
2025-12-17 13:18:43.586 [main] INFO  controlador.GestionaUsuarios - Usuario [id=usr008, username=User008, email=user008@fitdroid.com, plan_activo=TRIMESTRAL, dispositivo=android11, preferencias=null]
2025-12-17 13:18:43.586 [main] INFO  controlador.GestionaUsuarios - Usuario [id=usr009, username=User009, email=user009@fitdroid.com, plan_activo=ANUAL, dispositivo=android12, preferencias=null]
2025-12-17 13:18:43.586 [main] INFO  controlador.GestionaUsuarios - Usuario [id=usr010, username=User010, email=user010@fitdroid.com, plan_activo=VIP, dispositivo=android13, preferencias=null]
2025-12-17 13:18:43.586 [main] INFO  controlador.GestionaUsuarios - Usuario [id=usr011, username=User011, email=user011@fitdroid.com, plan_activo=FREE, dispositivo=android13, preferencias=null]
2025-12-17 13:18:43.586 [main] INFO  controlador.GestionaUsuarios - Usuario [id=usr012, username=User012, email=user012@fitdroid.com, plan_activo=MENSUAL, dispositivo=iphone17, preferencias=null]
2025-12-17 13:18:43.586 [main] INFO  controlador.GestionaUsuarios - Usuario [id=usr013, username=User013, email=user013@fitdroid.com, plan_activo=TRIMESTRAL, dispositivo=android12, preferencias=null]
2025-12-17 13:18:43.587 [main] INFO  controlador.GestionaUsuarios - Usuario [id=usr014, username=User014, email=user014@fitdroid.com, plan_activo=ANUAL, dispositivo=android11, preferencias=null]
2025-12-17 13:18:43.587 [main] INFO  controlador.GestionaUsuarios - Usuario [id=usr015, username=User015, email=user015@fitdroid.com, plan_activo=VIP, dispositivo=android13, preferencias=null]
2025-12-17 13:18:43.587 [main] INFO  controlador.GestionaUsuarios - Usuario [id=usr016, username=User016, email=user016@fitdroid.com, plan_activo=FREE, dispositivo=iphone16, preferencias=null]
2025-12-17 13:18:43.587 [main] INFO  controlador.GestionaUsuarios - Usuario [id=usr017, username=User017, email=user017@fitdroid.com, plan_activo=MENSUAL, dispositivo=android13, preferencias=null]
2025-12-17 13:18:43.587 [main] INFO  controlador.GestionaUsuarios - Usuario [id=usr018, username=User018, email=user018@fitdroid.com, plan_activo=TRIMESTRAL, dispositivo=iphone16, preferencias=null]
2025-12-17 13:18:43.587 [main] INFO  controlador.GestionaUsuarios - Usuario [id=usr019, username=User019, email=user019@fitdroid.com, plan_activo=ANUAL, dispositivo=android11, preferencias=null]
2025-12-17 13:18:43.587 [main] INFO  controlador.GestionaUsuarios - Usuario [id=usr020, username=User020, email=user020@fitdroid.com, plan_activo=VIP, dispositivo=iphone17, preferencias=null]
2025-12-17 13:18:43.587 [main] INFO  controlador.GestionaUsuarios - Usuario [id=usr021, username=User021, email=user021@fitdroid.com, plan_activo=FREE, dispositivo=android11, preferencias=null]
2025-12-17 13:18:43.587 [main] INFO  controlador.GestionaUsuarios - Usuario [id=usr022, username=User022, email=user022@fitdroid.com, plan_activo=MENSUAL, dispositivo=iphone17, preferencias=null]
2025-12-17 13:18:43.587 [main] INFO  controlador.GestionaUsuarios - Usuario [id=usr023, username=User023, email=user023@fitdroid.com, plan_activo=MENSUAL, dispositivo=android14, preferencias=null]
2025-12-17 13:18:43.587 [main] INFO  controlador.GestionaUsuarios - Usuario [id=usr024, username=User024, email=user024@fitdroid.com, plan_activo=ANUAL, dispositivo=android13, preferencias=null]
2025-12-17 13:18:43.587 [main] INFO  controlador.GestionaUsuarios - Usuario [id=usr025, username=User025, email=user025@fitdroid.com, plan_activo=VIP, dispositivo=iphone15, preferencias=null]
2025-12-17 13:18:43.587 [main] INFO  controlador.GestionaUsuarios - Usuario [id=usr026, username=User026, email=user026@fitdroid.com, plan_activo=FREE, dispositivo=iphone14, preferencias=null]
2025-12-17 13:18:43.587 [main] INFO  controlador.GestionaUsuarios - Usuario [id=usr027, username=User027, email=user027@fitdroid.com, plan_activo=MENSUAL, dispositivo=iphone17, preferencias=null]
2025-12-17 13:18:43.587 [main] INFO  controlador.GestionaUsuarios - Usuario [id=usr028, username=User028, email=user028@fitdroid.com, plan_activo=TRIMESTRAL, dispositivo=android13, preferencias=null]
2025-12-17 13:18:43.587 [main] INFO  controlador.GestionaUsuarios - Usuario [id=usr029, username=User029, email=user029@fitdroid.com, plan_activo=ANUAL, dispositivo=android14, preferencias=null]
2025-12-17 13:18:43.587 [main] INFO  controlador.GestionaUsuarios - Usuario [id=usr030, username=User030, email=user030@fitdroid.com, plan_activo=VIP, dispositivo=android11, preferencias=null]
2025-12-17 13:18:43.588 [main] INFO  controlador.GestionaUsuarios - Usuario [id=usr031, username=User031, email=user031@fitdroid.com, plan_activo=FREE, dispositivo=iphone15, preferencias=null]
2025-12-17 13:18:43.588 [main] INFO  controlador.GestionaUsuarios - Usuario [id=usr032, username=User032, email=user032@fitdroid.com, plan_activo=MENSUAL, dispositivo=android12, preferencias=null]
2025-12-17 13:18:43.588 [main] INFO  controlador.GestionaUsuarios - Usuario [id=usr033, username=User033, email=user033@fitdroid.com, plan_activo=TRIMESTRAL, dispositivo=android14, preferencias=null]
2025-12-17 13:18:43.588 [main] INFO  controlador.GestionaUsuarios - Usuario [id=usr034, username=User034, email=user034@fitdroid.com, plan_activo=ANUAL, dispositivo=iphone15, preferencias=null]
2025-12-17 13:18:43.588 [main] INFO  controlador.GestionaUsuarios - Usuario [id=usr035, username=User035, email=user035@fitdroid.com, plan_activo=VIP, dispositivo=iphone17, preferencias=null]
2025-12-17 13:18:43.588 [main] INFO  controlador.GestionaUsuarios - Usuario [id=usr036, username=User036, email=user036@fitdroid.com, plan_activo=FREE, dispositivo=android13, preferencias=null]
2025-12-17 13:18:43.588 [main] INFO  controlador.GestionaUsuarios - Usuario [id=usr037, username=User037, email=user037@fitdroid.com, plan_activo=MENSUAL, dispositivo=android13, preferencias=null]
2025-12-17 13:18:43.588 [main] INFO  controlador.GestionaUsuarios - Usuario [id=usr038, username=User038, email=user038@fitdroid.com, plan_activo=TRIMESTRAL, dispositivo=iphone14, preferencias=null]
2025-12-17 13:18:43.588 [main] INFO  controlador.GestionaUsuarios - Usuario [id=usr039, username=User039, email=user039@fitdroid.com, plan_activo=ANUAL, dispositivo=android14, preferencias=null]
2025-12-17 13:18:43.588 [main] INFO  controlador.GestionaUsuarios - Usuario [id=usr040, username=User040, email=user040@fitdroid.com, plan_activo=VIP, dispositivo=android14, preferencias=null]
2025-12-17 13:18:43.611 [main] INFO  controlador.GestionaUsuarios - Usuario [id=usr002, username=User002, email=user002@fitdroid.com, plan_activo=MENSUAL, dispositivo=android11, preferencias=Preferencias [tema_oscuro=false, idioma=ES, notificaciones_push=true, limite_datos_moviles=false]]
2025-12-17 13:18:43.620 [main] INFO  repositorio.UsuarioRepositorio - SELECT email,dispositivo FROM parradomanuel.usuarios where plan_activo=? 
2025-12-17 13:18:43.621 [main] INFO  controlador.GestionaUsuarios - Usuario [id=1947, username=12515, email=3457375, plan_activo=ANUAL, dispositivo=34563457, preferencias=null]
2025-12-17 13:18:43.621 [main] INFO  controlador.GestionaUsuarios - Usuario [id=3457347534, username=125124824575, email=247245724724, plan_activo=ANUAL, dispositivo=247272457, preferencias=null]
2025-12-17 13:18:43.622 [main] INFO  controlador.GestionaUsuarios - Usuario [id=usr00040, username=usr00040, email=lasjf, plan_activo=ANUAL, dispositivo=android, preferencias=null]
2025-12-17 13:18:43.622 [main] INFO  controlador.GestionaUsuarios - Usuario [id=usr001, username=User001, email=user001@fitdroid.com, plan_activo=MENSUAL, dispositivo=android14, preferencias=null]
2025-12-17 13:18:43.622 [main] INFO  controlador.GestionaUsuarios - Usuario [id=usr002, username=User002, email=user002@fitdroid.com, plan_activo=MENSUAL, dispositivo=android11, preferencias=null]
2025-12-17 13:18:43.622 [main] INFO  controlador.GestionaUsuarios - Usuario [id=usr003, username=User003, email=user003@fitdroid.com, plan_activo=TRIMESTRAL, dispositivo=android12, preferencias=null]
2025-12-17 13:18:43.622 [main] INFO  controlador.GestionaUsuarios - Usuario [id=usr004, username=User004, email=user004@fitdroid.com, plan_activo=ANUAL, dispositivo=iphone16, preferencias=null]
2025-12-17 13:18:43.622 [main] INFO  controlador.GestionaUsuarios - Usuario [id=usr005, username=User005, email=user005@fitdroid.com, plan_activo=MENSUAL, dispositivo=android14, preferencias=null]
2025-12-17 13:18:43.622 [main] INFO  controlador.GestionaUsuarios - Usuario [id=usr006, username=User006, email=user006@fitdroid.com, plan_activo=FREE, dispositivo=android13, preferencias=null]
2025-12-17 13:18:43.622 [main] INFO  controlador.GestionaUsuarios - Usuario [id=usr007, username=User007, email=user007@fitdroid.com, plan_activo=MENSUAL, dispositivo=android11, preferencias=null]
2025-12-17 13:18:43.622 [main] INFO  controlador.GestionaUsuarios - Usuario [id=usr008, username=User008, email=user008@fitdroid.com, plan_activo=TRIMESTRAL, dispositivo=android11, preferencias=null]
2025-12-17 13:18:43.622 [main] INFO  controlador.GestionaUsuarios - Usuario [id=usr009, username=User009, email=user009@fitdroid.com, plan_activo=ANUAL, dispositivo=android12, preferencias=null]
2025-12-17 13:18:43.622 [main] INFO  controlador.GestionaUsuarios - Usuario [id=usr010, username=User010, email=user010@fitdroid.com, plan_activo=VIP, dispositivo=android13, preferencias=null]
2025-12-17 13:18:43.622 [main] INFO  controlador.GestionaUsuarios - Usuario [id=usr011, username=User011, email=user011@fitdroid.com, plan_activo=FREE, dispositivo=android13, preferencias=null]
2025-12-17 13:18:43.622 [main] INFO  controlador.GestionaUsuarios - Usuario [id=usr012, username=User012, email=user012@fitdroid.com, plan_activo=MENSUAL, dispositivo=iphone17, preferencias=null]
2025-12-17 13:18:43.623 [main] INFO  controlador.GestionaUsuarios - Usuario [id=usr013, username=User013, email=user013@fitdroid.com, plan_activo=TRIMESTRAL, dispositivo=android12, preferencias=null]
2025-12-17 13:18:43.623 [main] INFO  controlador.GestionaUsuarios - Usuario [id=usr014, username=User014, email=user014@fitdroid.com, plan_activo=ANUAL, dispositivo=android11, preferencias=null]
2025-12-17 13:18:43.623 [main] INFO  controlador.GestionaUsuarios - Usuario [id=usr015, username=User015, email=user015@fitdroid.com, plan_activo=VIP, dispositivo=android13, preferencias=null]
2025-12-17 13:18:43.623 [main] INFO  controlador.GestionaUsuarios - Usuario [id=usr016, username=User016, email=user016@fitdroid.com, plan_activo=FREE, dispositivo=iphone16, preferencias=null]
2025-12-17 13:18:43.623 [main] INFO  controlador.GestionaUsuarios - Usuario [id=usr017, username=User017, email=user017@fitdroid.com, plan_activo=MENSUAL, dispositivo=android13, preferencias=null]
2025-12-17 13:18:43.623 [main] INFO  controlador.GestionaUsuarios - Usuario [id=usr018, username=User018, email=user018@fitdroid.com, plan_activo=TRIMESTRAL, dispositivo=iphone16, preferencias=null]
2025-12-17 13:18:43.624 [main] INFO  controlador.GestionaUsuarios - Usuario [id=usr019, username=User019, email=user019@fitdroid.com, plan_activo=ANUAL, dispositivo=android11, preferencias=null]
2025-12-17 13:18:43.624 [main] INFO  controlador.GestionaUsuarios - Usuario [id=usr020, username=User020, email=user020@fitdroid.com, plan_activo=VIP, dispositivo=iphone17, preferencias=null]
2025-12-17 13:18:43.624 [main] INFO  controlador.GestionaUsuarios - Usuario [id=usr021, username=User021, email=user021@fitdroid.com, plan_activo=FREE, dispositivo=android11, preferencias=null]
2025-12-17 13:18:43.624 [main] INFO  controlador.GestionaUsuarios - Usuario [id=usr022, username=User022, email=user022@fitdroid.com, plan_activo=MENSUAL, dispositivo=iphone17, preferencias=null]
2025-12-17 13:18:43.624 [main] INFO  controlador.GestionaUsuarios - Usuario [id=usr023, username=User023, email=user023@fitdroid.com, plan_activo=MENSUAL, dispositivo=android14, preferencias=null]
2025-12-17 13:18:43.624 [main] INFO  controlador.GestionaUsuarios - Usuario [id=usr024, username=User024, email=user024@fitdroid.com, plan_activo=ANUAL, dispositivo=android13, preferencias=null]
2025-12-17 13:18:43.624 [main] INFO  controlador.GestionaUsuarios - Usuario [id=usr025, username=User025, email=user025@fitdroid.com, plan_activo=VIP, dispositivo=iphone15, preferencias=null]
2025-12-17 13:18:43.624 [main] INFO  controlador.GestionaUsuarios - Usuario [id=usr026, username=User026, email=user026@fitdroid.com, plan_activo=FREE, dispositivo=iphone14, preferencias=null]
2025-12-17 13:18:43.624 [main] INFO  controlador.GestionaUsuarios - Usuario [id=usr027, username=User027, email=user027@fitdroid.com, plan_activo=MENSUAL, dispositivo=iphone17, preferencias=null]
2025-12-17 13:18:43.624 [main] INFO  controlador.GestionaUsuarios - Usuario [id=usr028, username=User028, email=user028@fitdroid.com, plan_activo=TRIMESTRAL, dispositivo=android13, preferencias=null]
2025-12-17 13:18:43.624 [main] INFO  controlador.GestionaUsuarios - Usuario [id=usr029, username=User029, email=user029@fitdroid.com, plan_activo=ANUAL, dispositivo=android14, preferencias=null]
2025-12-17 13:18:43.624 [main] INFO  controlador.GestionaUsuarios - Usuario [id=usr030, username=User030, email=user030@fitdroid.com, plan_activo=VIP, dispositivo=android11, preferencias=null]
2025-12-17 13:18:43.624 [main] INFO  controlador.GestionaUsuarios - Usuario [id=usr031, username=User031, email=user031@fitdroid.com, plan_activo=FREE, dispositivo=iphone15, preferencias=null]
2025-12-17 13:18:43.624 [main] INFO  controlador.GestionaUsuarios - Usuario [id=usr032, username=User032, email=user032@fitdroid.com, plan_activo=MENSUAL, dispositivo=android12, preferencias=null]
2025-12-17 13:18:43.625 [main] INFO  controlador.GestionaUsuarios - Usuario [id=usr033, username=User033, email=user033@fitdroid.com, plan_activo=TRIMESTRAL, dispositivo=android14, preferencias=null]
2025-12-17 13:18:43.625 [main] INFO  controlador.GestionaUsuarios - Usuario [id=usr034, username=User034, email=user034@fitdroid.com, plan_activo=ANUAL, dispositivo=iphone15, preferencias=null]
2025-12-17 13:18:43.625 [main] INFO  controlador.GestionaUsuarios - Usuario [id=usr035, username=User035, email=user035@fitdroid.com, plan_activo=VIP, dispositivo=iphone17, preferencias=null]
2025-12-17 13:18:43.625 [main] INFO  controlador.GestionaUsuarios - Usuario [id=usr036, username=User036, email=user036@fitdroid.com, plan_activo=FREE, dispositivo=android13, preferencias=null]
2025-12-17 13:18:43.625 [main] INFO  controlador.GestionaUsuarios - Usuario [id=usr037, username=User037, email=user037@fitdroid.com, plan_activo=MENSUAL, dispositivo=android13, preferencias=null]
2025-12-17 13:18:43.625 [main] INFO  controlador.GestionaUsuarios - Usuario [id=usr038, username=User038, email=user038@fitdroid.com, plan_activo=TRIMESTRAL, dispositivo=iphone14, preferencias=null]
2025-12-17 13:18:43.625 [main] INFO  controlador.GestionaUsuarios - Usuario [id=usr039, username=User039, email=user039@fitdroid.com, plan_activo=ANUAL, dispositivo=android14, preferencias=null]
2025-12-17 13:18:43.625 [main] INFO  controlador.GestionaUsuarios - Usuario [id=usr040, username=User040, email=user040@fitdroid.com, plan_activo=VIP, dispositivo=android14, preferencias=null]
2025-12-17 13:19:37.056 [main] INFO  controlador.GestionaUsuarios - Usuario [id=1947, username=12515, email=3457375, plan_activo=ANUAL, dispositivo=34563457, preferencias=null]
2025-12-17 13:19:37.058 [main] INFO  controlador.GestionaUsuarios - Usuario [id=3457347534, username=125124824575, email=247245724724, plan_activo=ANUAL, dispositivo=247272457, preferencias=null]
2025-12-17 13:19:37.059 [main] INFO  controlador.GestionaUsuarios - Usuario [id=usr00040, username=usr00040, email=lasjf, plan_activo=ANUAL, dispositivo=android, preferencias=null]
2025-12-17 13:19:37.059 [main] INFO  controlador.GestionaUsuarios - Usuario [id=usr001, username=User001, email=user001@fitdroid.com, plan_activo=MENSUAL, dispositivo=android14, preferencias=null]
2025-12-17 13:19:37.059 [main] INFO  controlador.GestionaUsuarios - Usuario [id=usr002, username=User002, email=user002@fitdroid.com, plan_activo=MENSUAL, dispositivo=android11, preferencias=null]
2025-12-17 13:19:37.059 [main] INFO  controlador.GestionaUsuarios - Usuario [id=usr003, username=User003, email=user003@fitdroid.com, plan_activo=TRIMESTRAL, dispositivo=android12, preferencias=null]
2025-12-17 13:19:37.059 [main] INFO  controlador.GestionaUsuarios - Usuario [id=usr004, username=User004, email=user004@fitdroid.com, plan_activo=ANUAL, dispositivo=iphone16, preferencias=null]
2025-12-17 13:19:37.059 [main] INFO  controlador.GestionaUsuarios - Usuario [id=usr005, username=User005, email=user005@fitdroid.com, plan_activo=MENSUAL, dispositivo=android14, preferencias=null]
2025-12-17 13:19:37.059 [main] INFO  controlador.GestionaUsuarios - Usuario [id=usr006, username=User006, email=user006@fitdroid.com, plan_activo=FREE, dispositivo=android13, preferencias=null]
2025-12-17 13:19:37.059 [main] INFO  controlador.GestionaUsuarios - Usuario [id=usr007, username=User007, email=user007@fitdroid.com, plan_activo=MENSUAL, dispositivo=android11, preferencias=null]
2025-12-17 13:19:37.059 [main] INFO  controlador.GestionaUsuarios - Usuario [id=usr008, username=User008, email=user008@fitdroid.com, plan_activo=TRIMESTRAL, dispositivo=android11, preferencias=null]
2025-12-17 13:19:37.059 [main] INFO  controlador.GestionaUsuarios - Usuario [id=usr009, username=User009, email=user009@fitdroid.com, plan_activo=ANUAL, dispositivo=android12, preferencias=null]
2025-12-17 13:19:37.059 [main] INFO  controlador.GestionaUsuarios - Usuario [id=usr010, username=User010, email=user010@fitdroid.com, plan_activo=VIP, dispositivo=android13, preferencias=null]
2025-12-17 13:19:37.059 [main] INFO  controlador.GestionaUsuarios - Usuario [id=usr011, username=User011, email=user011@fitdroid.com, plan_activo=FREE, dispositivo=android13, preferencias=null]
2025-12-17 13:19:37.060 [main] INFO  controlador.GestionaUsuarios - Usuario [id=usr012, username=User012, email=user012@fitdroid.com, plan_activo=MENSUAL, dispositivo=iphone17, preferencias=null]
2025-12-17 13:19:37.060 [main] INFO  controlador.GestionaUsuarios - Usuario [id=usr013, username=User013, email=user013@fitdroid.com, plan_activo=TRIMESTRAL, dispositivo=android12, preferencias=null]
2025-12-17 13:19:37.060 [main] INFO  controlador.GestionaUsuarios - Usuario [id=usr014, username=User014, email=user014@fitdroid.com, plan_activo=ANUAL, dispositivo=android11, preferencias=null]
2025-12-17 13:19:37.060 [main] INFO  controlador.GestionaUsuarios - Usuario [id=usr015, username=User015, email=user015@fitdroid.com, plan_activo=VIP, dispositivo=android13, preferencias=null]
2025-12-17 13:19:37.060 [main] INFO  controlador.GestionaUsuarios - Usuario [id=usr016, username=User016, email=user016@fitdroid.com, plan_activo=FREE, dispositivo=iphone16, preferencias=null]
2025-12-17 13:19:37.060 [main] INFO  controlador.GestionaUsuarios - Usuario [id=usr017, username=User017, email=user017@fitdroid.com, plan_activo=MENSUAL, dispositivo=android13, preferencias=null]
2025-12-17 13:19:37.060 [main] INFO  controlador.GestionaUsuarios - Usuario [id=usr018, username=User018, email=user018@fitdroid.com, plan_activo=TRIMESTRAL, dispositivo=iphone16, preferencias=null]
2025-12-17 13:19:37.060 [main] INFO  controlador.GestionaUsuarios - Usuario [id=usr019, username=User019, email=user019@fitdroid.com, plan_activo=ANUAL, dispositivo=android11, preferencias=null]
2025-12-17 13:19:37.060 [main] INFO  controlador.GestionaUsuarios - Usuario [id=usr020, username=User020, email=user020@fitdroid.com, plan_activo=VIP, dispositivo=iphone17, preferencias=null]
2025-12-17 13:19:37.060 [main] INFO  controlador.GestionaUsuarios - Usuario [id=usr021, username=User021, email=user021@fitdroid.com, plan_activo=FREE, dispositivo=android11, preferencias=null]
2025-12-17 13:19:37.060 [main] INFO  controlador.GestionaUsuarios - Usuario [id=usr022, username=User022, email=user022@fitdroid.com, plan_activo=MENSUAL, dispositivo=iphone17, preferencias=null]
2025-12-17 13:19:37.061 [main] INFO  controlador.GestionaUsuarios - Usuario [id=usr023, username=User023, email=user023@fitdroid.com, plan_activo=MENSUAL, dispositivo=android14, preferencias=null]
2025-12-17 13:19:37.061 [main] INFO  controlador.GestionaUsuarios - Usuario [id=usr024, username=User024, email=user024@fitdroid.com, plan_activo=ANUAL, dispositivo=android13, preferencias=null]
2025-12-17 13:19:37.061 [main] INFO  controlador.GestionaUsuarios - Usuario [id=usr025, username=User025, email=user025@fitdroid.com, plan_activo=VIP, dispositivo=iphone15, preferencias=null]
2025-12-17 13:19:37.061 [main] INFO  controlador.GestionaUsuarios - Usuario [id=usr026, username=User026, email=user026@fitdroid.com, plan_activo=FREE, dispositivo=iphone14, preferencias=null]
2025-12-17 13:19:37.061 [main] INFO  controlador.GestionaUsuarios - Usuario [id=usr027, username=User027, email=user027@fitdroid.com, plan_activo=MENSUAL, dispositivo=iphone17, preferencias=null]
2025-12-17 13:19:37.061 [main] INFO  controlador.GestionaUsuarios - Usuario [id=usr028, username=User028, email=user028@fitdroid.com, plan_activo=TRIMESTRAL, dispositivo=android13, preferencias=null]
2025-12-17 13:19:37.061 [main] INFO  controlador.GestionaUsuarios - Usuario [id=usr029, username=User029, email=user029@fitdroid.com, plan_activo=ANUAL, dispositivo=android14, preferencias=null]
2025-12-17 13:19:37.061 [main] INFO  controlador.GestionaUsuarios - Usuario [id=usr030, username=User030, email=user030@fitdroid.com, plan_activo=VIP, dispositivo=android11, preferencias=null]
2025-12-17 13:19:37.061 [main] INFO  controlador.GestionaUsuarios - Usuario [id=usr031, username=User031, email=user031@fitdroid.com, plan_activo=FREE, dispositivo=iphone15, preferencias=null]
2025-12-17 13:19:37.061 [main] INFO  controlador.GestionaUsuarios - Usuario [id=usr032, username=User032, email=user032@fitdroid.com, plan_activo=MENSUAL, dispositivo=android12, preferencias=null]
2025-12-17 13:19:37.061 [main] INFO  controlador.GestionaUsuarios - Usuario [id=usr033, username=User033, email=user033@fitdroid.com, plan_activo=TRIMESTRAL, dispositivo=android14, preferencias=null]
2025-12-17 13:19:37.061 [main] INFO  controlador.GestionaUsuarios - Usuario [id=usr034, username=User034, email=user034@fitdroid.com, plan_activo=ANUAL, dispositivo=iphone15, preferencias=null]
2025-12-17 13:19:37.061 [main] INFO  controlador.GestionaUsuarios - Usuario [id=usr035, username=User035, email=user035@fitdroid.com, plan_activo=VIP, dispositivo=iphone17, preferencias=null]
2025-12-17 13:19:37.062 [main] INFO  controlador.GestionaUsuarios - Usuario [id=usr036, username=User036, email=user036@fitdroid.com, plan_activo=FREE, dispositivo=android13, preferencias=null]
2025-12-17 13:19:37.062 [main] INFO  controlador.GestionaUsuarios - Usuario [id=usr037, username=User037, email=user037@fitdroid.com, plan_activo=MENSUAL, dispositivo=android13, preferencias=null]
2025-12-17 13:19:37.062 [main] INFO  controlador.GestionaUsuarios - Usuario [id=usr038, username=User038, email=user038@fitdroid.com, plan_activo=TRIMESTRAL, dispositivo=iphone14, preferencias=null]
2025-12-17 13:19:37.062 [main] INFO  controlador.GestionaUsuarios - Usuario [id=usr039, username=User039, email=user039@fitdroid.com, plan_activo=ANUAL, dispositivo=android14, preferencias=null]
2025-12-17 13:19:37.062 [main] INFO  controlador.GestionaUsuarios - Usuario [id=usr040, username=User040, email=user040@fitdroid.com, plan_activo=VIP, dispositivo=android14, preferencias=null]
2025-12-17 13:19:37.085 [main] INFO  controlador.GestionaUsuarios - Usuario [id=usr002, username=User002, email=user002@fitdroid.com, plan_activo=MENSUAL, dispositivo=android11, preferencias=Preferencias [tema_oscuro=false, idioma=ES, notificaciones_push=true, limite_datos_moviles=false]]
2025-12-17 13:19:37.097 [main] INFO  repositorio.UsuarioRepositorio - SELECT email,dispositivo FROM parradomanuel.usuarios where plan_activo=? 
2025-12-17 13:19:37.121 [main] INFO  controlador.GestionaUsuarios - Usuario [id=1947, username=12515, email=3457375, plan_activo=ANUAL, dispositivo=34563457, preferencias=null]
2025-12-17 13:19:37.121 [main] INFO  controlador.GestionaUsuarios - Usuario [id=3457347534, username=125124824575, email=247245724724, plan_activo=ANUAL, dispositivo=247272457, preferencias=null]
2025-12-17 13:19:37.121 [main] INFO  controlador.GestionaUsuarios - Usuario [id=usr00040, username=usr00040, email=lasjf, plan_activo=ANUAL, dispositivo=android, preferencias=null]
2025-12-17 13:19:37.121 [main] INFO  controlador.GestionaUsuarios - Usuario [id=usr001, username=User001, email=user001@fitdroid.com, plan_activo=MENSUAL, dispositivo=android14, preferencias=null]
2025-12-17 13:19:37.121 [main] INFO  controlador.GestionaUsuarios - Usuario [id=usr002, username=User002, email=user002@fitdroid.com, plan_activo=MENSUAL, dispositivo=android11, preferencias=null]
2025-12-17 13:19:37.122 [main] INFO  controlador.GestionaUsuarios - Usuario [id=usr003, username=User003, email=user003@fitdroid.com, plan_activo=TRIMESTRAL, dispositivo=android12, preferencias=null]
2025-12-17 13:19:37.122 [main] INFO  controlador.GestionaUsuarios - Usuario [id=usr004, username=User004, email=user004@fitdroid.com, plan_activo=ANUAL, dispositivo=iphone16, preferencias=null]
2025-12-17 13:19:37.122 [main] INFO  controlador.GestionaUsuarios - Usuario [id=usr005, username=User005, email=user005@fitdroid.com, plan_activo=MENSUAL, dispositivo=android14, preferencias=null]
2025-12-17 13:19:37.122 [main] INFO  controlador.GestionaUsuarios - Usuario [id=usr006, username=User006, email=user006@fitdroid.com, plan_activo=FREE, dispositivo=android13, preferencias=null]
2025-12-17 13:19:37.122 [main] INFO  controlador.GestionaUsuarios - Usuario [id=usr007, username=User007, email=user007@fitdroid.com, plan_activo=MENSUAL, dispositivo=android11, preferencias=null]
2025-12-17 13:19:37.122 [main] INFO  controlador.GestionaUsuarios - Usuario [id=usr008, username=User008, email=user008@fitdroid.com, plan_activo=TRIMESTRAL, dispositivo=android11, preferencias=null]
2025-12-17 13:19:37.122 [main] INFO  controlador.GestionaUsuarios - Usuario [id=usr009, username=User009, email=user009@fitdroid.com, plan_activo=ANUAL, dispositivo=android12, preferencias=null]
2025-12-17 13:19:37.122 [main] INFO  controlador.GestionaUsuarios - Usuario [id=usr010, username=User010, email=user010@fitdroid.com, plan_activo=VIP, dispositivo=android13, preferencias=null]
2025-12-17 13:19:37.122 [main] INFO  controlador.GestionaUsuarios - Usuario [id=usr011, username=User011, email=user011@fitdroid.com, plan_activo=FREE, dispositivo=android13, preferencias=null]
2025-12-17 13:19:37.122 [main] INFO  controlador.GestionaUsuarios - Usuario [id=usr012, username=User012, email=user012@fitdroid.com, plan_activo=MENSUAL, dispositivo=iphone17, preferencias=null]
2025-12-17 13:19:37.122 [main] INFO  controlador.GestionaUsuarios - Usuario [id=usr013, username=User013, email=user013@fitdroid.com, plan_activo=TRIMESTRAL, dispositivo=android12, preferencias=null]
2025-12-17 13:19:37.122 [main] INFO  controlador.GestionaUsuarios - Usuario [id=usr014, username=User014, email=user014@fitdroid.com, plan_activo=ANUAL, dispositivo=android11, preferencias=null]
2025-12-17 13:19:37.123 [main] INFO  controlador.GestionaUsuarios - Usuario [id=usr015, username=User015, email=user015@fitdroid.com, plan_activo=VIP, dispositivo=android13, preferencias=null]
2025-12-17 13:19:37.123 [main] INFO  controlador.GestionaUsuarios - Usuario [id=usr016, username=User016, email=user016@fitdroid.com, plan_activo=FREE, dispositivo=iphone16, preferencias=null]
2025-12-17 13:19:37.123 [main] INFO  controlador.GestionaUsuarios - Usuario [id=usr017, username=User017, email=user017@fitdroid.com, plan_activo=MENSUAL, dispositivo=android13, preferencias=null]
2025-12-17 13:19:37.123 [main] INFO  controlador.GestionaUsuarios - Usuario [id=usr018, username=User018, email=user018@fitdroid.com, plan_activo=TRIMESTRAL, dispositivo=iphone16, preferencias=null]
2025-12-17 13:19:37.123 [main] INFO  controlador.GestionaUsuarios - Usuario [id=usr019, username=User019, email=user019@fitdroid.com, plan_activo=ANUAL, dispositivo=android11, preferencias=null]
2025-12-17 13:19:37.123 [main] INFO  controlador.GestionaUsuarios - Usuario [id=usr020, username=User020, email=user020@fitdroid.com, plan_activo=VIP, dispositivo=iphone17, preferencias=null]
2025-12-17 13:19:37.123 [main] INFO  controlador.GestionaUsuarios - Usuario [id=usr021, username=User021, email=user021@fitdroid.com, plan_activo=FREE, dispositivo=android11, preferencias=null]
2025-12-17 13:19:37.123 [main] INFO  controlador.GestionaUsuarios - Usuario [id=usr022, username=User022, email=user022@fitdroid.com, plan_activo=MENSUAL, dispositivo=iphone17, preferencias=null]
2025-12-17 13:19:37.123 [main] INFO  controlador.GestionaUsuarios - Usuario [id=usr023, username=User023, email=user023@fitdroid.com, plan_activo=MENSUAL, dispositivo=android14, preferencias=null]
2025-12-17 13:19:37.123 [main] INFO  controlador.GestionaUsuarios - Usuario [id=usr024, username=User024, email=user024@fitdroid.com, plan_activo=ANUAL, dispositivo=android13, preferencias=null]
2025-12-17 13:19:37.123 [main] INFO  controlador.GestionaUsuarios - Usuario [id=usr025, username=User025, email=user025@fitdroid.com, plan_activo=VIP, dispositivo=iphone15, preferencias=null]
2025-12-17 13:19:37.123 [main] INFO  controlador.GestionaUsuarios - Usuario [id=usr026, username=User026, email=user026@fitdroid.com, plan_activo=FREE, dispositivo=iphone14, preferencias=null]
2025-12-17 13:19:37.123 [main] INFO  controlador.GestionaUsuarios - Usuario [id=usr027, username=User027, email=user027@fitdroid.com, plan_activo=MENSUAL, dispositivo=iphone17, preferencias=null]
2025-12-17 13:19:37.123 [main] INFO  controlador.GestionaUsuarios - Usuario [id=usr028, username=User028, email=user028@fitdroid.com, plan_activo=TRIMESTRAL, dispositivo=android13, preferencias=null]
2025-12-17 13:19:37.124 [main] INFO  controlador.GestionaUsuarios - Usuario [id=usr029, username=User029, email=user029@fitdroid.com, plan_activo=ANUAL, dispositivo=android14, preferencias=null]
2025-12-17 13:19:37.124 [main] INFO  controlador.GestionaUsuarios - Usuario [id=usr030, username=User030, email=user030@fitdroid.com, plan_activo=VIP, dispositivo=android11, preferencias=null]
2025-12-17 13:19:37.124 [main] INFO  controlador.GestionaUsuarios - Usuario [id=usr031, username=User031, email=user031@fitdroid.com, plan_activo=FREE, dispositivo=iphone15, preferencias=null]
2025-12-17 13:19:37.124 [main] INFO  controlador.GestionaUsuarios - Usuario [id=usr032, username=User032, email=user032@fitdroid.com, plan_activo=MENSUAL, dispositivo=android12, preferencias=null]
2025-12-17 13:19:37.124 [main] INFO  controlador.GestionaUsuarios - Usuario [id=usr033, username=User033, email=user033@fitdroid.com, plan_activo=TRIMESTRAL, dispositivo=android14, preferencias=null]
2025-12-17 13:19:37.124 [main] INFO  controlador.GestionaUsuarios - Usuario [id=usr034, username=User034, email=user034@fitdroid.com, plan_activo=ANUAL, dispositivo=iphone15, preferencias=null]
2025-12-17 13:19:37.124 [main] INFO  controlador.GestionaUsuarios - Usuario [id=usr035, username=User035, email=user035@fitdroid.com, plan_activo=VIP, dispositivo=iphone17, preferencias=null]
2025-12-17 13:19:37.124 [main] INFO  controlador.GestionaUsuarios - Usuario [id=usr036, username=User036, email=user036@fitdroid.com, plan_activo=FREE, dispositivo=android13, preferencias=null]
2025-12-17 13:19:37.124 [main] INFO  controlador.GestionaUsuarios - Usuario [id=usr037, username=User037, email=user037@fitdroid.com, plan_activo=MENSUAL, dispositivo=android13, preferencias=null]
2025-12-17 13:19:37.124 [main] INFO  controlador.GestionaUsuarios - Usuario [id=usr038, username=User038, email=user038@fitdroid.com, plan_activo=TRIMESTRAL, dispositivo=iphone14, preferencias=null]
2025-12-17 13:19:37.124 [main] INFO  controlador.GestionaUsuarios - Usuario [id=usr039, username=User039, email=user039@fitdroid.com, plan_activo=ANUAL, dispositivo=android14, preferencias=null]
2025-12-17 13:19:37.124 [main] INFO  controlador.GestionaUsuarios - Usuario [id=usr040, username=User040, email=user040@fitdroid.com, plan_activo=VIP, dispositivo=android14, preferencias=null]
2025-12-17 13:19:54.106 [main] INFO  controlador.GestionaUsuarios - Usuario [id=1513461346, username=134613461436, email=134613461377546, plan_activo=ANUAL, dispositivo=134614364136134, preferencias=null]
2025-12-17 13:19:54.108 [main] INFO  controlador.GestionaUsuarios - Usuario [id=1947, username=12515, email=3457375, plan_activo=ANUAL, dispositivo=34563457, preferencias=null]
2025-12-17 13:19:54.108 [main] INFO  controlador.GestionaUsuarios - Usuario [id=3457347534, username=125124824575, email=247245724724, plan_activo=ANUAL, dispositivo=247272457, preferencias=null]
2025-12-17 13:19:54.108 [main] INFO  controlador.GestionaUsuarios - Usuario [id=usr00040, username=usr00040, email=lasjf, plan_activo=ANUAL, dispositivo=android, preferencias=null]
2025-12-17 13:19:54.108 [main] INFO  controlador.GestionaUsuarios - Usuario [id=usr001, username=User001, email=user001@fitdroid.com, plan_activo=MENSUAL, dispositivo=android14, preferencias=null]
2025-12-17 13:19:54.108 [main] INFO  controlador.GestionaUsuarios - Usuario [id=usr002, username=User002, email=user002@fitdroid.com, plan_activo=MENSUAL, dispositivo=android11, preferencias=null]
2025-12-17 13:19:54.108 [main] INFO  controlador.GestionaUsuarios - Usuario [id=usr003, username=User003, email=user003@fitdroid.com, plan_activo=TRIMESTRAL, dispositivo=android12, preferencias=null]
2025-12-17 13:19:54.109 [main] INFO  controlador.GestionaUsuarios - Usuario [id=usr004, username=User004, email=user004@fitdroid.com, plan_activo=ANUAL, dispositivo=iphone16, preferencias=null]
2025-12-17 13:19:54.109 [main] INFO  controlador.GestionaUsuarios - Usuario [id=usr005, username=User005, email=user005@fitdroid.com, plan_activo=MENSUAL, dispositivo=android14, preferencias=null]
2025-12-17 13:19:54.109 [main] INFO  controlador.GestionaUsuarios - Usuario [id=usr006, username=User006, email=user006@fitdroid.com, plan_activo=FREE, dispositivo=android13, preferencias=null]
2025-12-17 13:19:54.109 [main] INFO  controlador.GestionaUsuarios - Usuario [id=usr007, username=User007, email=user007@fitdroid.com, plan_activo=MENSUAL, dispositivo=android11, preferencias=null]
2025-12-17 13:19:54.109 [main] INFO  controlador.GestionaUsuarios - Usuario [id=usr008, username=User008, email=user008@fitdroid.com, plan_activo=TRIMESTRAL, dispositivo=android11, preferencias=null]
2025-12-17 13:19:54.109 [main] INFO  controlador.GestionaUsuarios - Usuario [id=usr009, username=User009, email=user009@fitdroid.com, plan_activo=ANUAL, dispositivo=android12, preferencias=null]
2025-12-17 13:19:54.109 [main] INFO  controlador.GestionaUsuarios - Usuario [id=usr010, username=User010, email=user010@fitdroid.com, plan_activo=VIP, dispositivo=android13, preferencias=null]
2025-12-17 13:19:54.109 [main] INFO  controlador.GestionaUsuarios - Usuario [id=usr011, username=User011, email=user011@fitdroid.com, plan_activo=FREE, dispositivo=android13, preferencias=null]
2025-12-17 13:19:54.109 [main] INFO  controlador.GestionaUsuarios - Usuario [id=usr012, username=User012, email=user012@fitdroid.com, plan_activo=MENSUAL, dispositivo=iphone17, preferencias=null]
2025-12-17 13:19:54.109 [main] INFO  controlador.GestionaUsuarios - Usuario [id=usr013, username=User013, email=user013@fitdroid.com, plan_activo=TRIMESTRAL, dispositivo=android12, preferencias=null]
2025-12-17 13:19:54.110 [main] INFO  controlador.GestionaUsuarios - Usuario [id=usr014, username=User014, email=user014@fitdroid.com, plan_activo=ANUAL, dispositivo=android11, preferencias=null]
2025-12-17 13:19:54.110 [main] INFO  controlador.GestionaUsuarios - Usuario [id=usr015, username=User015, email=user015@fitdroid.com, plan_activo=VIP, dispositivo=android13, preferencias=null]
2025-12-17 13:19:54.110 [main] INFO  controlador.GestionaUsuarios - Usuario [id=usr016, username=User016, email=user016@fitdroid.com, plan_activo=FREE, dispositivo=iphone16, preferencias=null]
2025-12-17 13:19:54.110 [main] INFO  controlador.GestionaUsuarios - Usuario [id=usr017, username=User017, email=user017@fitdroid.com, plan_activo=MENSUAL, dispositivo=android13, preferencias=null]
2025-12-17 13:19:54.110 [main] INFO  controlador.GestionaUsuarios - Usuario [id=usr018, username=User018, email=user018@fitdroid.com, plan_activo=TRIMESTRAL, dispositivo=iphone16, preferencias=null]
2025-12-17 13:19:54.110 [main] INFO  controlador.GestionaUsuarios - Usuario [id=usr019, username=User019, email=user019@fitdroid.com, plan_activo=ANUAL, dispositivo=android11, preferencias=null]
2025-12-17 13:19:54.110 [main] INFO  controlador.GestionaUsuarios - Usuario [id=usr020, username=User020, email=user020@fitdroid.com, plan_activo=VIP, dispositivo=iphone17, preferencias=null]
2025-12-17 13:19:54.110 [main] INFO  controlador.GestionaUsuarios - Usuario [id=usr021, username=User021, email=user021@fitdroid.com, plan_activo=FREE, dispositivo=android11, preferencias=null]
2025-12-17 13:19:54.110 [main] INFO  controlador.GestionaUsuarios - Usuario [id=usr022, username=User022, email=user022@fitdroid.com, plan_activo=MENSUAL, dispositivo=iphone17, preferencias=null]
2025-12-17 13:19:54.110 [main] INFO  controlador.GestionaUsuarios - Usuario [id=usr023, username=User023, email=user023@fitdroid.com, plan_activo=MENSUAL, dispositivo=android14, preferencias=null]
2025-12-17 13:19:54.110 [main] INFO  controlador.GestionaUsuarios - Usuario [id=usr024, username=User024, email=user024@fitdroid.com, plan_activo=ANUAL, dispositivo=android13, preferencias=null]
2025-12-17 13:19:54.110 [main] INFO  controlador.GestionaUsuarios - Usuario [id=usr025, username=User025, email=user025@fitdroid.com, plan_activo=VIP, dispositivo=iphone15, preferencias=null]
2025-12-17 13:19:54.110 [main] INFO  controlador.GestionaUsuarios - Usuario [id=usr026, username=User026, email=user026@fitdroid.com, plan_activo=FREE, dispositivo=iphone14, preferencias=null]
2025-12-17 13:19:54.111 [main] INFO  controlador.GestionaUsuarios - Usuario [id=usr027, username=User027, email=user027@fitdroid.com, plan_activo=MENSUAL, dispositivo=iphone17, preferencias=null]
2025-12-17 13:19:54.111 [main] INFO  controlador.GestionaUsuarios - Usuario [id=usr028, username=User028, email=user028@fitdroid.com, plan_activo=TRIMESTRAL, dispositivo=android13, preferencias=null]
2025-12-17 13:19:54.111 [main] INFO  controlador.GestionaUsuarios - Usuario [id=usr029, username=User029, email=user029@fitdroid.com, plan_activo=ANUAL, dispositivo=android14, preferencias=null]
2025-12-17 13:19:54.111 [main] INFO  controlador.GestionaUsuarios - Usuario [id=usr030, username=User030, email=user030@fitdroid.com, plan_activo=VIP, dispositivo=android11, preferencias=null]
2025-12-17 13:19:54.111 [main] INFO  controlador.GestionaUsuarios - Usuario [id=usr031, username=User031, email=user031@fitdroid.com, plan_activo=FREE, dispositivo=iphone15, preferencias=null]
2025-12-17 13:19:54.111 [main] INFO  controlador.GestionaUsuarios - Usuario [id=usr032, username=User032, email=user032@fitdroid.com, plan_activo=MENSUAL, dispositivo=android12, preferencias=null]
2025-12-17 13:19:54.111 [main] INFO  controlador.GestionaUsuarios - Usuario [id=usr033, username=User033, email=user033@fitdroid.com, plan_activo=TRIMESTRAL, dispositivo=android14, preferencias=null]
2025-12-17 13:19:54.111 [main] INFO  controlador.GestionaUsuarios - Usuario [id=usr034, username=User034, email=user034@fitdroid.com, plan_activo=ANUAL, dispositivo=iphone15, preferencias=null]
2025-12-17 13:19:54.111 [main] INFO  controlador.GestionaUsuarios - Usuario [id=usr035, username=User035, email=user035@fitdroid.com, plan_activo=VIP, dispositivo=iphone17, preferencias=null]
2025-12-17 13:19:54.111 [main] INFO  controlador.GestionaUsuarios - Usuario [id=usr036, username=User036, email=user036@fitdroid.com, plan_activo=FREE, dispositivo=android13, preferencias=null]
2025-12-17 13:19:54.111 [main] INFO  controlador.GestionaUsuarios - Usuario [id=usr037, username=User037, email=user037@fitdroid.com, plan_activo=MENSUAL, dispositivo=android13, preferencias=null]
2025-12-17 13:19:54.111 [main] INFO  controlador.GestionaUsuarios - Usuario [id=usr038, username=User038, email=user038@fitdroid.com, plan_activo=TRIMESTRAL, dispositivo=iphone14, preferencias=null]
2025-12-17 13:19:54.112 [main] INFO  controlador.GestionaUsuarios - Usuario [id=usr039, username=User039, email=user039@fitdroid.com, plan_activo=ANUAL, dispositivo=android14, preferencias=null]
2025-12-17 13:19:54.112 [main] INFO  controlador.GestionaUsuarios - Usuario [id=usr040, username=User040, email=user040@fitdroid.com, plan_activo=VIP, dispositivo=android14, preferencias=null]
2025-12-17 13:19:54.137 [main] INFO  controlador.GestionaUsuarios - Usuario [id=usr002, username=User002, email=user002@fitdroid.com, plan_activo=MENSUAL, dispositivo=android11, preferencias=Preferencias [tema_oscuro=false, idioma=ES, notificaciones_push=true, limite_datos_moviles=false]]
2025-12-17 13:19:54.147 [main] INFO  repositorio.UsuarioRepositorio - SELECT email,dispositivo FROM parradomanuel.usuarios where plan_activo=? 
2025-12-17 13:19:54.148 [main] INFO  controlador.GestionaUsuarios - Usuario [id=1513461346, username=134613461436, email=134613461377546, plan_activo=ANUAL, dispositivo=134614364136134, preferencias=null]
2025-12-17 13:19:54.148 [main] INFO  controlador.GestionaUsuarios - Usuario [id=1947, username=12515, email=3457375, plan_activo=ANUAL, dispositivo=34563457, preferencias=null]
2025-12-17 13:19:54.148 [main] INFO  controlador.GestionaUsuarios - Usuario [id=3457347534, username=125124824575, email=247245724724, plan_activo=ANUAL, dispositivo=247272457, preferencias=null]
2025-12-17 13:19:54.148 [main] INFO  controlador.GestionaUsuarios - Usuario [id=usr00040, username=usr00040, email=lasjf, plan_activo=ANUAL, dispositivo=android, preferencias=null]
2025-12-17 13:19:54.148 [main] INFO  controlador.GestionaUsuarios - Usuario [id=usr001, username=User001, email=user001@fitdroid.com, plan_activo=MENSUAL, dispositivo=android14, preferencias=null]
2025-12-17 13:19:54.148 [main] INFO  controlador.GestionaUsuarios - Usuario [id=usr002, username=User002, email=user002@fitdroid.com, plan_activo=MENSUAL, dispositivo=android11, preferencias=null]
2025-12-17 13:19:54.148 [main] INFO  controlador.GestionaUsuarios - Usuario [id=usr003, username=User003, email=user003@fitdroid.com, plan_activo=TRIMESTRAL, dispositivo=android12, preferencias=null]
2025-12-17 13:19:54.148 [main] INFO  controlador.GestionaUsuarios - Usuario [id=usr004, username=User004, email=user004@fitdroid.com, plan_activo=ANUAL, dispositivo=iphone16, preferencias=null]
2025-12-17 13:19:54.148 [main] INFO  controlador.GestionaUsuarios - Usuario [id=usr005, username=User005, email=user005@fitdroid.com, plan_activo=MENSUAL, dispositivo=android14, preferencias=null]
2025-12-17 13:19:54.148 [main] INFO  controlador.GestionaUsuarios - Usuario [id=usr006, username=User006, email=user006@fitdroid.com, plan_activo=FREE, dispositivo=android13, preferencias=null]
2025-12-17 13:19:54.148 [main] INFO  controlador.GestionaUsuarios - Usuario [id=usr007, username=User007, email=user007@fitdroid.com, plan_activo=MENSUAL, dispositivo=android11, preferencias=null]
2025-12-17 13:19:54.148 [main] INFO  controlador.GestionaUsuarios - Usuario [id=usr008, username=User008, email=user008@fitdroid.com, plan_activo=TRIMESTRAL, dispositivo=android11, preferencias=null]
2025-12-17 13:19:54.149 [main] INFO  controlador.GestionaUsuarios - Usuario [id=usr009, username=User009, email=user009@fitdroid.com, plan_activo=ANUAL, dispositivo=android12, preferencias=null]
2025-12-17 13:19:54.149 [main] INFO  controlador.GestionaUsuarios - Usuario [id=usr010, username=User010, email=user010@fitdroid.com, plan_activo=VIP, dispositivo=android13, preferencias=null]
2025-12-17 13:19:54.149 [main] INFO  controlador.GestionaUsuarios - Usuario [id=usr011, username=User011, email=user011@fitdroid.com, plan_activo=FREE, dispositivo=android13, preferencias=null]
2025-12-17 13:19:54.149 [main] INFO  controlador.GestionaUsuarios - Usuario [id=usr012, username=User012, email=user012@fitdroid.com, plan_activo=MENSUAL, dispositivo=iphone17, preferencias=null]
2025-12-17 13:19:54.149 [main] INFO  controlador.GestionaUsuarios - Usuario [id=usr013, username=User013, email=user013@fitdroid.com, plan_activo=TRIMESTRAL, dispositivo=android12, preferencias=null]
2025-12-17 13:19:54.149 [main] INFO  controlador.GestionaUsuarios - Usuario [id=usr014, username=User014, email=user014@fitdroid.com, plan_activo=ANUAL, dispositivo=android11, preferencias=null]
2025-12-17 13:19:54.149 [main] INFO  controlador.GestionaUsuarios - Usuario [id=usr015, username=User015, email=user015@fitdroid.com, plan_activo=VIP, dispositivo=android13, preferencias=null]
2025-12-17 13:19:54.150 [main] INFO  controlador.GestionaUsuarios - Usuario [id=usr016, username=User016, email=user016@fitdroid.com, plan_activo=FREE, dispositivo=iphone16, preferencias=null]
2025-12-17 13:19:54.150 [main] INFO  controlador.GestionaUsuarios - Usuario [id=usr017, username=User017, email=user017@fitdroid.com, plan_activo=MENSUAL, dispositivo=android13, preferencias=null]
2025-12-17 13:19:54.150 [main] INFO  controlador.GestionaUsuarios - Usuario [id=usr018, username=User018, email=user018@fitdroid.com, plan_activo=TRIMESTRAL, dispositivo=iphone16, preferencias=null]
2025-12-17 13:19:54.150 [main] INFO  controlador.GestionaUsuarios - Usuario [id=usr019, username=User019, email=user019@fitdroid.com, plan_activo=ANUAL, dispositivo=android11, preferencias=null]
2025-12-17 13:19:54.150 [main] INFO  controlador.GestionaUsuarios - Usuario [id=usr020, username=User020, email=user020@fitdroid.com, plan_activo=VIP, dispositivo=iphone17, preferencias=null]
2025-12-17 13:19:54.150 [main] INFO  controlador.GestionaUsuarios - Usuario [id=usr021, username=User021, email=user021@fitdroid.com, plan_activo=FREE, dispositivo=android11, preferencias=null]
2025-12-17 13:19:54.150 [main] INFO  controlador.GestionaUsuarios - Usuario [id=usr022, username=User022, email=user022@fitdroid.com, plan_activo=MENSUAL, dispositivo=iphone17, preferencias=null]
2025-12-17 13:19:54.150 [main] INFO  controlador.GestionaUsuarios - Usuario [id=usr023, username=User023, email=user023@fitdroid.com, plan_activo=MENSUAL, dispositivo=android14, preferencias=null]
2025-12-17 13:19:54.150 [main] INFO  controlador.GestionaUsuarios - Usuario [id=usr024, username=User024, email=user024@fitdroid.com, plan_activo=ANUAL, dispositivo=android13, preferencias=null]
2025-12-17 13:19:54.150 [main] INFO  controlador.GestionaUsuarios - Usuario [id=usr025, username=User025, email=user025@fitdroid.com, plan_activo=VIP, dispositivo=iphone15, preferencias=null]
2025-12-17 13:19:54.150 [main] INFO  controlador.GestionaUsuarios - Usuario [id=usr026, username=User026, email=user026@fitdroid.com, plan_activo=FREE, dispositivo=iphone14, preferencias=null]
2025-12-17 13:19:54.150 [main] INFO  controlador.GestionaUsuarios - Usuario [id=usr027, username=User027, email=user027@fitdroid.com, plan_activo=MENSUAL, dispositivo=iphone17, preferencias=null]
2025-12-17 13:19:54.150 [main] INFO  controlador.GestionaUsuarios - Usuario [id=usr028, username=User028, email=user028@fitdroid.com, plan_activo=TRIMESTRAL, dispositivo=android13, preferencias=null]
2025-12-17 13:19:54.151 [main] INFO  controlador.GestionaUsuarios - Usuario [id=usr029, username=User029, email=user029@fitdroid.com, plan_activo=ANUAL, dispositivo=android14, preferencias=null]
2025-12-17 13:19:54.151 [main] INFO  controlador.GestionaUsuarios - Usuario [id=usr030, username=User030, email=user030@fitdroid.com, plan_activo=VIP, dispositivo=android11, preferencias=null]
2025-12-17 13:19:54.151 [main] INFO  controlador.GestionaUsuarios - Usuario [id=usr031, username=User031, email=user031@fitdroid.com, plan_activo=FREE, dispositivo=iphone15, preferencias=null]
2025-12-17 13:19:54.151 [main] INFO  controlador.GestionaUsuarios - Usuario [id=usr032, username=User032, email=user032@fitdroid.com, plan_activo=MENSUAL, dispositivo=android12, preferencias=null]
2025-12-17 13:19:54.151 [main] INFO  controlador.GestionaUsuarios - Usuario [id=usr033, username=User033, email=user033@fitdroid.com, plan_activo=TRIMESTRAL, dispositivo=android14, preferencias=null]
2025-12-17 13:19:54.151 [main] INFO  controlador.GestionaUsuarios - Usuario [id=usr034, username=User034, email=user034@fitdroid.com, plan_activo=ANUAL, dispositivo=iphone15, preferencias=null]
2025-12-17 13:19:54.151 [main] INFO  controlador.GestionaUsuarios - Usuario [id=usr035, username=User035, email=user035@fitdroid.com, plan_activo=VIP, dispositivo=iphone17, preferencias=null]
2025-12-17 13:19:54.151 [main] INFO  controlador.GestionaUsuarios - Usuario [id=usr036, username=User036, email=user036@fitdroid.com, plan_activo=FREE, dispositivo=android13, preferencias=null]
2025-12-17 13:19:54.151 [main] INFO  controlador.GestionaUsuarios - Usuario [id=usr037, username=User037, email=user037@fitdroid.com, plan_activo=MENSUAL, dispositivo=android13, preferencias=null]
2025-12-17 13:19:54.151 [main] INFO  controlador.GestionaUsuarios - Usuario [id=usr038, username=User038, email=user038@fitdroid.com, plan_activo=TRIMESTRAL, dispositivo=iphone14, preferencias=null]
2025-12-17 13:19:54.152 [main] INFO  controlador.GestionaUsuarios - Usuario [id=usr039, username=User039, email=user039@fitdroid.com, plan_activo=ANUAL, dispositivo=android14, preferencias=null]
2025-12-17 13:19:54.152 [main] INFO  controlador.GestionaUsuarios - Usuario [id=usr040, username=User040, email=user040@fitdroid.com, plan_activo=VIP, dispositivo=android14, preferencias=null]
2025-12-17 13:22:56.158 [main] INFO  controlador.GestionaUsuarios - Usuario [id=1513461346, username=134613461436, email=134613461377546, plan_activo=ANUAL, dispositivo=134614364136134, preferencias=null]
2025-12-17 13:22:56.160 [main] INFO  controlador.GestionaUsuarios - Usuario [id=1947, username=12515, email=3457375, plan_activo=ANUAL, dispositivo=34563457, preferencias=null]
2025-12-17 13:22:56.161 [main] INFO  controlador.GestionaUsuarios - Usuario [id=3457347534, username=125124824575, email=247245724724, plan_activo=ANUAL, dispositivo=247272457, preferencias=null]
2025-12-17 13:22:56.161 [main] INFO  controlador.GestionaUsuarios - Usuario [id=usr00040, username=usr00040, email=lasjf, plan_activo=ANUAL, dispositivo=android, preferencias=null]
2025-12-17 13:22:56.161 [main] INFO  controlador.GestionaUsuarios - Usuario [id=usr001, username=User001, email=user001@fitdroid.com, plan_activo=MENSUAL, dispositivo=android14, preferencias=null]
2025-12-17 13:22:56.161 [main] INFO  controlador.GestionaUsuarios - Usuario [id=usr002, username=User002, email=user002@fitdroid.com, plan_activo=MENSUAL, dispositivo=android11, preferencias=null]
2025-12-17 13:22:56.161 [main] INFO  controlador.GestionaUsuarios - Usuario [id=usr003, username=User003, email=user003@fitdroid.com, plan_activo=TRIMESTRAL, dispositivo=android12, preferencias=null]
2025-12-17 13:22:56.161 [main] INFO  controlador.GestionaUsuarios - Usuario [id=usr004, username=User004, email=user004@fitdroid.com, plan_activo=ANUAL, dispositivo=iphone16, preferencias=null]
2025-12-17 13:22:56.161 [main] INFO  controlador.GestionaUsuarios - Usuario [id=usr005, username=User005, email=user005@fitdroid.com, plan_activo=MENSUAL, dispositivo=android14, preferencias=null]
2025-12-17 13:22:56.161 [main] INFO  controlador.GestionaUsuarios - Usuario [id=usr006, username=User006, email=user006@fitdroid.com, plan_activo=FREE, dispositivo=android13, preferencias=null]
2025-12-17 13:22:56.161 [main] INFO  controlador.GestionaUsuarios - Usuario [id=usr007, username=User007, email=user007@fitdroid.com, plan_activo=MENSUAL, dispositivo=android11, preferencias=null]
2025-12-17 13:22:56.161 [main] INFO  controlador.GestionaUsuarios - Usuario [id=usr008, username=User008, email=user008@fitdroid.com, plan_activo=TRIMESTRAL, dispositivo=android11, preferencias=null]
2025-12-17 13:22:56.162 [main] INFO  controlador.GestionaUsuarios - Usuario [id=usr009, username=User009, email=user009@fitdroid.com, plan_activo=ANUAL, dispositivo=android12, preferencias=null]
2025-12-17 13:22:56.162 [main] INFO  controlador.GestionaUsuarios - Usuario [id=usr010, username=User010, email=user010@fitdroid.com, plan_activo=VIP, dispositivo=android13, preferencias=null]
2025-12-17 13:22:56.162 [main] INFO  controlador.GestionaUsuarios - Usuario [id=usr011, username=User011, email=user011@fitdroid.com, plan_activo=FREE, dispositivo=android13, preferencias=null]
2025-12-17 13:22:56.162 [main] INFO  controlador.GestionaUsuarios - Usuario [id=usr012, username=User012, email=user012@fitdroid.com, plan_activo=MENSUAL, dispositivo=iphone17, preferencias=null]
2025-12-17 13:22:56.162 [main] INFO  controlador.GestionaUsuarios - Usuario [id=usr013, username=User013, email=user013@fitdroid.com, plan_activo=TRIMESTRAL, dispositivo=android12, preferencias=null]
2025-12-17 13:22:56.162 [main] INFO  controlador.GestionaUsuarios - Usuario [id=usr014, username=User014, email=user014@fitdroid.com, plan_activo=ANUAL, dispositivo=android11, preferencias=null]
2025-12-17 13:22:56.162 [main] INFO  controlador.GestionaUsuarios - Usuario [id=usr015, username=User015, email=user015@fitdroid.com, plan_activo=VIP, dispositivo=android13, preferencias=null]
2025-12-17 13:22:56.162 [main] INFO  controlador.GestionaUsuarios - Usuario [id=usr016, username=User016, email=user016@fitdroid.com, plan_activo=FREE, dispositivo=iphone16, preferencias=null]
2025-12-17 13:22:56.162 [main] INFO  controlador.GestionaUsuarios - Usuario [id=usr017, username=User017, email=user017@fitdroid.com, plan_activo=MENSUAL, dispositivo=android13, preferencias=null]
2025-12-17 13:22:56.162 [main] INFO  controlador.GestionaUsuarios - Usuario [id=usr018, username=User018, email=user018@fitdroid.com, plan_activo=TRIMESTRAL, dispositivo=iphone16, preferencias=null]
2025-12-17 13:22:56.163 [main] INFO  controlador.GestionaUsuarios - Usuario [id=usr019, username=User019, email=user019@fitdroid.com, plan_activo=ANUAL, dispositivo=android11, preferencias=null]
2025-12-17 13:22:56.163 [main] INFO  controlador.GestionaUsuarios - Usuario [id=usr020, username=User020, email=user020@fitdroid.com, plan_activo=VIP, dispositivo=iphone17, preferencias=null]
2025-12-17 13:22:56.163 [main] INFO  controlador.GestionaUsuarios - Usuario [id=usr021, username=User021, email=user021@fitdroid.com, plan_activo=FREE, dispositivo=android11, preferencias=null]
2025-12-17 13:22:56.163 [main] INFO  controlador.GestionaUsuarios - Usuario [id=usr022, username=User022, email=user022@fitdroid.com, plan_activo=MENSUAL, dispositivo=iphone17, preferencias=null]
2025-12-17 13:22:56.163 [main] INFO  controlador.GestionaUsuarios - Usuario [id=usr023, username=User023, email=user023@fitdroid.com, plan_activo=MENSUAL, dispositivo=android14, preferencias=null]
2025-12-17 13:22:56.163 [main] INFO  controlador.GestionaUsuarios - Usuario [id=usr024, username=User024, email=user024@fitdroid.com, plan_activo=ANUAL, dispositivo=android13, preferencias=null]
2025-12-17 13:22:56.163 [main] INFO  controlador.GestionaUsuarios - Usuario [id=usr025, username=User025, email=user025@fitdroid.com, plan_activo=VIP, dispositivo=iphone15, preferencias=null]
2025-12-17 13:22:56.163 [main] INFO  controlador.GestionaUsuarios - Usuario [id=usr026, username=User026, email=user026@fitdroid.com, plan_activo=FREE, dispositivo=iphone14, preferencias=null]
2025-12-17 13:22:56.163 [main] INFO  controlador.GestionaUsuarios - Usuario [id=usr027, username=User027, email=user027@fitdroid.com, plan_activo=MENSUAL, dispositivo=iphone17, preferencias=null]
2025-12-17 13:22:56.163 [main] INFO  controlador.GestionaUsuarios - Usuario [id=usr028, username=User028, email=user028@fitdroid.com, plan_activo=TRIMESTRAL, dispositivo=android13, preferencias=null]
2025-12-17 13:22:56.163 [main] INFO  controlador.GestionaUsuarios - Usuario [id=usr029, username=User029, email=user029@fitdroid.com, plan_activo=ANUAL, dispositivo=android14, preferencias=null]
2025-12-17 13:22:56.164 [main] INFO  controlador.GestionaUsuarios - Usuario [id=usr030, username=User030, email=user030@fitdroid.com, plan_activo=VIP, dispositivo=android11, preferencias=null]
2025-12-17 13:22:56.164 [main] INFO  controlador.GestionaUsuarios - Usuario [id=usr031, username=User031, email=user031@fitdroid.com, plan_activo=FREE, dispositivo=iphone15, preferencias=null]
2025-12-17 13:22:56.164 [main] INFO  controlador.GestionaUsuarios - Usuario [id=usr032, username=User032, email=user032@fitdroid.com, plan_activo=MENSUAL, dispositivo=android12, preferencias=null]
2025-12-17 13:22:56.164 [main] INFO  controlador.GestionaUsuarios - Usuario [id=usr033, username=User033, email=user033@fitdroid.com, plan_activo=TRIMESTRAL, dispositivo=android14, preferencias=null]
2025-12-17 13:22:56.164 [main] INFO  controlador.GestionaUsuarios - Usuario [id=usr034, username=User034, email=user034@fitdroid.com, plan_activo=ANUAL, dispositivo=iphone15, preferencias=null]
2025-12-17 13:22:56.164 [main] INFO  controlador.GestionaUsuarios - Usuario [id=usr035, username=User035, email=user035@fitdroid.com, plan_activo=VIP, dispositivo=iphone17, preferencias=null]
2025-12-17 13:22:56.164 [main] INFO  controlador.GestionaUsuarios - Usuario [id=usr036, username=User036, email=user036@fitdroid.com, plan_activo=FREE, dispositivo=android13, preferencias=null]
2025-12-17 13:22:56.164 [main] INFO  controlador.GestionaUsuarios - Usuario [id=usr037, username=User037, email=user037@fitdroid.com, plan_activo=MENSUAL, dispositivo=android13, preferencias=null]
2025-12-17 13:22:56.164 [main] INFO  controlador.GestionaUsuarios - Usuario [id=usr038, username=User038, email=user038@fitdroid.com, plan_activo=TRIMESTRAL, dispositivo=iphone14, preferencias=null]
2025-12-17 13:22:56.165 [main] INFO  controlador.GestionaUsuarios - Usuario [id=usr039, username=User039, email=user039@fitdroid.com, plan_activo=ANUAL, dispositivo=android14, preferencias=null]
2025-12-17 13:22:56.165 [main] INFO  controlador.GestionaUsuarios - Usuario [id=usr040, username=User040, email=user040@fitdroid.com, plan_activo=VIP, dispositivo=android14, preferencias=null]
2025-12-17 13:22:56.189 [main] INFO  controlador.GestionaUsuarios - Usuario [id=usr002, username=User002, email=user002@fitdroid.com, plan_activo=MENSUAL, dispositivo=android11, preferencias=Preferencias [tema_oscuro=false, idioma=ES, notificaciones_push=true, limite_datos_moviles=false]]
2025-12-17 13:22:56.200 [main] INFO  repositorio.UsuarioRepositorio - SELECT email,dispositivo FROM parradomanuel.usuarios where plan_activo=? 
2025-12-17 13:22:56.224 [main] INFO  controlador.GestionaUsuarios - Usuario [id=1513461346, username=134613461436, email=134613461377546, plan_activo=ANUAL, dispositivo=134614364136134, preferencias=null]
2025-12-17 13:22:56.224 [main] INFO  controlador.GestionaUsuarios - Usuario [id=1947, username=12515, email=3457375, plan_activo=ANUAL, dispositivo=34563457, preferencias=null]
2025-12-17 13:22:56.224 [main] INFO  controlador.GestionaUsuarios - Usuario [id=3457347534, username=125124824575, email=247245724724, plan_activo=ANUAL, dispositivo=247272457, preferencias=null]
2025-12-17 13:22:56.224 [main] INFO  controlador.GestionaUsuarios - Usuario [id=usr00040, username=usr00040, email=lasjf, plan_activo=ANUAL, dispositivo=android, preferencias=null]
2025-12-17 13:22:56.224 [main] INFO  controlador.GestionaUsuarios - Usuario [id=usr001, username=User001, email=user001@fitdroid.com, plan_activo=MENSUAL, dispositivo=android14, preferencias=null]
2025-12-17 13:22:56.225 [main] INFO  controlador.GestionaUsuarios - Usuario [id=usr002, username=User002, email=user002@fitdroid.com, plan_activo=MENSUAL, dispositivo=android11, preferencias=null]
2025-12-17 13:22:56.225 [main] INFO  controlador.GestionaUsuarios - Usuario [id=usr003, username=User003, email=user003@fitdroid.com, plan_activo=TRIMESTRAL, dispositivo=android12, preferencias=null]
2025-12-17 13:22:56.225 [main] INFO  controlador.GestionaUsuarios - Usuario [id=usr004, username=User004, email=user004@fitdroid.com, plan_activo=ANUAL, dispositivo=iphone16, preferencias=null]
2025-12-17 13:22:56.225 [main] INFO  controlador.GestionaUsuarios - Usuario [id=usr005, username=User005, email=user005@fitdroid.com, plan_activo=MENSUAL, dispositivo=android14, preferencias=null]
2025-12-17 13:22:56.225 [main] INFO  controlador.GestionaUsuarios - Usuario [id=usr006, username=User006, email=user006@fitdroid.com, plan_activo=FREE, dispositivo=android13, preferencias=null]
2025-12-17 13:22:56.225 [main] INFO  controlador.GestionaUsuarios - Usuario [id=usr007, username=User007, email=user007@fitdroid.com, plan_activo=MENSUAL, dispositivo=android11, preferencias=null]
2025-12-17 13:22:56.225 [main] INFO  controlador.GestionaUsuarios - Usuario [id=usr008, username=User008, email=user008@fitdroid.com, plan_activo=TRIMESTRAL, dispositivo=android11, preferencias=null]
2025-12-17 13:22:56.225 [main] INFO  controlador.GestionaUsuarios - Usuario [id=usr009, username=User009, email=user009@fitdroid.com, plan_activo=ANUAL, dispositivo=android12, preferencias=null]
2025-12-17 13:22:56.225 [main] INFO  controlador.GestionaUsuarios - Usuario [id=usr010, username=User010, email=user010@fitdroid.com, plan_activo=VIP, dispositivo=android13, preferencias=null]
2025-12-17 13:22:56.225 [main] INFO  controlador.GestionaUsuarios - Usuario [id=usr011, username=User011, email=user011@fitdroid.com, plan_activo=FREE, dispositivo=android13, preferencias=null]
2025-12-17 13:22:56.225 [main] INFO  controlador.GestionaUsuarios - Usuario [id=usr012, username=User012, email=user012@fitdroid.com, plan_activo=MENSUAL, dispositivo=iphone17, preferencias=null]
2025-12-17 13:22:56.225 [main] INFO  controlador.GestionaUsuarios - Usuario [id=usr013, username=User013, email=user013@fitdroid.com, plan_activo=TRIMESTRAL, dispositivo=android12, preferencias=null]
2025-12-17 13:22:56.225 [main] INFO  controlador.GestionaUsuarios - Usuario [id=usr014, username=User014, email=user014@fitdroid.com, plan_activo=ANUAL, dispositivo=android11, preferencias=null]
2025-12-17 13:22:56.226 [main] INFO  controlador.GestionaUsuarios - Usuario [id=usr015, username=User015, email=user015@fitdroid.com, plan_activo=VIP, dispositivo=android13, preferencias=null]
2025-12-17 13:22:56.226 [main] INFO  controlador.GestionaUsuarios - Usuario [id=usr016, username=User016, email=user016@fitdroid.com, plan_activo=FREE, dispositivo=iphone16, preferencias=null]
2025-12-17 13:22:56.226 [main] INFO  controlador.GestionaUsuarios - Usuario [id=usr017, username=User017, email=user017@fitdroid.com, plan_activo=MENSUAL, dispositivo=android13, preferencias=null]
2025-12-17 13:22:56.226 [main] INFO  controlador.GestionaUsuarios - Usuario [id=usr018, username=User018, email=user018@fitdroid.com, plan_activo=TRIMESTRAL, dispositivo=iphone16, preferencias=null]
2025-12-17 13:22:56.226 [main] INFO  controlador.GestionaUsuarios - Usuario [id=usr019, username=User019, email=user019@fitdroid.com, plan_activo=ANUAL, dispositivo=android11, preferencias=null]
2025-12-17 13:22:56.226 [main] INFO  controlador.GestionaUsuarios - Usuario [id=usr020, username=User020, email=user020@fitdroid.com, plan_activo=VIP, dispositivo=iphone17, preferencias=null]
2025-12-17 13:22:56.226 [main] INFO  controlador.GestionaUsuarios - Usuario [id=usr021, username=User021, email=user021@fitdroid.com, plan_activo=FREE, dispositivo=android11, preferencias=null]
2025-12-17 13:22:56.226 [main] INFO  controlador.GestionaUsuarios - Usuario [id=usr022, username=User022, email=user022@fitdroid.com, plan_activo=MENSUAL, dispositivo=iphone17, preferencias=null]
2025-12-17 13:22:56.226 [main] INFO  controlador.GestionaUsuarios - Usuario [id=usr023, username=User023, email=user023@fitdroid.com, plan_activo=MENSUAL, dispositivo=android14, preferencias=null]
2025-12-17 13:22:56.227 [main] INFO  controlador.GestionaUsuarios - Usuario [id=usr024, username=User024, email=user024@fitdroid.com, plan_activo=ANUAL, dispositivo=android13, preferencias=null]
2025-12-17 13:22:56.227 [main] INFO  controlador.GestionaUsuarios - Usuario [id=usr025, username=User025, email=user025@fitdroid.com, plan_activo=VIP, dispositivo=iphone15, preferencias=null]
2025-12-17 13:22:56.227 [main] INFO  controlador.GestionaUsuarios - Usuario [id=usr026, username=User026, email=user026@fitdroid.com, plan_activo=FREE, dispositivo=iphone14, preferencias=null]
2025-12-17 13:22:56.227 [main] INFO  controlador.GestionaUsuarios - Usuario [id=usr027, username=User027, email=user027@fitdroid.com, plan_activo=MENSUAL, dispositivo=iphone17, preferencias=null]
2025-12-17 13:22:56.227 [main] INFO  controlador.GestionaUsuarios - Usuario [id=usr028, username=User028, email=user028@fitdroid.com, plan_activo=TRIMESTRAL, dispositivo=android13, preferencias=null]
2025-12-17 13:22:56.227 [main] INFO  controlador.GestionaUsuarios - Usuario [id=usr029, username=User029, email=user029@fitdroid.com, plan_activo=ANUAL, dispositivo=android14, preferencias=null]
2025-12-17 13:22:56.227 [main] INFO  controlador.GestionaUsuarios - Usuario [id=usr030, username=User030, email=user030@fitdroid.com, plan_activo=VIP, dispositivo=android11, preferencias=null]
2025-12-17 13:22:56.227 [main] INFO  controlador.GestionaUsuarios - Usuario [id=usr031, username=User031, email=user031@fitdroid.com, plan_activo=FREE, dispositivo=iphone15, preferencias=null]
2025-12-17 13:22:56.227 [main] INFO  controlador.GestionaUsuarios - Usuario [id=usr032, username=User032, email=user032@fitdroid.com, plan_activo=MENSUAL, dispositivo=android12, preferencias=null]
2025-12-17 13:22:56.227 [main] INFO  controlador.GestionaUsuarios - Usuario [id=usr033, username=User033, email=user033@fitdroid.com, plan_activo=TRIMESTRAL, dispositivo=android14, preferencias=null]
2025-12-17 13:22:56.227 [main] INFO  controlador.GestionaUsuarios - Usuario [id=usr034, username=User034, email=user034@fitdroid.com, plan_activo=ANUAL, dispositivo=iphone15, preferencias=null]
2025-12-17 13:22:56.227 [main] INFO  controlador.GestionaUsuarios - Usuario [id=usr035, username=User035, email=user035@fitdroid.com, plan_activo=VIP, dispositivo=iphone17, preferencias=null]
2025-12-17 13:22:56.228 [main] INFO  controlador.GestionaUsuarios - Usuario [id=usr036, username=User036, email=user036@fitdroid.com, plan_activo=FREE, dispositivo=android13, preferencias=null]
2025-12-17 13:22:56.228 [main] INFO  controlador.GestionaUsuarios - Usuario [id=usr037, username=User037, email=user037@fitdroid.com, plan_activo=MENSUAL, dispositivo=android13, preferencias=null]
2025-12-17 13:22:56.228 [main] INFO  controlador.GestionaUsuarios - Usuario [id=usr038, username=User038, email=user038@fitdroid.com, plan_activo=TRIMESTRAL, dispositivo=iphone14, preferencias=null]
2025-12-17 13:22:56.228 [main] INFO  controlador.GestionaUsuarios - Usuario [id=usr039, username=User039, email=user039@fitdroid.com, plan_activo=ANUAL, dispositivo=android14, preferencias=null]
2025-12-17 13:22:56.228 [main] INFO  controlador.GestionaUsuarios - Usuario [id=usr040, username=User040, email=user040@fitdroid.com, plan_activo=VIP, dispositivo=android14, preferencias=null]
2025-12-17 13:23:11.573 [main] INFO  controlador.GestionaUsuarios - Usuario [id=1513461346, username=134613461436, email=134613461377546, plan_activo=ANUAL, dispositivo=134614364136134, preferencias=null]
2025-12-17 13:23:11.575 [main] INFO  controlador.GestionaUsuarios - Usuario [id=1947, username=12515, email=3457375, plan_activo=ANUAL, dispositivo=34563457, preferencias=null]
2025-12-17 13:23:11.575 [main] INFO  controlador.GestionaUsuarios - Usuario [id=3457347534, username=125124824575, email=247245724724, plan_activo=ANUAL, dispositivo=247272457, preferencias=null]
2025-12-17 13:23:11.575 [main] INFO  controlador.GestionaUsuarios - Usuario [id=usr00040, username=usr00040, email=lasjf, plan_activo=ANUAL, dispositivo=android, preferencias=null]
2025-12-17 13:23:11.575 [main] INFO  controlador.GestionaUsuarios - Usuario [id=usr001, username=User001, email=user001@fitdroid.com, plan_activo=MENSUAL, dispositivo=android14, preferencias=null]
2025-12-17 13:23:11.575 [main] INFO  controlador.GestionaUsuarios - Usuario [id=usr002, username=User002, email=user002@fitdroid.com, plan_activo=MENSUAL, dispositivo=android11, preferencias=null]
2025-12-17 13:23:11.575 [main] INFO  controlador.GestionaUsuarios - Usuario [id=usr003, username=User003, email=user003@fitdroid.com, plan_activo=TRIMESTRAL, dispositivo=android12, preferencias=null]
2025-12-17 13:23:11.575 [main] INFO  controlador.GestionaUsuarios - Usuario [id=usr004, username=User004, email=user004@fitdroid.com, plan_activo=ANUAL, dispositivo=iphone16, preferencias=null]
2025-12-17 13:23:11.575 [main] INFO  controlador.GestionaUsuarios - Usuario [id=usr005, username=User005, email=user005@fitdroid.com, plan_activo=MENSUAL, dispositivo=android14, preferencias=null]
2025-12-17 13:23:11.576 [main] INFO  controlador.GestionaUsuarios - Usuario [id=usr006, username=User006, email=user006@fitdroid.com, plan_activo=FREE, dispositivo=android13, preferencias=null]
2025-12-17 13:23:11.576 [main] INFO  controlador.GestionaUsuarios - Usuario [id=usr007, username=User007, email=user007@fitdroid.com, plan_activo=MENSUAL, dispositivo=android11, preferencias=null]
2025-12-17 13:23:11.576 [main] INFO  controlador.GestionaUsuarios - Usuario [id=usr008, username=User008, email=user008@fitdroid.com, plan_activo=TRIMESTRAL, dispositivo=android11, preferencias=null]
2025-12-17 13:23:11.576 [main] INFO  controlador.GestionaUsuarios - Usuario [id=usr009, username=User009, email=user009@fitdroid.com, plan_activo=ANUAL, dispositivo=android12, preferencias=null]
2025-12-17 13:23:11.576 [main] INFO  controlador.GestionaUsuarios - Usuario [id=usr010, username=User010, email=user010@fitdroid.com, plan_activo=VIP, dispositivo=android13, preferencias=null]
2025-12-17 13:23:11.576 [main] INFO  controlador.GestionaUsuarios - Usuario [id=usr011, username=User011, email=user011@fitdroid.com, plan_activo=FREE, dispositivo=android13, preferencias=null]
2025-12-17 13:23:11.576 [main] INFO  controlador.GestionaUsuarios - Usuario [id=usr012, username=User012, email=user012@fitdroid.com, plan_activo=MENSUAL, dispositivo=iphone17, preferencias=null]
2025-12-17 13:23:11.576 [main] INFO  controlador.GestionaUsuarios - Usuario [id=usr013, username=User013, email=user013@fitdroid.com, plan_activo=TRIMESTRAL, dispositivo=android12, preferencias=null]
2025-12-17 13:23:11.576 [main] INFO  controlador.GestionaUsuarios - Usuario [id=usr014, username=User014, email=user014@fitdroid.com, plan_activo=ANUAL, dispositivo=android11, preferencias=null]
2025-12-17 13:23:11.577 [main] INFO  controlador.GestionaUsuarios - Usuario [id=usr015, username=User015, email=user015@fitdroid.com, plan_activo=VIP, dispositivo=android13, preferencias=null]
2025-12-17 13:23:11.577 [main] INFO  controlador.GestionaUsuarios - Usuario [id=usr016, username=User016, email=user016@fitdroid.com, plan_activo=FREE, dispositivo=iphone16, preferencias=null]
2025-12-17 13:23:11.577 [main] INFO  controlador.GestionaUsuarios - Usuario [id=usr017, username=User017, email=user017@fitdroid.com, plan_activo=MENSUAL, dispositivo=android13, preferencias=null]
2025-12-17 13:23:11.577 [main] INFO  controlador.GestionaUsuarios - Usuario [id=usr018, username=User018, email=user018@fitdroid.com, plan_activo=TRIMESTRAL, dispositivo=iphone16, preferencias=null]
2025-12-17 13:23:11.577 [main] INFO  controlador.GestionaUsuarios - Usuario [id=usr019, username=User019, email=user019@fitdroid.com, plan_activo=ANUAL, dispositivo=android11, preferencias=null]
2025-12-17 13:23:11.577 [main] INFO  controlador.GestionaUsuarios - Usuario [id=usr020, username=User020, email=user020@fitdroid.com, plan_activo=VIP, dispositivo=iphone17, preferencias=null]
2025-12-17 13:23:11.577 [main] INFO  controlador.GestionaUsuarios - Usuario [id=usr021, username=User021, email=user021@fitdroid.com, plan_activo=FREE, dispositivo=android11, preferencias=null]
2025-12-17 13:23:11.577 [main] INFO  controlador.GestionaUsuarios - Usuario [id=usr022, username=User022, email=user022@fitdroid.com, plan_activo=MENSUAL, dispositivo=iphone17, preferencias=null]
2025-12-17 13:23:11.577 [main] INFO  controlador.GestionaUsuarios - Usuario [id=usr023, username=User023, email=user023@fitdroid.com, plan_activo=MENSUAL, dispositivo=android14, preferencias=null]
2025-12-17 13:23:11.577 [main] INFO  controlador.GestionaUsuarios - Usuario [id=usr024, username=User024, email=user024@fitdroid.com, plan_activo=ANUAL, dispositivo=android13, preferencias=null]
2025-12-17 13:23:11.577 [main] INFO  controlador.GestionaUsuarios - Usuario [id=usr025, username=User025, email=user025@fitdroid.com, plan_activo=VIP, dispositivo=iphone15, preferencias=null]
2025-12-17 13:23:11.578 [main] INFO  controlador.GestionaUsuarios - Usuario [id=usr026, username=User026, email=user026@fitdroid.com, plan_activo=FREE, dispositivo=iphone14, preferencias=null]
2025-12-17 13:23:11.578 [main] INFO  controlador.GestionaUsuarios - Usuario [id=usr027, username=User027, email=user027@fitdroid.com, plan_activo=MENSUAL, dispositivo=iphone17, preferencias=null]
2025-12-17 13:23:11.578 [main] INFO  controlador.GestionaUsuarios - Usuario [id=usr028, username=User028, email=user028@fitdroid.com, plan_activo=TRIMESTRAL, dispositivo=android13, preferencias=null]
2025-12-17 13:23:11.578 [main] INFO  controlador.GestionaUsuarios - Usuario [id=usr029, username=User029, email=user029@fitdroid.com, plan_activo=ANUAL, dispositivo=android14, preferencias=null]
2025-12-17 13:23:11.578 [main] INFO  controlador.GestionaUsuarios - Usuario [id=usr030, username=User030, email=user030@fitdroid.com, plan_activo=VIP, dispositivo=android11, preferencias=null]
2025-12-17 13:23:11.578 [main] INFO  controlador.GestionaUsuarios - Usuario [id=usr031, username=User031, email=user031@fitdroid.com, plan_activo=FREE, dispositivo=iphone15, preferencias=null]
2025-12-17 13:23:11.578 [main] INFO  controlador.GestionaUsuarios - Usuario [id=usr032, username=User032, email=user032@fitdroid.com, plan_activo=MENSUAL, dispositivo=android12, preferencias=null]
2025-12-17 13:23:11.578 [main] INFO  controlador.GestionaUsuarios - Usuario [id=usr033, username=User033, email=user033@fitdroid.com, plan_activo=TRIMESTRAL, dispositivo=android14, preferencias=null]
2025-12-17 13:23:11.578 [main] INFO  controlador.GestionaUsuarios - Usuario [id=usr034, username=User034, email=user034@fitdroid.com, plan_activo=ANUAL, dispositivo=iphone15, preferencias=null]
2025-12-17 13:23:11.578 [main] INFO  controlador.GestionaUsuarios - Usuario [id=usr035, username=User035, email=user035@fitdroid.com, plan_activo=VIP, dispositivo=iphone17, preferencias=null]
2025-12-17 13:23:11.578 [main] INFO  controlador.GestionaUsuarios - Usuario [id=usr036, username=User036, email=user036@fitdroid.com, plan_activo=FREE, dispositivo=android13, preferencias=null]
2025-12-17 13:23:11.578 [main] INFO  controlador.GestionaUsuarios - Usuario [id=usr037, username=User037, email=user037@fitdroid.com, plan_activo=MENSUAL, dispositivo=android13, preferencias=null]
2025-12-17 13:23:11.579 [main] INFO  controlador.GestionaUsuarios - Usuario [id=usr038, username=User038, email=user038@fitdroid.com, plan_activo=TRIMESTRAL, dispositivo=iphone14, preferencias=null]
2025-12-17 13:23:11.579 [main] INFO  controlador.GestionaUsuarios - Usuario [id=usr039, username=User039, email=user039@fitdroid.com, plan_activo=ANUAL, dispositivo=android14, preferencias=null]
2025-12-17 13:23:11.579 [main] INFO  controlador.GestionaUsuarios - Usuario [id=usr040, username=User040, email=user040@fitdroid.com, plan_activo=VIP, dispositivo=android14, preferencias=null]
2025-12-17 13:23:11.614 [main] INFO  controlador.GestionaUsuarios - Usuario [id=usr002, username=User002, email=user002@fitdroid.com, plan_activo=MENSUAL, dispositivo=android11, preferencias=Preferencias [tema_oscuro=false, idioma=ES, notificaciones_push=true, limite_datos_moviles=false]]
2025-12-17 13:23:11.626 [main] INFO  repositorio.UsuarioRepositorio - SELECT email,dispositivo FROM parradomanuel.usuarios where plan_activo=? 
2025-12-17 13:23:11.629 [main] INFO  controlador.GestionaUsuarios - Usuario [id=1513461346, username=134613461436, email=134613461377546, plan_activo=ANUAL, dispositivo=134614364136134, preferencias=null]
2025-12-17 13:23:11.629 [main] INFO  controlador.GestionaUsuarios - Usuario [id=1947, username=12515, email=3457375, plan_activo=ANUAL, dispositivo=34563457, preferencias=null]
2025-12-17 13:23:11.629 [main] INFO  controlador.GestionaUsuarios - Usuario [id=3457347534, username=125124824575, email=247245724724, plan_activo=ANUAL, dispositivo=247272457, preferencias=null]
2025-12-17 13:23:11.629 [main] INFO  controlador.GestionaUsuarios - Usuario [id=usr00040, username=usr00040, email=lasjf, plan_activo=ANUAL, dispositivo=android, preferencias=null]
2025-12-17 13:23:11.630 [main] INFO  controlador.GestionaUsuarios - Usuario [id=usr001, username=User001, email=user001@fitdroid.com, plan_activo=MENSUAL, dispositivo=android14, preferencias=null]
2025-12-17 13:23:11.630 [main] INFO  controlador.GestionaUsuarios - Usuario [id=usr002, username=User002, email=user002@fitdroid.com, plan_activo=MENSUAL, dispositivo=android11, preferencias=null]
2025-12-17 13:23:11.630 [main] INFO  controlador.GestionaUsuarios - Usuario [id=usr003, username=User003, email=user003@fitdroid.com, plan_activo=TRIMESTRAL, dispositivo=android12, preferencias=null]
2025-12-17 13:23:11.630 [main] INFO  controlador.GestionaUsuarios - Usuario [id=usr004, username=User004, email=user004@fitdroid.com, plan_activo=ANUAL, dispositivo=iphone16, preferencias=null]
2025-12-17 13:23:11.630 [main] INFO  controlador.GestionaUsuarios - Usuario [id=usr005, username=User005, email=user005@fitdroid.com, plan_activo=MENSUAL, dispositivo=android14, preferencias=null]
2025-12-17 13:23:11.630 [main] INFO  controlador.GestionaUsuarios - Usuario [id=usr006, username=User006, email=user006@fitdroid.com, plan_activo=FREE, dispositivo=android13, preferencias=null]
2025-12-17 13:23:11.630 [main] INFO  controlador.GestionaUsuarios - Usuario [id=usr007, username=User007, email=user007@fitdroid.com, plan_activo=MENSUAL, dispositivo=android11, preferencias=null]
2025-12-17 13:23:11.630 [main] INFO  controlador.GestionaUsuarios - Usuario [id=usr008, username=User008, email=user008@fitdroid.com, plan_activo=TRIMESTRAL, dispositivo=android11, preferencias=null]
2025-12-17 13:23:11.630 [main] INFO  controlador.GestionaUsuarios - Usuario [id=usr009, username=User009, email=user009@fitdroid.com, plan_activo=ANUAL, dispositivo=android12, preferencias=null]
2025-12-17 13:23:11.630 [main] INFO  controlador.GestionaUsuarios - Usuario [id=usr010, username=User010, email=user010@fitdroid.com, plan_activo=VIP, dispositivo=android13, preferencias=null]
2025-12-17 13:23:11.630 [main] INFO  controlador.GestionaUsuarios - Usuario [id=usr011, username=User011, email=user011@fitdroid.com, plan_activo=FREE, dispositivo=android13, preferencias=null]
2025-12-17 13:23:11.630 [main] INFO  controlador.GestionaUsuarios - Usuario [id=usr012, username=User012, email=user012@fitdroid.com, plan_activo=MENSUAL, dispositivo=iphone17, preferencias=null]
2025-12-17 13:23:11.631 [main] INFO  controlador.GestionaUsuarios - Usuario [id=usr013, username=User013, email=user013@fitdroid.com, plan_activo=TRIMESTRAL, dispositivo=android12, preferencias=null]
2025-12-17 13:23:11.631 [main] INFO  controlador.GestionaUsuarios - Usuario [id=usr014, username=User014, email=user014@fitdroid.com, plan_activo=ANUAL, dispositivo=android11, preferencias=null]
2025-12-17 13:23:11.631 [main] INFO  controlador.GestionaUsuarios - Usuario [id=usr015, username=User015, email=user015@fitdroid.com, plan_activo=VIP, dispositivo=android13, preferencias=null]
2025-12-17 13:23:11.631 [main] INFO  controlador.GestionaUsuarios - Usuario [id=usr016, username=User016, email=user016@fitdroid.com, plan_activo=FREE, dispositivo=iphone16, preferencias=null]
2025-12-17 13:23:11.631 [main] INFO  controlador.GestionaUsuarios - Usuario [id=usr017, username=User017, email=user017@fitdroid.com, plan_activo=MENSUAL, dispositivo=android13, preferencias=null]
2025-12-17 13:23:11.631 [main] INFO  controlador.GestionaUsuarios - Usuario [id=usr018, username=User018, email=user018@fitdroid.com, plan_activo=TRIMESTRAL, dispositivo=iphone16, preferencias=null]
2025-12-17 13:23:11.631 [main] INFO  controlador.GestionaUsuarios - Usuario [id=usr019, username=User019, email=user019@fitdroid.com, plan_activo=ANUAL, dispositivo=android11, preferencias=null]
2025-12-17 13:23:11.631 [main] INFO  controlador.GestionaUsuarios - Usuario [id=usr020, username=User020, email=user020@fitdroid.com, plan_activo=VIP, dispositivo=iphone17, preferencias=null]
2025-12-17 13:23:11.631 [main] INFO  controlador.GestionaUsuarios - Usuario [id=usr021, username=User021, email=user021@fitdroid.com, plan_activo=FREE, dispositivo=android11, preferencias=null]
2025-12-17 13:23:11.631 [main] INFO  controlador.GestionaUsuarios - Usuario [id=usr022, username=User022, email=user022@fitdroid.com, plan_activo=MENSUAL, dispositivo=iphone17, preferencias=null]
2025-12-17 13:23:11.631 [main] INFO  controlador.GestionaUsuarios - Usuario [id=usr023, username=User023, email=user023@fitdroid.com, plan_activo=MENSUAL, dispositivo=android14, preferencias=null]
2025-12-17 13:23:11.632 [main] INFO  controlador.GestionaUsuarios - Usuario [id=usr024, username=User024, email=user024@fitdroid.com, plan_activo=ANUAL, dispositivo=android13, preferencias=null]
2025-12-17 13:23:11.632 [main] INFO  controlador.GestionaUsuarios - Usuario [id=usr025, username=User025, email=user025@fitdroid.com, plan_activo=VIP, dispositivo=iphone15, preferencias=null]
2025-12-17 13:23:11.632 [main] INFO  controlador.GestionaUsuarios - Usuario [id=usr026, username=User026, email=user026@fitdroid.com, plan_activo=FREE, dispositivo=iphone14, preferencias=null]
2025-12-17 13:23:11.632 [main] INFO  controlador.GestionaUsuarios - Usuario [id=usr027, username=User027, email=user027@fitdroid.com, plan_activo=MENSUAL, dispositivo=iphone17, preferencias=null]
2025-12-17 13:23:11.632 [main] INFO  controlador.GestionaUsuarios - Usuario [id=usr028, username=User028, email=user028@fitdroid.com, plan_activo=TRIMESTRAL, dispositivo=android13, preferencias=null]
2025-12-17 13:23:11.632 [main] INFO  controlador.GestionaUsuarios - Usuario [id=usr029, username=User029, email=user029@fitdroid.com, plan_activo=ANUAL, dispositivo=android14, preferencias=null]
2025-12-17 13:23:11.632 [main] INFO  controlador.GestionaUsuarios - Usuario [id=usr030, username=User030, email=user030@fitdroid.com, plan_activo=VIP, dispositivo=android11, preferencias=null]
2025-12-17 13:23:11.632 [main] INFO  controlador.GestionaUsuarios - Usuario [id=usr031, username=User031, email=user031@fitdroid.com, plan_activo=FREE, dispositivo=iphone15, preferencias=null]
2025-12-17 13:23:11.632 [main] INFO  controlador.GestionaUsuarios - Usuario [id=usr032, username=User032, email=user032@fitdroid.com, plan_activo=MENSUAL, dispositivo=android12, preferencias=null]
2025-12-17 13:23:11.632 [main] INFO  controlador.GestionaUsuarios - Usuario [id=usr033, username=User033, email=user033@fitdroid.com, plan_activo=TRIMESTRAL, dispositivo=android14, preferencias=null]
2025-12-17 13:23:11.632 [main] INFO  controlador.GestionaUsuarios - Usuario [id=usr034, username=User034, email=user034@fitdroid.com, plan_activo=ANUAL, dispositivo=iphone15, preferencias=null]
2025-12-17 13:23:11.633 [main] INFO  controlador.GestionaUsuarios - Usuario [id=usr035, username=User035, email=user035@fitdroid.com, plan_activo=VIP, dispositivo=iphone17, preferencias=null]
2025-12-17 13:23:11.633 [main] INFO  controlador.GestionaUsuarios - Usuario [id=usr036, username=User036, email=user036@fitdroid.com, plan_activo=FREE, dispositivo=android13, preferencias=null]
2025-12-17 13:23:11.633 [main] INFO  controlador.GestionaUsuarios - Usuario [id=usr037, username=User037, email=user037@fitdroid.com, plan_activo=MENSUAL, dispositivo=android13, preferencias=null]
2025-12-17 13:23:11.633 [main] INFO  controlador.GestionaUsuarios - Usuario [id=usr038, username=User038, email=user038@fitdroid.com, plan_activo=TRIMESTRAL, dispositivo=iphone14, preferencias=null]
2025-12-17 13:23:11.633 [main] INFO  controlador.GestionaUsuarios - Usuario [id=usr039, username=User039, email=user039@fitdroid.com, plan_activo=ANUAL, dispositivo=android14, preferencias=null]
2025-12-17 13:23:11.633 [main] INFO  controlador.GestionaUsuarios - Usuario [id=usr040, username=User040, email=user040@fitdroid.com, plan_activo=VIP, dispositivo=android14, preferencias=null]
2025-12-17 13:23:25.310 [main] INFO  repositorio.UsuarioRepositorio - Usuario añadido asfsfd
2025-12-17 13:23:25.330 [main] INFO  controlador.GestionaUsuarios - Usuario [id=1513461346, username=134613461436, email=134613461377546, plan_activo=ANUAL, dispositivo=134614364136134, preferencias=null]
2025-12-17 13:23:25.330 [main] INFO  controlador.GestionaUsuarios - Usuario [id=1947, username=12515, email=3457375, plan_activo=ANUAL, dispositivo=34563457, preferencias=null]
2025-12-17 13:23:25.330 [main] INFO  controlador.GestionaUsuarios - Usuario [id=3457347534, username=125124824575, email=247245724724, plan_activo=ANUAL, dispositivo=247272457, preferencias=null]
2025-12-17 13:23:25.330 [main] INFO  controlador.GestionaUsuarios - Usuario [id=asfsfd, username=adsfahga, email=adthdfasdf, plan_activo=ANUAL, dispositivo=adhadt, preferencias=null]
2025-12-17 13:23:25.330 [main] INFO  controlador.GestionaUsuarios - Usuario [id=usr00040, username=usr00040, email=lasjf, plan_activo=ANUAL, dispositivo=android, preferencias=null]
2025-12-17 13:23:25.330 [main] INFO  controlador.GestionaUsuarios - Usuario [id=usr001, username=User001, email=user001@fitdroid.com, plan_activo=MENSUAL, dispositivo=android14, preferencias=null]
2025-12-17 13:23:25.330 [main] INFO  controlador.GestionaUsuarios - Usuario [id=usr002, username=User002, email=user002@fitdroid.com, plan_activo=MENSUAL, dispositivo=android11, preferencias=null]
2025-12-17 13:23:25.330 [main] INFO  controlador.GestionaUsuarios - Usuario [id=usr003, username=User003, email=user003@fitdroid.com, plan_activo=TRIMESTRAL, dispositivo=android12, preferencias=null]
2025-12-17 13:23:25.331 [main] INFO  controlador.GestionaUsuarios - Usuario [id=usr004, username=User004, email=user004@fitdroid.com, plan_activo=ANUAL, dispositivo=iphone16, preferencias=null]
2025-12-17 13:23:25.331 [main] INFO  controlador.GestionaUsuarios - Usuario [id=usr005, username=User005, email=user005@fitdroid.com, plan_activo=MENSUAL, dispositivo=android14, preferencias=null]
2025-12-17 13:23:25.331 [main] INFO  controlador.GestionaUsuarios - Usuario [id=usr006, username=User006, email=user006@fitdroid.com, plan_activo=FREE, dispositivo=android13, preferencias=null]
2025-12-17 13:23:25.331 [main] INFO  controlador.GestionaUsuarios - Usuario [id=usr007, username=User007, email=user007@fitdroid.com, plan_activo=MENSUAL, dispositivo=android11, preferencias=null]
2025-12-17 13:23:25.331 [main] INFO  controlador.GestionaUsuarios - Usuario [id=usr008, username=User008, email=user008@fitdroid.com, plan_activo=TRIMESTRAL, dispositivo=android11, preferencias=null]
2025-12-17 13:23:25.331 [main] INFO  controlador.GestionaUsuarios - Usuario [id=usr009, username=User009, email=user009@fitdroid.com, plan_activo=ANUAL, dispositivo=android12, preferencias=null]
2025-12-17 13:23:25.331 [main] INFO  controlador.GestionaUsuarios - Usuario [id=usr010, username=User010, email=user010@fitdroid.com, plan_activo=VIP, dispositivo=android13, preferencias=null]
2025-12-17 13:23:25.331 [main] INFO  controlador.GestionaUsuarios - Usuario [id=usr011, username=User011, email=user011@fitdroid.com, plan_activo=FREE, dispositivo=android13, preferencias=null]
2025-12-17 13:23:25.331 [main] INFO  controlador.GestionaUsuarios - Usuario [id=usr012, username=User012, email=user012@fitdroid.com, plan_activo=MENSUAL, dispositivo=iphone17, preferencias=null]
2025-12-17 13:23:25.332 [main] INFO  controlador.GestionaUsuarios - Usuario [id=usr013, username=User013, email=user013@fitdroid.com, plan_activo=TRIMESTRAL, dispositivo=android12, preferencias=null]
2025-12-17 13:23:25.332 [main] INFO  controlador.GestionaUsuarios - Usuario [id=usr014, username=User014, email=user014@fitdroid.com, plan_activo=ANUAL, dispositivo=android11, preferencias=null]
2025-12-17 13:23:25.332 [main] INFO  controlador.GestionaUsuarios - Usuario [id=usr015, username=User015, email=user015@fitdroid.com, plan_activo=VIP, dispositivo=android13, preferencias=null]
2025-12-17 13:23:25.332 [main] INFO  controlador.GestionaUsuarios - Usuario [id=usr016, username=User016, email=user016@fitdroid.com, plan_activo=FREE, dispositivo=iphone16, preferencias=null]
2025-12-17 13:23:25.332 [main] INFO  controlador.GestionaUsuarios - Usuario [id=usr017, username=User017, email=user017@fitdroid.com, plan_activo=MENSUAL, dispositivo=android13, preferencias=null]
2025-12-17 13:23:25.332 [main] INFO  controlador.GestionaUsuarios - Usuario [id=usr018, username=User018, email=user018@fitdroid.com, plan_activo=TRIMESTRAL, dispositivo=iphone16, preferencias=null]
2025-12-17 13:23:25.332 [main] INFO  controlador.GestionaUsuarios - Usuario [id=usr019, username=User019, email=user019@fitdroid.com, plan_activo=ANUAL, dispositivo=android11, preferencias=null]
2025-12-17 13:23:25.332 [main] INFO  controlador.GestionaUsuarios - Usuario [id=usr020, username=User020, email=user020@fitdroid.com, plan_activo=VIP, dispositivo=iphone17, preferencias=null]
2025-12-17 13:23:25.332 [main] INFO  controlador.GestionaUsuarios - Usuario [id=usr021, username=User021, email=user021@fitdroid.com, plan_activo=FREE, dispositivo=android11, preferencias=null]
2025-12-17 13:23:25.332 [main] INFO  controlador.GestionaUsuarios - Usuario [id=usr022, username=User022, email=user022@fitdroid.com, plan_activo=MENSUAL, dispositivo=iphone17, preferencias=null]
2025-12-17 13:23:25.332 [main] INFO  controlador.GestionaUsuarios - Usuario [id=usr023, username=User023, email=user023@fitdroid.com, plan_activo=MENSUAL, dispositivo=android14, preferencias=null]
2025-12-17 13:23:25.332 [main] INFO  controlador.GestionaUsuarios - Usuario [id=usr024, username=User024, email=user024@fitdroid.com, plan_activo=ANUAL, dispositivo=android13, preferencias=null]
2025-12-17 13:23:25.333 [main] INFO  controlador.GestionaUsuarios - Usuario [id=usr025, username=User025, email=user025@fitdroid.com, plan_activo=VIP, dispositivo=iphone15, preferencias=null]
2025-12-17 13:23:25.333 [main] INFO  controlador.GestionaUsuarios - Usuario [id=usr026, username=User026, email=user026@fitdroid.com, plan_activo=FREE, dispositivo=iphone14, preferencias=null]
2025-12-17 13:23:25.333 [main] INFO  controlador.GestionaUsuarios - Usuario [id=usr027, username=User027, email=user027@fitdroid.com, plan_activo=MENSUAL, dispositivo=iphone17, preferencias=null]
2025-12-17 13:23:25.333 [main] INFO  controlador.GestionaUsuarios - Usuario [id=usr028, username=User028, email=user028@fitdroid.com, plan_activo=TRIMESTRAL, dispositivo=android13, preferencias=null]
2025-12-17 13:23:25.333 [main] INFO  controlador.GestionaUsuarios - Usuario [id=usr029, username=User029, email=user029@fitdroid.com, plan_activo=ANUAL, dispositivo=android14, preferencias=null]
2025-12-17 13:23:25.333 [main] INFO  controlador.GestionaUsuarios - Usuario [id=usr030, username=User030, email=user030@fitdroid.com, plan_activo=VIP, dispositivo=android11, preferencias=null]
2025-12-17 13:23:25.333 [main] INFO  controlador.GestionaUsuarios - Usuario [id=usr031, username=User031, email=user031@fitdroid.com, plan_activo=FREE, dispositivo=iphone15, preferencias=null]
2025-12-17 13:23:25.333 [main] INFO  controlador.GestionaUsuarios - Usuario [id=usr032, username=User032, email=user032@fitdroid.com, plan_activo=MENSUAL, dispositivo=android12, preferencias=null]
2025-12-17 13:23:25.333 [main] INFO  controlador.GestionaUsuarios - Usuario [id=usr033, username=User033, email=user033@fitdroid.com, plan_activo=TRIMESTRAL, dispositivo=android14, preferencias=null]
2025-12-17 13:23:25.333 [main] INFO  controlador.GestionaUsuarios - Usuario [id=usr034, username=User034, email=user034@fitdroid.com, plan_activo=ANUAL, dispositivo=iphone15, preferencias=null]
2025-12-17 13:23:25.333 [main] INFO  controlador.GestionaUsuarios - Usuario [id=usr035, username=User035, email=user035@fitdroid.com, plan_activo=VIP, dispositivo=iphone17, preferencias=null]
2025-12-17 13:23:25.333 [main] INFO  controlador.GestionaUsuarios - Usuario [id=usr036, username=User036, email=user036@fitdroid.com, plan_activo=FREE, dispositivo=android13, preferencias=null]
2025-12-17 13:23:25.334 [main] INFO  controlador.GestionaUsuarios - Usuario [id=usr037, username=User037, email=user037@fitdroid.com, plan_activo=MENSUAL, dispositivo=android13, preferencias=null]
2025-12-17 13:23:25.334 [main] INFO  controlador.GestionaUsuarios - Usuario [id=usr038, username=User038, email=user038@fitdroid.com, plan_activo=TRIMESTRAL, dispositivo=iphone14, preferencias=null]
2025-12-17 13:23:25.334 [main] INFO  controlador.GestionaUsuarios - Usuario [id=usr039, username=User039, email=user039@fitdroid.com, plan_activo=ANUAL, dispositivo=android14, preferencias=null]
2025-12-17 13:23:25.334 [main] INFO  controlador.GestionaUsuarios - Usuario [id=usr040, username=User040, email=user040@fitdroid.com, plan_activo=VIP, dispositivo=android14, preferencias=null]
2025-12-17 13:23:25.360 [main] INFO  controlador.GestionaUsuarios - Usuario [id=usr002, username=User002, email=user002@fitdroid.com, plan_activo=MENSUAL, dispositivo=android11, preferencias=Preferencias [tema_oscuro=false, idioma=ES, notificaciones_push=true, limite_datos_moviles=false]]
2025-12-17 13:23:25.370 [main] INFO  repositorio.UsuarioRepositorio - SELECT email,dispositivo FROM parradomanuel.usuarios where plan_activo=? 
2025-12-17 13:23:25.392 [main] INFO  controlador.GestionaUsuarios - Usuario [id=1513461346, username=134613461436, email=134613461377546, plan_activo=ANUAL, dispositivo=134614364136134, preferencias=null]
2025-12-17 13:23:25.392 [main] INFO  controlador.GestionaUsuarios - Usuario [id=1947, username=12515, email=3457375, plan_activo=ANUAL, dispositivo=34563457, preferencias=null]
2025-12-17 13:23:25.392 [main] INFO  controlador.GestionaUsuarios - Usuario [id=3457347534, username=125124824575, email=247245724724, plan_activo=ANUAL, dispositivo=247272457, preferencias=null]
2025-12-17 13:23:25.392 [main] INFO  controlador.GestionaUsuarios - Usuario [id=asfsfd, username=adsfahga, email=adthdfasdf, plan_activo=ANUAL, dispositivo=adhadt, preferencias=null]
2025-12-17 13:23:25.392 [main] INFO  controlador.GestionaUsuarios - Usuario [id=usr00040, username=usr00040, email=lasjf, plan_activo=ANUAL, dispositivo=android, preferencias=null]
2025-12-17 13:23:25.392 [main] INFO  controlador.GestionaUsuarios - Usuario [id=usr001, username=User001, email=user001@fitdroid.com, plan_activo=MENSUAL, dispositivo=android14, preferencias=null]
2025-12-17 13:23:25.392 [main] INFO  controlador.GestionaUsuarios - Usuario [id=usr002, username=User002, email=user002@fitdroid.com, plan_activo=MENSUAL, dispositivo=android11, preferencias=null]
2025-12-17 13:23:25.392 [main] INFO  controlador.GestionaUsuarios - Usuario [id=usr003, username=User003, email=user003@fitdroid.com, plan_activo=TRIMESTRAL, dispositivo=android12, preferencias=null]
2025-12-17 13:23:25.392 [main] INFO  controlador.GestionaUsuarios - Usuario [id=usr004, username=User004, email=user004@fitdroid.com, plan_activo=ANUAL, dispositivo=iphone16, preferencias=null]
2025-12-17 13:23:25.392 [main] INFO  controlador.GestionaUsuarios - Usuario [id=usr005, username=User005, email=user005@fitdroid.com, plan_activo=MENSUAL, dispositivo=android14, preferencias=null]
2025-12-17 13:23:25.393 [main] INFO  controlador.GestionaUsuarios - Usuario [id=usr006, username=User006, email=user006@fitdroid.com, plan_activo=FREE, dispositivo=android13, preferencias=null]
2025-12-17 13:23:25.393 [main] INFO  controlador.GestionaUsuarios - Usuario [id=usr007, username=User007, email=user007@fitdroid.com, plan_activo=MENSUAL, dispositivo=android11, preferencias=null]
2025-12-17 13:23:25.393 [main] INFO  controlador.GestionaUsuarios - Usuario [id=usr008, username=User008, email=user008@fitdroid.com, plan_activo=TRIMESTRAL, dispositivo=android11, preferencias=null]
2025-12-17 13:23:25.393 [main] INFO  controlador.GestionaUsuarios - Usuario [id=usr009, username=User009, email=user009@fitdroid.com, plan_activo=ANUAL, dispositivo=android12, preferencias=null]
2025-12-17 13:23:25.393 [main] INFO  controlador.GestionaUsuarios - Usuario [id=usr010, username=User010, email=user010@fitdroid.com, plan_activo=VIP, dispositivo=android13, preferencias=null]
2025-12-17 13:23:25.393 [main] INFO  controlador.GestionaUsuarios - Usuario [id=usr011, username=User011, email=user011@fitdroid.com, plan_activo=FREE, dispositivo=android13, preferencias=null]
2025-12-17 13:23:25.393 [main] INFO  controlador.GestionaUsuarios - Usuario [id=usr012, username=User012, email=user012@fitdroid.com, plan_activo=MENSUAL, dispositivo=iphone17, preferencias=null]
2025-12-17 13:23:25.393 [main] INFO  controlador.GestionaUsuarios - Usuario [id=usr013, username=User013, email=user013@fitdroid.com, plan_activo=TRIMESTRAL, dispositivo=android12, preferencias=null]
2025-12-17 13:23:25.393 [main] INFO  controlador.GestionaUsuarios - Usuario [id=usr014, username=User014, email=user014@fitdroid.com, plan_activo=ANUAL, dispositivo=android11, preferencias=null]
2025-12-17 13:23:25.394 [main] INFO  controlador.GestionaUsuarios - Usuario [id=usr015, username=User015, email=user015@fitdroid.com, plan_activo=VIP, dispositivo=android13, preferencias=null]
2025-12-17 13:23:25.394 [main] INFO  controlador.GestionaUsuarios - Usuario [id=usr016, username=User016, email=user016@fitdroid.com, plan_activo=FREE, dispositivo=iphone16, preferencias=null]
2025-12-17 13:23:25.394 [main] INFO  controlador.GestionaUsuarios - Usuario [id=usr017, username=User017, email=user017@fitdroid.com, plan_activo=MENSUAL, dispositivo=android13, preferencias=null]
2025-12-17 13:23:25.394 [main] INFO  controlador.GestionaUsuarios - Usuario [id=usr018, username=User018, email=user018@fitdroid.com, plan_activo=TRIMESTRAL, dispositivo=iphone16, preferencias=null]
2025-12-17 13:23:25.394 [main] INFO  controlador.GestionaUsuarios - Usuario [id=usr019, username=User019, email=user019@fitdroid.com, plan_activo=ANUAL, dispositivo=android11, preferencias=null]
2025-12-17 13:23:25.394 [main] INFO  controlador.GestionaUsuarios - Usuario [id=usr020, username=User020, email=user020@fitdroid.com, plan_activo=VIP, dispositivo=iphone17, preferencias=null]
2025-12-17 13:23:25.394 [main] INFO  controlador.GestionaUsuarios - Usuario [id=usr021, username=User021, email=user021@fitdroid.com, plan_activo=FREE, dispositivo=android11, preferencias=null]
2025-12-17 13:23:25.394 [main] INFO  controlador.GestionaUsuarios - Usuario [id=usr022, username=User022, email=user022@fitdroid.com, plan_activo=MENSUAL, dispositivo=iphone17, preferencias=null]
2025-12-17 13:23:25.394 [main] INFO  controlador.GestionaUsuarios - Usuario [id=usr023, username=User023, email=user023@fitdroid.com, plan_activo=MENSUAL, dispositivo=android14, preferencias=null]
2025-12-17 13:23:25.394 [main] INFO  controlador.GestionaUsuarios - Usuario [id=usr024, username=User024, email=user024@fitdroid.com, plan_activo=ANUAL, dispositivo=android13, preferencias=null]
2025-12-17 13:23:25.394 [main] INFO  controlador.GestionaUsuarios - Usuario [id=usr025, username=User025, email=user025@fitdroid.com, plan_activo=VIP, dispositivo=iphone15, preferencias=null]
2025-12-17 13:23:25.394 [main] INFO  controlador.GestionaUsuarios - Usuario [id=usr026, username=User026, email=user026@fitdroid.com, plan_activo=FREE, dispositivo=iphone14, preferencias=null]
2025-12-17 13:23:25.394 [main] INFO  controlador.GestionaUsuarios - Usuario [id=usr027, username=User027, email=user027@fitdroid.com, plan_activo=MENSUAL, dispositivo=iphone17, preferencias=null]
2025-12-17 13:23:25.394 [main] INFO  controlador.GestionaUsuarios - Usuario [id=usr028, username=User028, email=user028@fitdroid.com, plan_activo=TRIMESTRAL, dispositivo=android13, preferencias=null]
2025-12-17 13:23:25.394 [main] INFO  controlador.GestionaUsuarios - Usuario [id=usr029, username=User029, email=user029@fitdroid.com, plan_activo=ANUAL, dispositivo=android14, preferencias=null]
2025-12-17 13:23:25.394 [main] INFO  controlador.GestionaUsuarios - Usuario [id=usr030, username=User030, email=user030@fitdroid.com, plan_activo=VIP, dispositivo=android11, preferencias=null]
2025-12-17 13:23:25.395 [main] INFO  controlador.GestionaUsuarios - Usuario [id=usr031, username=User031, email=user031@fitdroid.com, plan_activo=FREE, dispositivo=iphone15, preferencias=null]
2025-12-17 13:23:25.395 [main] INFO  controlador.GestionaUsuarios - Usuario [id=usr032, username=User032, email=user032@fitdroid.com, plan_activo=MENSUAL, dispositivo=android12, preferencias=null]
2025-12-17 13:23:25.395 [main] INFO  controlador.GestionaUsuarios - Usuario [id=usr033, username=User033, email=user033@fitdroid.com, plan_activo=TRIMESTRAL, dispositivo=android14, preferencias=null]
2025-12-17 13:23:25.395 [main] INFO  controlador.GestionaUsuarios - Usuario [id=usr034, username=User034, email=user034@fitdroid.com, plan_activo=ANUAL, dispositivo=iphone15, preferencias=null]
2025-12-17 13:23:25.395 [main] INFO  controlador.GestionaUsuarios - Usuario [id=usr035, username=User035, email=user035@fitdroid.com, plan_activo=VIP, dispositivo=iphone17, preferencias=null]
2025-12-17 13:23:25.395 [main] INFO  controlador.GestionaUsuarios - Usuario [id=usr036, username=User036, email=user036@fitdroid.com, plan_activo=FREE, dispositivo=android13, preferencias=null]
2025-12-17 13:23:25.395 [main] INFO  controlador.GestionaUsuarios - Usuario [id=usr037, username=User037, email=user037@fitdroid.com, plan_activo=MENSUAL, dispositivo=android13, preferencias=null]
2025-12-17 13:23:25.395 [main] INFO  controlador.GestionaUsuarios - Usuario [id=usr038, username=User038, email=user038@fitdroid.com, plan_activo=TRIMESTRAL, dispositivo=iphone14, preferencias=null]
2025-12-17 13:23:25.395 [main] INFO  controlador.GestionaUsuarios - Usuario [id=usr039, username=User039, email=user039@fitdroid.com, plan_activo=ANUAL, dispositivo=android14, preferencias=null]
2025-12-17 13:23:25.395 [main] INFO  controlador.GestionaUsuarios - Usuario [id=usr040, username=User040, email=user040@fitdroid.com, plan_activo=VIP, dispositivo=android14, preferencias=null]
2025-12-17 13:28:21.717 [main] INFO  controlador.GestionaUsuarios - Usuario [id=1513461346, username=134613461436, email=134613461377546, plan_activo=ANUAL, dispositivo=134614364136134, preferencias=null]
2025-12-17 13:28:21.720 [main] INFO  controlador.GestionaUsuarios - Usuario [id=1947, username=12515, email=3457375, plan_activo=ANUAL, dispositivo=34563457, preferencias=null]
2025-12-17 13:28:21.720 [main] INFO  controlador.GestionaUsuarios - Usuario [id=3457347534, username=125124824575, email=247245724724, plan_activo=ANUAL, dispositivo=247272457, preferencias=null]
2025-12-17 13:28:21.720 [main] INFO  controlador.GestionaUsuarios - Usuario [id=asfsfd, username=adsfahga, email=adthdfasdf, plan_activo=ANUAL, dispositivo=adhadt, preferencias=null]
2025-12-17 13:28:21.720 [main] INFO  controlador.GestionaUsuarios - Usuario [id=usr00040, username=usr00040, email=lasjf, plan_activo=ANUAL, dispositivo=android, preferencias=null]
2025-12-17 13:28:21.720 [main] INFO  controlador.GestionaUsuarios - Usuario [id=usr001, username=User001, email=user001@fitdroid.com, plan_activo=MENSUAL, dispositivo=android14, preferencias=null]
2025-12-17 13:28:21.720 [main] INFO  controlador.GestionaUsuarios - Usuario [id=usr002, username=User002, email=user002@fitdroid.com, plan_activo=MENSUAL, dispositivo=android11, preferencias=null]
2025-12-17 13:28:21.720 [main] INFO  controlador.GestionaUsuarios - Usuario [id=usr003, username=User003, email=user003@fitdroid.com, plan_activo=TRIMESTRAL, dispositivo=android12, preferencias=null]
2025-12-17 13:28:21.720 [main] INFO  controlador.GestionaUsuarios - Usuario [id=usr004, username=User004, email=user004@fitdroid.com, plan_activo=ANUAL, dispositivo=iphone16, preferencias=null]
2025-12-17 13:28:21.720 [main] INFO  controlador.GestionaUsuarios - Usuario [id=usr005, username=User005, email=user005@fitdroid.com, plan_activo=MENSUAL, dispositivo=android14, preferencias=null]
2025-12-17 13:28:21.721 [main] INFO  controlador.GestionaUsuarios - Usuario [id=usr006, username=User006, email=user006@fitdroid.com, plan_activo=FREE, dispositivo=android13, preferencias=null]
2025-12-17 13:28:21.721 [main] INFO  controlador.GestionaUsuarios - Usuario [id=usr007, username=User007, email=user007@fitdroid.com, plan_activo=MENSUAL, dispositivo=android11, preferencias=null]
2025-12-17 13:28:21.721 [main] INFO  controlador.GestionaUsuarios - Usuario [id=usr008, username=User008, email=user008@fitdroid.com, plan_activo=TRIMESTRAL, dispositivo=android11, preferencias=null]
2025-12-17 13:28:21.721 [main] INFO  controlador.GestionaUsuarios - Usuario [id=usr009, username=User009, email=user009@fitdroid.com, plan_activo=ANUAL, dispositivo=android12, preferencias=null]
2025-12-17 13:28:21.721 [main] INFO  controlador.GestionaUsuarios - Usuario [id=usr010, username=User010, email=user010@fitdroid.com, plan_activo=VIP, dispositivo=android13, preferencias=null]
2025-12-17 13:28:21.721 [main] INFO  controlador.GestionaUsuarios - Usuario [id=usr011, username=User011, email=user011@fitdroid.com, plan_activo=FREE, dispositivo=android13, preferencias=null]
2025-12-17 13:28:21.721 [main] INFO  controlador.GestionaUsuarios - Usuario [id=usr012, username=User012, email=user012@fitdroid.com, plan_activo=MENSUAL, dispositivo=iphone17, preferencias=null]
2025-12-17 13:28:21.721 [main] INFO  controlador.GestionaUsuarios - Usuario [id=usr013, username=User013, email=user013@fitdroid.com, plan_activo=TRIMESTRAL, dispositivo=android12, preferencias=null]
2025-12-17 13:28:21.721 [main] INFO  controlador.GestionaUsuarios - Usuario [id=usr014, username=User014, email=user014@fitdroid.com, plan_activo=ANUAL, dispositivo=android11, preferencias=null]
2025-12-17 13:28:21.722 [main] INFO  controlador.GestionaUsuarios - Usuario [id=usr015, username=User015, email=user015@fitdroid.com, plan_activo=VIP, dispositivo=android13, preferencias=null]
2025-12-17 13:28:21.722 [main] INFO  controlador.GestionaUsuarios - Usuario [id=usr016, username=User016, email=user016@fitdroid.com, plan_activo=FREE, dispositivo=iphone16, preferencias=null]
2025-12-17 13:28:21.722 [main] INFO  controlador.GestionaUsuarios - Usuario [id=usr017, username=User017, email=user017@fitdroid.com, plan_activo=MENSUAL, dispositivo=android13, preferencias=null]
2025-12-17 13:28:21.722 [main] INFO  controlador.GestionaUsuarios - Usuario [id=usr018, username=User018, email=user018@fitdroid.com, plan_activo=TRIMESTRAL, dispositivo=iphone16, preferencias=null]
2025-12-17 13:28:21.722 [main] INFO  controlador.GestionaUsuarios - Usuario [id=usr019, username=User019, email=user019@fitdroid.com, plan_activo=ANUAL, dispositivo=android11, preferencias=null]
2025-12-17 13:28:21.722 [main] INFO  controlador.GestionaUsuarios - Usuario [id=usr020, username=User020, email=user020@fitdroid.com, plan_activo=VIP, dispositivo=iphone17, preferencias=null]
2025-12-17 13:28:21.722 [main] INFO  controlador.GestionaUsuarios - Usuario [id=usr021, username=User021, email=user021@fitdroid.com, plan_activo=FREE, dispositivo=android11, preferencias=null]
2025-12-17 13:28:21.722 [main] INFO  controlador.GestionaUsuarios - Usuario [id=usr022, username=User022, email=user022@fitdroid.com, plan_activo=MENSUAL, dispositivo=iphone17, preferencias=null]
2025-12-17 13:28:21.722 [main] INFO  controlador.GestionaUsuarios - Usuario [id=usr023, username=User023, email=user023@fitdroid.com, plan_activo=MENSUAL, dispositivo=android14, preferencias=null]
2025-12-17 13:28:21.722 [main] INFO  controlador.GestionaUsuarios - Usuario [id=usr024, username=User024, email=user024@fitdroid.com, plan_activo=ANUAL, dispositivo=android13, preferencias=null]
2025-12-17 13:28:21.723 [main] INFO  controlador.GestionaUsuarios - Usuario [id=usr025, username=User025, email=user025@fitdroid.com, plan_activo=VIP, dispositivo=iphone15, preferencias=null]
2025-12-17 13:28:21.723 [main] INFO  controlador.GestionaUsuarios - Usuario [id=usr026, username=User026, email=user026@fitdroid.com, plan_activo=FREE, dispositivo=iphone14, preferencias=null]
2025-12-17 13:28:21.723 [main] INFO  controlador.GestionaUsuarios - Usuario [id=usr027, username=User027, email=user027@fitdroid.com, plan_activo=MENSUAL, dispositivo=iphone17, preferencias=null]
2025-12-17 13:28:21.723 [main] INFO  controlador.GestionaUsuarios - Usuario [id=usr028, username=User028, email=user028@fitdroid.com, plan_activo=TRIMESTRAL, dispositivo=android13, preferencias=null]
2025-12-17 13:28:21.723 [main] INFO  controlador.GestionaUsuarios - Usuario [id=usr029, username=User029, email=user029@fitdroid.com, plan_activo=ANUAL, dispositivo=android14, preferencias=null]
2025-12-17 13:28:21.723 [main] INFO  controlador.GestionaUsuarios - Usuario [id=usr030, username=User030, email=user030@fitdroid.com, plan_activo=VIP, dispositivo=android11, preferencias=null]
2025-12-17 13:28:21.723 [main] INFO  controlador.GestionaUsuarios - Usuario [id=usr031, username=User031, email=user031@fitdroid.com, plan_activo=FREE, dispositivo=iphone15, preferencias=null]
2025-12-17 13:28:21.723 [main] INFO  controlador.GestionaUsuarios - Usuario [id=usr032, username=User032, email=user032@fitdroid.com, plan_activo=MENSUAL, dispositivo=android12, preferencias=null]
2025-12-17 13:28:21.723 [main] INFO  controlador.GestionaUsuarios - Usuario [id=usr033, username=User033, email=user033@fitdroid.com, plan_activo=TRIMESTRAL, dispositivo=android14, preferencias=null]
2025-12-17 13:28:21.723 [main] INFO  controlador.GestionaUsuarios - Usuario [id=usr034, username=User034, email=user034@fitdroid.com, plan_activo=ANUAL, dispositivo=iphone15, preferencias=null]
2025-12-17 13:28:21.723 [main] INFO  controlador.GestionaUsuarios - Usuario [id=usr035, username=User035, email=user035@fitdroid.com, plan_activo=VIP, dispositivo=iphone17, preferencias=null]
2025-12-17 13:28:21.723 [main] INFO  controlador.GestionaUsuarios - Usuario [id=usr036, username=User036, email=user036@fitdroid.com, plan_activo=FREE, dispositivo=android13, preferencias=null]
2025-12-17 13:28:21.724 [main] INFO  controlador.GestionaUsuarios - Usuario [id=usr037, username=User037, email=user037@fitdroid.com, plan_activo=MENSUAL, dispositivo=android13, preferencias=null]
2025-12-17 13:28:21.724 [main] INFO  controlador.GestionaUsuarios - Usuario [id=usr038, username=User038, email=user038@fitdroid.com, plan_activo=TRIMESTRAL, dispositivo=iphone14, preferencias=null]
2025-12-17 13:28:21.724 [main] INFO  controlador.GestionaUsuarios - Usuario [id=usr039, username=User039, email=user039@fitdroid.com, plan_activo=ANUAL, dispositivo=android14, preferencias=null]
2025-12-17 13:28:21.724 [main] INFO  controlador.GestionaUsuarios - Usuario [id=usr040, username=User040, email=user040@fitdroid.com, plan_activo=VIP, dispositivo=android14, preferencias=null]
2025-12-17 13:28:21.748 [main] INFO  controlador.GestionaUsuarios - Usuario [id=usr002, username=User002, email=user002@fitdroid.com, plan_activo=MENSUAL, dispositivo=android11, preferencias=Preferencias [tema_oscuro=false, idioma=ES, notificaciones_push=true, limite_datos_moviles=false]]
2025-12-17 13:28:21.758 [main] INFO  repositorio.UsuarioRepositorio - SELECT email,dispositivo FROM parradomanuel.usuarios where plan_activo=VIP 
2025-12-17 13:28:21.760 [main] INFO  controlador.GestionaUsuarios - Usuario [id=1513461346, username=134613461436, email=134613461377546, plan_activo=ANUAL, dispositivo=134614364136134, preferencias=null]
2025-12-17 13:28:21.760 [main] INFO  controlador.GestionaUsuarios - Usuario [id=1947, username=12515, email=3457375, plan_activo=ANUAL, dispositivo=34563457, preferencias=null]
2025-12-17 13:28:21.760 [main] INFO  controlador.GestionaUsuarios - Usuario [id=3457347534, username=125124824575, email=247245724724, plan_activo=ANUAL, dispositivo=247272457, preferencias=null]
2025-12-17 13:28:21.761 [main] INFO  controlador.GestionaUsuarios - Usuario [id=asfsfd, username=adsfahga, email=adthdfasdf, plan_activo=ANUAL, dispositivo=adhadt, preferencias=null]
2025-12-17 13:28:21.761 [main] INFO  controlador.GestionaUsuarios - Usuario [id=usr00040, username=usr00040, email=lasjf, plan_activo=ANUAL, dispositivo=android, preferencias=null]
2025-12-17 13:28:21.761 [main] INFO  controlador.GestionaUsuarios - Usuario [id=usr001, username=User001, email=user001@fitdroid.com, plan_activo=MENSUAL, dispositivo=android14, preferencias=null]
2025-12-17 13:28:21.761 [main] INFO  controlador.GestionaUsuarios - Usuario [id=usr002, username=User002, email=user002@fitdroid.com, plan_activo=MENSUAL, dispositivo=android11, preferencias=null]
2025-12-17 13:28:21.761 [main] INFO  controlador.GestionaUsuarios - Usuario [id=usr003, username=User003, email=user003@fitdroid.com, plan_activo=TRIMESTRAL, dispositivo=android12, preferencias=null]
2025-12-17 13:28:21.761 [main] INFO  controlador.GestionaUsuarios - Usuario [id=usr004, username=User004, email=user004@fitdroid.com, plan_activo=ANUAL, dispositivo=iphone16, preferencias=null]
2025-12-17 13:28:21.761 [main] INFO  controlador.GestionaUsuarios - Usuario [id=usr005, username=User005, email=user005@fitdroid.com, plan_activo=MENSUAL, dispositivo=android14, preferencias=null]
2025-12-17 13:28:21.761 [main] INFO  controlador.GestionaUsuarios - Usuario [id=usr006, username=User006, email=user006@fitdroid.com, plan_activo=FREE, dispositivo=android13, preferencias=null]
2025-12-17 13:28:21.761 [main] INFO  controlador.GestionaUsuarios - Usuario [id=usr007, username=User007, email=user007@fitdroid.com, plan_activo=MENSUAL, dispositivo=android11, preferencias=null]
2025-12-17 13:28:21.761 [main] INFO  controlador.GestionaUsuarios - Usuario [id=usr008, username=User008, email=user008@fitdroid.com, plan_activo=TRIMESTRAL, dispositivo=android11, preferencias=null]
2025-12-17 13:28:21.761 [main] INFO  controlador.GestionaUsuarios - Usuario [id=usr009, username=User009, email=user009@fitdroid.com, plan_activo=ANUAL, dispositivo=android12, preferencias=null]
2025-12-17 13:28:21.761 [main] INFO  controlador.GestionaUsuarios - Usuario [id=usr010, username=User010, email=user010@fitdroid.com, plan_activo=VIP, dispositivo=android13, preferencias=null]
2025-12-17 13:28:21.762 [main] INFO  controlador.GestionaUsuarios - Usuario [id=usr011, username=User011, email=user011@fitdroid.com, plan_activo=FREE, dispositivo=android13, preferencias=null]
2025-12-17 13:28:21.762 [main] INFO  controlador.GestionaUsuarios - Usuario [id=usr012, username=User012, email=user012@fitdroid.com, plan_activo=MENSUAL, dispositivo=iphone17, preferencias=null]
2025-12-17 13:28:21.762 [main] INFO  controlador.GestionaUsuarios - Usuario [id=usr013, username=User013, email=user013@fitdroid.com, plan_activo=TRIMESTRAL, dispositivo=android12, preferencias=null]
2025-12-17 13:28:21.762 [main] INFO  controlador.GestionaUsuarios - Usuario [id=usr014, username=User014, email=user014@fitdroid.com, plan_activo=ANUAL, dispositivo=android11, preferencias=null]
2025-12-17 13:28:21.762 [main] INFO  controlador.GestionaUsuarios - Usuario [id=usr015, username=User015, email=user015@fitdroid.com, plan_activo=VIP, dispositivo=android13, preferencias=null]
2025-12-17 13:28:21.762 [main] INFO  controlador.GestionaUsuarios - Usuario [id=usr016, username=User016, email=user016@fitdroid.com, plan_activo=FREE, dispositivo=iphone16, preferencias=null]
2025-12-17 13:28:21.762 [main] INFO  controlador.GestionaUsuarios - Usuario [id=usr017, username=User017, email=user017@fitdroid.com, plan_activo=MENSUAL, dispositivo=android13, preferencias=null]
2025-12-17 13:28:21.762 [main] INFO  controlador.GestionaUsuarios - Usuario [id=usr018, username=User018, email=user018@fitdroid.com, plan_activo=TRIMESTRAL, dispositivo=iphone16, preferencias=null]
2025-12-17 13:28:21.762 [main] INFO  controlador.GestionaUsuarios - Usuario [id=usr019, username=User019, email=user019@fitdroid.com, plan_activo=ANUAL, dispositivo=android11, preferencias=null]
2025-12-17 13:28:21.762 [main] INFO  controlador.GestionaUsuarios - Usuario [id=usr020, username=User020, email=user020@fitdroid.com, plan_activo=VIP, dispositivo=iphone17, preferencias=null]
2025-12-17 13:28:21.763 [main] INFO  controlador.GestionaUsuarios - Usuario [id=usr021, username=User021, email=user021@fitdroid.com, plan_activo=FREE, dispositivo=android11, preferencias=null]
2025-12-17 13:28:21.763 [main] INFO  controlador.GestionaUsuarios - Usuario [id=usr022, username=User022, email=user022@fitdroid.com, plan_activo=MENSUAL, dispositivo=iphone17, preferencias=null]
2025-12-17 13:28:21.763 [main] INFO  controlador.GestionaUsuarios - Usuario [id=usr023, username=User023, email=user023@fitdroid.com, plan_activo=MENSUAL, dispositivo=android14, preferencias=null]
2025-12-17 13:28:21.763 [main] INFO  controlador.GestionaUsuarios - Usuario [id=usr024, username=User024, email=user024@fitdroid.com, plan_activo=ANUAL, dispositivo=android13, preferencias=null]
2025-12-17 13:28:21.763 [main] INFO  controlador.GestionaUsuarios - Usuario [id=usr025, username=User025, email=user025@fitdroid.com, plan_activo=VIP, dispositivo=iphone15, preferencias=null]
2025-12-17 13:28:21.763 [main] INFO  controlador.GestionaUsuarios - Usuario [id=usr026, username=User026, email=user026@fitdroid.com, plan_activo=FREE, dispositivo=iphone14, preferencias=null]
2025-12-17 13:28:21.763 [main] INFO  controlador.GestionaUsuarios - Usuario [id=usr027, username=User027, email=user027@fitdroid.com, plan_activo=MENSUAL, dispositivo=iphone17, preferencias=null]
2025-12-17 13:28:21.763 [main] INFO  controlador.GestionaUsuarios - Usuario [id=usr028, username=User028, email=user028@fitdroid.com, plan_activo=TRIMESTRAL, dispositivo=android13, preferencias=null]
2025-12-17 13:28:21.763 [main] INFO  controlador.GestionaUsuarios - Usuario [id=usr029, username=User029, email=user029@fitdroid.com, plan_activo=ANUAL, dispositivo=android14, preferencias=null]
2025-12-17 13:28:21.763 [main] INFO  controlador.GestionaUsuarios - Usuario [id=usr030, username=User030, email=user030@fitdroid.com, plan_activo=VIP, dispositivo=android11, preferencias=null]
2025-12-17 13:28:21.763 [main] INFO  controlador.GestionaUsuarios - Usuario [id=usr031, username=User031, email=user031@fitdroid.com, plan_activo=FREE, dispositivo=iphone15, preferencias=null]
2025-12-17 13:28:21.763 [main] INFO  controlador.GestionaUsuarios - Usuario [id=usr032, username=User032, email=user032@fitdroid.com, plan_activo=MENSUAL, dispositivo=android12, preferencias=null]
2025-12-17 13:28:21.764 [main] INFO  controlador.GestionaUsuarios - Usuario [id=usr033, username=User033, email=user033@fitdroid.com, plan_activo=TRIMESTRAL, dispositivo=android14, preferencias=null]
2025-12-17 13:28:21.764 [main] INFO  controlador.GestionaUsuarios - Usuario [id=usr034, username=User034, email=user034@fitdroid.com, plan_activo=ANUAL, dispositivo=iphone15, preferencias=null]
2025-12-17 13:28:21.764 [main] INFO  controlador.GestionaUsuarios - Usuario [id=usr035, username=User035, email=user035@fitdroid.com, plan_activo=VIP, dispositivo=iphone17, preferencias=null]
2025-12-17 13:28:21.764 [main] INFO  controlador.GestionaUsuarios - Usuario [id=usr036, username=User036, email=user036@fitdroid.com, plan_activo=FREE, dispositivo=android13, preferencias=null]
2025-12-17 13:28:21.764 [main] INFO  controlador.GestionaUsuarios - Usuario [id=usr037, username=User037, email=user037@fitdroid.com, plan_activo=MENSUAL, dispositivo=android13, preferencias=null]
2025-12-17 13:28:21.764 [main] INFO  controlador.GestionaUsuarios - Usuario [id=usr038, username=User038, email=user038@fitdroid.com, plan_activo=TRIMESTRAL, dispositivo=iphone14, preferencias=null]
2025-12-17 13:28:21.764 [main] INFO  controlador.GestionaUsuarios - Usuario [id=usr039, username=User039, email=user039@fitdroid.com, plan_activo=ANUAL, dispositivo=android14, preferencias=null]
2025-12-17 13:28:21.764 [main] INFO  controlador.GestionaUsuarios - Usuario [id=usr040, username=User040, email=user040@fitdroid.com, plan_activo=VIP, dispositivo=android14, preferencias=null]
2025-12-17 13:28:21.792 [main] INFO  controlador.GestionaUsuarios - 0
2025-12-17 13:30:06.902 [main] INFO  controlador.GestionaUsuarios - Usuario [id=1513461346, username=134613461436, email=134613461377546, plan_activo=ANUAL, dispositivo=134614364136134, preferencias=null]
2025-12-17 13:30:06.904 [main] INFO  controlador.GestionaUsuarios - Usuario [id=1947, username=12515, email=3457375, plan_activo=ANUAL, dispositivo=34563457, preferencias=null]
2025-12-17 13:30:06.904 [main] INFO  controlador.GestionaUsuarios - Usuario [id=3457347534, username=125124824575, email=247245724724, plan_activo=ANUAL, dispositivo=247272457, preferencias=null]
2025-12-17 13:30:06.904 [main] INFO  controlador.GestionaUsuarios - Usuario [id=asfsfd, username=adsfahga, email=adthdfasdf, plan_activo=ANUAL, dispositivo=adhadt, preferencias=null]
2025-12-17 13:30:06.904 [main] INFO  controlador.GestionaUsuarios - Usuario [id=usr00040, username=usr00040, email=lasjf, plan_activo=ANUAL, dispositivo=android, preferencias=null]
2025-12-17 13:30:06.904 [main] INFO  controlador.GestionaUsuarios - Usuario [id=usr001, username=User001, email=user001@fitdroid.com, plan_activo=MENSUAL, dispositivo=android14, preferencias=null]
2025-12-17 13:30:06.904 [main] INFO  controlador.GestionaUsuarios - Usuario [id=usr002, username=User002, email=user002@fitdroid.com, plan_activo=MENSUAL, dispositivo=android11, preferencias=null]
2025-12-17 13:30:06.905 [main] INFO  controlador.GestionaUsuarios - Usuario [id=usr003, username=User003, email=user003@fitdroid.com, plan_activo=TRIMESTRAL, dispositivo=android12, preferencias=null]
2025-12-17 13:30:06.905 [main] INFO  controlador.GestionaUsuarios - Usuario [id=usr004, username=User004, email=user004@fitdroid.com, plan_activo=ANUAL, dispositivo=iphone16, preferencias=null]
2025-12-17 13:30:06.905 [main] INFO  controlador.GestionaUsuarios - Usuario [id=usr005, username=User005, email=user005@fitdroid.com, plan_activo=MENSUAL, dispositivo=android14, preferencias=null]
2025-12-17 13:30:06.905 [main] INFO  controlador.GestionaUsuarios - Usuario [id=usr006, username=User006, email=user006@fitdroid.com, plan_activo=FREE, dispositivo=android13, preferencias=null]
2025-12-17 13:30:06.905 [main] INFO  controlador.GestionaUsuarios - Usuario [id=usr007, username=User007, email=user007@fitdroid.com, plan_activo=MENSUAL, dispositivo=android11, preferencias=null]
2025-12-17 13:30:06.905 [main] INFO  controlador.GestionaUsuarios - Usuario [id=usr008, username=User008, email=user008@fitdroid.com, plan_activo=TRIMESTRAL, dispositivo=android11, preferencias=null]
2025-12-17 13:30:06.905 [main] INFO  controlador.GestionaUsuarios - Usuario [id=usr009, username=User009, email=user009@fitdroid.com, plan_activo=ANUAL, dispositivo=android12, preferencias=null]
2025-12-17 13:30:06.905 [main] INFO  controlador.GestionaUsuarios - Usuario [id=usr010, username=User010, email=user010@fitdroid.com, plan_activo=VIP, dispositivo=android13, preferencias=null]
2025-12-17 13:30:06.905 [main] INFO  controlador.GestionaUsuarios - Usuario [id=usr011, username=User011, email=user011@fitdroid.com, plan_activo=FREE, dispositivo=android13, preferencias=null]
2025-12-17 13:30:06.906 [main] INFO  controlador.GestionaUsuarios - Usuario [id=usr012, username=User012, email=user012@fitdroid.com, plan_activo=MENSUAL, dispositivo=iphone17, preferencias=null]
2025-12-17 13:30:06.906 [main] INFO  controlador.GestionaUsuarios - Usuario [id=usr013, username=User013, email=user013@fitdroid.com, plan_activo=TRIMESTRAL, dispositivo=android12, preferencias=null]
2025-12-17 13:30:06.906 [main] INFO  controlador.GestionaUsuarios - Usuario [id=usr014, username=User014, email=user014@fitdroid.com, plan_activo=ANUAL, dispositivo=android11, preferencias=null]
2025-12-17 13:30:06.906 [main] INFO  controlador.GestionaUsuarios - Usuario [id=usr015, username=User015, email=user015@fitdroid.com, plan_activo=VIP, dispositivo=android13, preferencias=null]
2025-12-17 13:30:06.906 [main] INFO  controlador.GestionaUsuarios - Usuario [id=usr016, username=User016, email=user016@fitdroid.com, plan_activo=FREE, dispositivo=iphone16, preferencias=null]
2025-12-17 13:30:06.906 [main] INFO  controlador.GestionaUsuarios - Usuario [id=usr017, username=User017, email=user017@fitdroid.com, plan_activo=MENSUAL, dispositivo=android13, preferencias=null]
2025-12-17 13:30:06.906 [main] INFO  controlador.GestionaUsuarios - Usuario [id=usr018, username=User018, email=user018@fitdroid.com, plan_activo=TRIMESTRAL, dispositivo=iphone16, preferencias=null]
2025-12-17 13:30:06.906 [main] INFO  controlador.GestionaUsuarios - Usuario [id=usr019, username=User019, email=user019@fitdroid.com, plan_activo=ANUAL, dispositivo=android11, preferencias=null]
2025-12-17 13:30:06.906 [main] INFO  controlador.GestionaUsuarios - Usuario [id=usr020, username=User020, email=user020@fitdroid.com, plan_activo=VIP, dispositivo=iphone17, preferencias=null]
2025-12-17 13:30:06.906 [main] INFO  controlador.GestionaUsuarios - Usuario [id=usr021, username=User021, email=user021@fitdroid.com, plan_activo=FREE, dispositivo=android11, preferencias=null]
2025-12-17 13:30:06.906 [main] INFO  controlador.GestionaUsuarios - Usuario [id=usr022, username=User022, email=user022@fitdroid.com, plan_activo=MENSUAL, dispositivo=iphone17, preferencias=null]
2025-12-17 13:30:06.907 [main] INFO  controlador.GestionaUsuarios - Usuario [id=usr023, username=User023, email=user023@fitdroid.com, plan_activo=MENSUAL, dispositivo=android14, preferencias=null]
2025-12-17 13:30:06.907 [main] INFO  controlador.GestionaUsuarios - Usuario [id=usr024, username=User024, email=user024@fitdroid.com, plan_activo=ANUAL, dispositivo=android13, preferencias=null]
2025-12-17 13:30:06.907 [main] INFO  controlador.GestionaUsuarios - Usuario [id=usr025, username=User025, email=user025@fitdroid.com, plan_activo=VIP, dispositivo=iphone15, preferencias=null]
2025-12-17 13:30:06.907 [main] INFO  controlador.GestionaUsuarios - Usuario [id=usr026, username=User026, email=user026@fitdroid.com, plan_activo=FREE, dispositivo=iphone14, preferencias=null]
2025-12-17 13:30:06.907 [main] INFO  controlador.GestionaUsuarios - Usuario [id=usr027, username=User027, email=user027@fitdroid.com, plan_activo=MENSUAL, dispositivo=iphone17, preferencias=null]
2025-12-17 13:30:06.907 [main] INFO  controlador.GestionaUsuarios - Usuario [id=usr028, username=User028, email=user028@fitdroid.com, plan_activo=TRIMESTRAL, dispositivo=android13, preferencias=null]
2025-12-17 13:30:06.907 [main] INFO  controlador.GestionaUsuarios - Usuario [id=usr029, username=User029, email=user029@fitdroid.com, plan_activo=ANUAL, dispositivo=android14, preferencias=null]
2025-12-17 13:30:06.907 [main] INFO  controlador.GestionaUsuarios - Usuario [id=usr030, username=User030, email=user030@fitdroid.com, plan_activo=VIP, dispositivo=android11, preferencias=null]
2025-12-17 13:30:06.907 [main] INFO  controlador.GestionaUsuarios - Usuario [id=usr031, username=User031, email=user031@fitdroid.com, plan_activo=FREE, dispositivo=iphone15, preferencias=null]
2025-12-17 13:30:06.908 [main] INFO  controlador.GestionaUsuarios - Usuario [id=usr032, username=User032, email=user032@fitdroid.com, plan_activo=MENSUAL, dispositivo=android12, preferencias=null]
2025-12-17 13:30:06.908 [main] INFO  controlador.GestionaUsuarios - Usuario [id=usr033, username=User033, email=user033@fitdroid.com, plan_activo=TRIMESTRAL, dispositivo=android14, preferencias=null]
2025-12-17 13:30:06.908 [main] INFO  controlador.GestionaUsuarios - Usuario [id=usr034, username=User034, email=user034@fitdroid.com, plan_activo=ANUAL, dispositivo=iphone15, preferencias=null]
2025-12-17 13:30:06.908 [main] INFO  controlador.GestionaUsuarios - Usuario [id=usr035, username=User035, email=user035@fitdroid.com, plan_activo=VIP, dispositivo=iphone17, preferencias=null]
2025-12-17 13:30:06.908 [main] INFO  controlador.GestionaUsuarios - Usuario [id=usr036, username=User036, email=user036@fitdroid.com, plan_activo=FREE, dispositivo=android13, preferencias=null]
2025-12-17 13:30:06.908 [main] INFO  controlador.GestionaUsuarios - Usuario [id=usr037, username=User037, email=user037@fitdroid.com, plan_activo=MENSUAL, dispositivo=android13, preferencias=null]
2025-12-17 13:30:06.908 [main] INFO  controlador.GestionaUsuarios - Usuario [id=usr038, username=User038, email=user038@fitdroid.com, plan_activo=TRIMESTRAL, dispositivo=iphone14, preferencias=null]
2025-12-17 13:30:06.908 [main] INFO  controlador.GestionaUsuarios - Usuario [id=usr039, username=User039, email=user039@fitdroid.com, plan_activo=ANUAL, dispositivo=android14, preferencias=null]
2025-12-17 13:30:06.908 [main] INFO  controlador.GestionaUsuarios - Usuario [id=usr040, username=User040, email=user040@fitdroid.com, plan_activo=VIP, dispositivo=android14, preferencias=null]
2025-12-17 13:30:06.933 [main] INFO  controlador.GestionaUsuarios - Usuario [id=usr002, username=User002, email=user002@fitdroid.com, plan_activo=MENSUAL, dispositivo=android11, preferencias=Preferencias [tema_oscuro=false, idioma=ES, notificaciones_push=true, limite_datos_moviles=false]]
2025-12-17 13:30:06.943 [main] INFO  repositorio.UsuarioRepositorio - SELECT email,dispositivo FROM parradomanuel.usuarios where plan_activo= ANUAL
2025-12-17 13:30:06.945 [main] INFO  controlador.GestionaUsuarios - Usuario [id=1513461346, username=134613461436, email=134613461377546, plan_activo=ANUAL, dispositivo=134614364136134, preferencias=null]
2025-12-17 13:30:06.946 [main] INFO  controlador.GestionaUsuarios - Usuario [id=1947, username=12515, email=3457375, plan_activo=ANUAL, dispositivo=34563457, preferencias=null]
2025-12-17 13:30:06.946 [main] INFO  controlador.GestionaUsuarios - Usuario [id=3457347534, username=125124824575, email=247245724724, plan_activo=ANUAL, dispositivo=247272457, preferencias=null]
2025-12-17 13:30:06.946 [main] INFO  controlador.GestionaUsuarios - Usuario [id=asfsfd, username=adsfahga, email=adthdfasdf, plan_activo=ANUAL, dispositivo=adhadt, preferencias=null]
2025-12-17 13:30:06.946 [main] INFO  controlador.GestionaUsuarios - Usuario [id=usr00040, username=usr00040, email=lasjf, plan_activo=ANUAL, dispositivo=android, preferencias=null]
2025-12-17 13:30:06.946 [main] INFO  controlador.GestionaUsuarios - Usuario [id=usr001, username=User001, email=user001@fitdroid.com, plan_activo=MENSUAL, dispositivo=android14, preferencias=null]
2025-12-17 13:30:06.946 [main] INFO  controlador.GestionaUsuarios - Usuario [id=usr002, username=User002, email=user002@fitdroid.com, plan_activo=MENSUAL, dispositivo=android11, preferencias=null]
2025-12-17 13:30:06.946 [main] INFO  controlador.GestionaUsuarios - Usuario [id=usr003, username=User003, email=user003@fitdroid.com, plan_activo=TRIMESTRAL, dispositivo=android12, preferencias=null]
2025-12-17 13:30:06.946 [main] INFO  controlador.GestionaUsuarios - Usuario [id=usr004, username=User004, email=user004@fitdroid.com, plan_activo=ANUAL, dispositivo=iphone16, preferencias=null]
2025-12-17 13:30:06.946 [main] INFO  controlador.GestionaUsuarios - Usuario [id=usr005, username=User005, email=user005@fitdroid.com, plan_activo=MENSUAL, dispositivo=android14, preferencias=null]
2025-12-17 13:30:06.946 [main] INFO  controlador.GestionaUsuarios - Usuario [id=usr006, username=User006, email=user006@fitdroid.com, plan_activo=FREE, dispositivo=android13, preferencias=null]
2025-12-17 13:30:06.946 [main] INFO  controlador.GestionaUsuarios - Usuario [id=usr007, username=User007, email=user007@fitdroid.com, plan_activo=MENSUAL, dispositivo=android11, preferencias=null]
2025-12-17 13:30:06.947 [main] INFO  controlador.GestionaUsuarios - Usuario [id=usr008, username=User008, email=user008@fitdroid.com, plan_activo=TRIMESTRAL, dispositivo=android11, preferencias=null]
2025-12-17 13:30:06.947 [main] INFO  controlador.GestionaUsuarios - Usuario [id=usr009, username=User009, email=user009@fitdroid.com, plan_activo=ANUAL, dispositivo=android12, preferencias=null]
2025-12-17 13:30:06.947 [main] INFO  controlador.GestionaUsuarios - Usuario [id=usr010, username=User010, email=user010@fitdroid.com, plan_activo=VIP, dispositivo=android13, preferencias=null]
2025-12-17 13:30:06.947 [main] INFO  controlador.GestionaUsuarios - Usuario [id=usr011, username=User011, email=user011@fitdroid.com, plan_activo=FREE, dispositivo=android13, preferencias=null]
2025-12-17 13:30:06.947 [main] INFO  controlador.GestionaUsuarios - Usuario [id=usr012, username=User012, email=user012@fitdroid.com, plan_activo=MENSUAL, dispositivo=iphone17, preferencias=null]
2025-12-17 13:30:06.947 [main] INFO  controlador.GestionaUsuarios - Usuario [id=usr013, username=User013, email=user013@fitdroid.com, plan_activo=TRIMESTRAL, dispositivo=android12, preferencias=null]
2025-12-17 13:30:06.947 [main] INFO  controlador.GestionaUsuarios - Usuario [id=usr014, username=User014, email=user014@fitdroid.com, plan_activo=ANUAL, dispositivo=android11, preferencias=null]
2025-12-17 13:30:06.947 [main] INFO  controlador.GestionaUsuarios - Usuario [id=usr015, username=User015, email=user015@fitdroid.com, plan_activo=VIP, dispositivo=android13, preferencias=null]
2025-12-17 13:30:06.947 [main] INFO  controlador.GestionaUsuarios - Usuario [id=usr016, username=User016, email=user016@fitdroid.com, plan_activo=FREE, dispositivo=iphone16, preferencias=null]
2025-12-17 13:30:06.948 [main] INFO  controlador.GestionaUsuarios - Usuario [id=usr017, username=User017, email=user017@fitdroid.com, plan_activo=MENSUAL, dispositivo=android13, preferencias=null]
2025-12-17 13:30:06.948 [main] INFO  controlador.GestionaUsuarios - Usuario [id=usr018, username=User018, email=user018@fitdroid.com, plan_activo=TRIMESTRAL, dispositivo=iphone16, preferencias=null]
2025-12-17 13:30:06.948 [main] INFO  controlador.GestionaUsuarios - Usuario [id=usr019, username=User019, email=user019@fitdroid.com, plan_activo=ANUAL, dispositivo=android11, preferencias=null]
2025-12-17 13:30:06.948 [main] INFO  controlador.GestionaUsuarios - Usuario [id=usr020, username=User020, email=user020@fitdroid.com, plan_activo=VIP, dispositivo=iphone17, preferencias=null]
2025-12-17 13:30:06.948 [main] INFO  controlador.GestionaUsuarios - Usuario [id=usr021, username=User021, email=user021@fitdroid.com, plan_activo=FREE, dispositivo=android11, preferencias=null]
2025-12-17 13:30:06.948 [main] INFO  controlador.GestionaUsuarios - Usuario [id=usr022, username=User022, email=user022@fitdroid.com, plan_activo=MENSUAL, dispositivo=iphone17, preferencias=null]
2025-12-17 13:30:06.948 [main] INFO  controlador.GestionaUsuarios - Usuario [id=usr023, username=User023, email=user023@fitdroid.com, plan_activo=MENSUAL, dispositivo=android14, preferencias=null]
2025-12-17 13:30:06.948 [main] INFO  controlador.GestionaUsuarios - Usuario [id=usr024, username=User024, email=user024@fitdroid.com, plan_activo=ANUAL, dispositivo=android13, preferencias=null]
2025-12-17 13:30:06.948 [main] INFO  controlador.GestionaUsuarios - Usuario [id=usr025, username=User025, email=user025@fitdroid.com, plan_activo=VIP, dispositivo=iphone15, preferencias=null]
2025-12-17 13:30:06.948 [main] INFO  controlador.GestionaUsuarios - Usuario [id=usr026, username=User026, email=user026@fitdroid.com, plan_activo=FREE, dispositivo=iphone14, preferencias=null]
2025-12-17 13:30:06.948 [main] INFO  controlador.GestionaUsuarios - Usuario [id=usr027, username=User027, email=user027@fitdroid.com, plan_activo=MENSUAL, dispositivo=iphone17, preferencias=null]
2025-12-17 13:30:06.948 [main] INFO  controlador.GestionaUsuarios - Usuario [id=usr028, username=User028, email=user028@fitdroid.com, plan_activo=TRIMESTRAL, dispositivo=android13, preferencias=null]
2025-12-17 13:30:06.948 [main] INFO  controlador.GestionaUsuarios - Usuario [id=usr029, username=User029, email=user029@fitdroid.com, plan_activo=ANUAL, dispositivo=android14, preferencias=null]
2025-12-17 13:30:06.949 [main] INFO  controlador.GestionaUsuarios - Usuario [id=usr030, username=User030, email=user030@fitdroid.com, plan_activo=VIP, dispositivo=android11, preferencias=null]
2025-12-17 13:30:06.949 [main] INFO  controlador.GestionaUsuarios - Usuario [id=usr031, username=User031, email=user031@fitdroid.com, plan_activo=FREE, dispositivo=iphone15, preferencias=null]
2025-12-17 13:30:06.949 [main] INFO  controlador.GestionaUsuarios - Usuario [id=usr032, username=User032, email=user032@fitdroid.com, plan_activo=MENSUAL, dispositivo=android12, preferencias=null]
2025-12-17 13:30:06.949 [main] INFO  controlador.GestionaUsuarios - Usuario [id=usr033, username=User033, email=user033@fitdroid.com, plan_activo=TRIMESTRAL, dispositivo=android14, preferencias=null]
2025-12-17 13:30:06.949 [main] INFO  controlador.GestionaUsuarios - Usuario [id=usr034, username=User034, email=user034@fitdroid.com, plan_activo=ANUAL, dispositivo=iphone15, preferencias=null]
2025-12-17 13:30:06.949 [main] INFO  controlador.GestionaUsuarios - Usuario [id=usr035, username=User035, email=user035@fitdroid.com, plan_activo=VIP, dispositivo=iphone17, preferencias=null]
2025-12-17 13:30:06.949 [main] INFO  controlador.GestionaUsuarios - Usuario [id=usr036, username=User036, email=user036@fitdroid.com, plan_activo=FREE, dispositivo=android13, preferencias=null]
2025-12-17 13:30:06.949 [main] INFO  controlador.GestionaUsuarios - Usuario [id=usr037, username=User037, email=user037@fitdroid.com, plan_activo=MENSUAL, dispositivo=android13, preferencias=null]
2025-12-17 13:30:06.949 [main] INFO  controlador.GestionaUsuarios - Usuario [id=usr038, username=User038, email=user038@fitdroid.com, plan_activo=TRIMESTRAL, dispositivo=iphone14, preferencias=null]
2025-12-17 13:30:06.949 [main] INFO  controlador.GestionaUsuarios - Usuario [id=usr039, username=User039, email=user039@fitdroid.com, plan_activo=ANUAL, dispositivo=android14, preferencias=null]
2025-12-17 13:30:06.949 [main] INFO  controlador.GestionaUsuarios - Usuario [id=usr040, username=User040, email=user040@fitdroid.com, plan_activo=VIP, dispositivo=android14, preferencias=null]
2025-12-17 13:30:06.979 [main] INFO  controlador.GestionaUsuarios - 0
2025-12-17 13:43:50.598 [main] INFO  controlador.GestionaUsuarios - Usuario [id=1513461346, username=134613461436, email=134613461377546, plan_activo=ANUAL, dispositivo=134614364136134, preferencias=null]
2025-12-17 13:43:50.601 [main] INFO  controlador.GestionaUsuarios - Usuario [id=1947, username=12515, email=3457375, plan_activo=ANUAL, dispositivo=34563457, preferencias=null]
2025-12-17 13:43:50.601 [main] INFO  controlador.GestionaUsuarios - Usuario [id=3457347534, username=125124824575, email=247245724724, plan_activo=ANUAL, dispositivo=247272457, preferencias=null]
2025-12-17 13:43:50.601 [main] INFO  controlador.GestionaUsuarios - Usuario [id=asfsfd, username=adsfahga, email=adthdfasdf, plan_activo=ANUAL, dispositivo=adhadt, preferencias=null]
2025-12-17 13:43:50.601 [main] INFO  controlador.GestionaUsuarios - Usuario [id=usr00040, username=usr00040, email=lasjf, plan_activo=ANUAL, dispositivo=android, preferencias=null]
2025-12-17 13:43:50.601 [main] INFO  controlador.GestionaUsuarios - Usuario [id=usr001, username=User001, email=user001@fitdroid.com, plan_activo=MENSUAL, dispositivo=android14, preferencias=null]
2025-12-17 13:43:50.602 [main] INFO  controlador.GestionaUsuarios - Usuario [id=usr002, username=User002, email=user002@fitdroid.com, plan_activo=MENSUAL, dispositivo=android11, preferencias=null]
2025-12-17 13:43:50.602 [main] INFO  controlador.GestionaUsuarios - Usuario [id=usr003, username=User003, email=user003@fitdroid.com, plan_activo=TRIMESTRAL, dispositivo=android12, preferencias=null]
2025-12-17 13:43:50.602 [main] INFO  controlador.GestionaUsuarios - Usuario [id=usr004, username=User004, email=user004@fitdroid.com, plan_activo=ANUAL, dispositivo=iphone16, preferencias=null]
2025-12-17 13:43:50.602 [main] INFO  controlador.GestionaUsuarios - Usuario [id=usr005, username=User005, email=user005@fitdroid.com, plan_activo=MENSUAL, dispositivo=android14, preferencias=null]
2025-12-17 13:43:50.602 [main] INFO  controlador.GestionaUsuarios - Usuario [id=usr006, username=User006, email=user006@fitdroid.com, plan_activo=FREE, dispositivo=android13, preferencias=null]
2025-12-17 13:43:50.602 [main] INFO  controlador.GestionaUsuarios - Usuario [id=usr007, username=User007, email=user007@fitdroid.com, plan_activo=MENSUAL, dispositivo=android11, preferencias=null]
2025-12-17 13:43:50.602 [main] INFO  controlador.GestionaUsuarios - Usuario [id=usr008, username=User008, email=user008@fitdroid.com, plan_activo=TRIMESTRAL, dispositivo=android11, preferencias=null]
2025-12-17 13:43:50.603 [main] INFO  controlador.GestionaUsuarios - Usuario [id=usr009, username=User009, email=user009@fitdroid.com, plan_activo=ANUAL, dispositivo=android12, preferencias=null]
2025-12-17 13:43:50.603 [main] INFO  controlador.GestionaUsuarios - Usuario [id=usr010, username=User010, email=user010@fitdroid.com, plan_activo=VIP, dispositivo=android13, preferencias=null]
2025-12-17 13:43:50.603 [main] INFO  controlador.GestionaUsuarios - Usuario [id=usr011, username=User011, email=user011@fitdroid.com, plan_activo=FREE, dispositivo=android13, preferencias=null]
2025-12-17 13:43:50.603 [main] INFO  controlador.GestionaUsuarios - Usuario [id=usr012, username=User012, email=user012@fitdroid.com, plan_activo=MENSUAL, dispositivo=iphone17, preferencias=null]
2025-12-17 13:43:50.603 [main] INFO  controlador.GestionaUsuarios - Usuario [id=usr013, username=User013, email=user013@fitdroid.com, plan_activo=TRIMESTRAL, dispositivo=android12, preferencias=null]
2025-12-17 13:43:50.603 [main] INFO  controlador.GestionaUsuarios - Usuario [id=usr014, username=User014, email=user014@fitdroid.com, plan_activo=ANUAL, dispositivo=android11, preferencias=null]
2025-12-17 13:43:50.603 [main] INFO  controlador.GestionaUsuarios - Usuario [id=usr015, username=User015, email=user015@fitdroid.com, plan_activo=VIP, dispositivo=android13, preferencias=null]
2025-12-17 13:43:50.603 [main] INFO  controlador.GestionaUsuarios - Usuario [id=usr016, username=User016, email=user016@fitdroid.com, plan_activo=FREE, dispositivo=iphone16, preferencias=null]
2025-12-17 13:43:50.603 [main] INFO  controlador.GestionaUsuarios - Usuario [id=usr017, username=User017, email=user017@fitdroid.com, plan_activo=MENSUAL, dispositivo=android13, preferencias=null]
2025-12-17 13:43:50.603 [main] INFO  controlador.GestionaUsuarios - Usuario [id=usr018, username=User018, email=user018@fitdroid.com, plan_activo=TRIMESTRAL, dispositivo=iphone16, preferencias=null]
2025-12-17 13:43:50.604 [main] INFO  controlador.GestionaUsuarios - Usuario [id=usr019, username=User019, email=user019@fitdroid.com, plan_activo=ANUAL, dispositivo=android11, preferencias=null]
2025-12-17 13:43:50.604 [main] INFO  controlador.GestionaUsuarios - Usuario [id=usr020, username=User020, email=user020@fitdroid.com, plan_activo=VIP, dispositivo=iphone17, preferencias=null]
2025-12-17 13:43:50.604 [main] INFO  controlador.GestionaUsuarios - Usuario [id=usr021, username=User021, email=user021@fitdroid.com, plan_activo=FREE, dispositivo=android11, preferencias=null]
2025-12-17 13:43:50.604 [main] INFO  controlador.GestionaUsuarios - Usuario [id=usr022, username=User022, email=user022@fitdroid.com, plan_activo=MENSUAL, dispositivo=iphone17, preferencias=null]
2025-12-17 13:43:50.604 [main] INFO  controlador.GestionaUsuarios - Usuario [id=usr023, username=User023, email=user023@fitdroid.com, plan_activo=MENSUAL, dispositivo=android14, preferencias=null]
2025-12-17 13:43:50.604 [main] INFO  controlador.GestionaUsuarios - Usuario [id=usr024, username=User024, email=user024@fitdroid.com, plan_activo=ANUAL, dispositivo=android13, preferencias=null]
2025-12-17 13:43:50.604 [main] INFO  controlador.GestionaUsuarios - Usuario [id=usr025, username=User025, email=user025@fitdroid.com, plan_activo=VIP, dispositivo=iphone15, preferencias=null]
2025-12-17 13:43:50.604 [main] INFO  controlador.GestionaUsuarios - Usuario [id=usr026, username=User026, email=user026@fitdroid.com, plan_activo=FREE, dispositivo=iphone14, preferencias=null]
2025-12-17 13:43:50.604 [main] INFO  controlador.GestionaUsuarios - Usuario [id=usr027, username=User027, email=user027@fitdroid.com, plan_activo=MENSUAL, dispositivo=iphone17, preferencias=null]
2025-12-17 13:43:50.604 [main] INFO  controlador.GestionaUsuarios - Usuario [id=usr028, username=User028, email=user028@fitdroid.com, plan_activo=TRIMESTRAL, dispositivo=android13, preferencias=null]
2025-12-17 13:43:50.605 [main] INFO  controlador.GestionaUsuarios - Usuario [id=usr029, username=User029, email=user029@fitdroid.com, plan_activo=ANUAL, dispositivo=android14, preferencias=null]
2025-12-17 13:43:50.605 [main] INFO  controlador.GestionaUsuarios - Usuario [id=usr030, username=User030, email=user030@fitdroid.com, plan_activo=VIP, dispositivo=android11, preferencias=null]
2025-12-17 13:43:50.605 [main] INFO  controlador.GestionaUsuarios - Usuario [id=usr031, username=User031, email=user031@fitdroid.com, plan_activo=FREE, dispositivo=iphone15, preferencias=null]
2025-12-17 13:43:50.605 [main] INFO  controlador.GestionaUsuarios - Usuario [id=usr032, username=User032, email=user032@fitdroid.com, plan_activo=MENSUAL, dispositivo=android12, preferencias=null]
2025-12-17 13:43:50.605 [main] INFO  controlador.GestionaUsuarios - Usuario [id=usr033, username=User033, email=user033@fitdroid.com, plan_activo=TRIMESTRAL, dispositivo=android14, preferencias=null]
2025-12-17 13:43:50.605 [main] INFO  controlador.GestionaUsuarios - Usuario [id=usr034, username=User034, email=user034@fitdroid.com, plan_activo=ANUAL, dispositivo=iphone15, preferencias=null]
2025-12-17 13:43:50.605 [main] INFO  controlador.GestionaUsuarios - Usuario [id=usr035, username=User035, email=user035@fitdroid.com, plan_activo=VIP, dispositivo=iphone17, preferencias=null]
2025-12-17 13:43:50.605 [main] INFO  controlador.GestionaUsuarios - Usuario [id=usr036, username=User036, email=user036@fitdroid.com, plan_activo=FREE, dispositivo=android13, preferencias=null]
2025-12-17 13:43:50.606 [main] INFO  controlador.GestionaUsuarios - Usuario [id=usr037, username=User037, email=user037@fitdroid.com, plan_activo=MENSUAL, dispositivo=android13, preferencias=null]
2025-12-17 13:43:50.606 [main] INFO  controlador.GestionaUsuarios - Usuario [id=usr038, username=User038, email=user038@fitdroid.com, plan_activo=TRIMESTRAL, dispositivo=iphone14, preferencias=null]
2025-12-17 13:43:50.607 [main] INFO  controlador.GestionaUsuarios - Usuario [id=usr039, username=User039, email=user039@fitdroid.com, plan_activo=ANUAL, dispositivo=android14, preferencias=null]
2025-12-17 13:43:50.607 [main] INFO  controlador.GestionaUsuarios - Usuario [id=usr040, username=User040, email=user040@fitdroid.com, plan_activo=VIP, dispositivo=android14, preferencias=null]
2025-12-17 13:43:50.646 [main] INFO  controlador.GestionaUsuarios - Usuario [id=usr002, username=User002, email=user002@fitdroid.com, plan_activo=MENSUAL, dispositivo=android11, preferencias=Preferencias [tema_oscuro=false, idioma=ES, notificaciones_push=true, limite_datos_moviles=false]]
2025-12-17 13:43:50.661 [main] INFO  repositorio.UsuarioRepositorio - SELECT email,dispositivo FROM parradomanuel.usuarios where plan_activo= ANUAL
2025-12-17 13:43:50.666 [main] INFO  controlador.GestionaUsuarios - Usuario [id=1513461346, username=134613461436, email=134613461377546, plan_activo=ANUAL, dispositivo=134614364136134, preferencias=null]
2025-12-17 13:43:50.666 [main] INFO  controlador.GestionaUsuarios - Usuario [id=1947, username=12515, email=3457375, plan_activo=ANUAL, dispositivo=34563457, preferencias=null]
2025-12-17 13:43:50.666 [main] INFO  controlador.GestionaUsuarios - Usuario [id=3457347534, username=125124824575, email=247245724724, plan_activo=ANUAL, dispositivo=247272457, preferencias=null]
2025-12-17 13:43:50.666 [main] INFO  controlador.GestionaUsuarios - Usuario [id=asfsfd, username=adsfahga, email=adthdfasdf, plan_activo=ANUAL, dispositivo=adhadt, preferencias=null]
2025-12-17 13:43:50.666 [main] INFO  controlador.GestionaUsuarios - Usuario [id=usr00040, username=usr00040, email=lasjf, plan_activo=ANUAL, dispositivo=android, preferencias=null]
2025-12-17 13:43:50.666 [main] INFO  controlador.GestionaUsuarios - Usuario [id=usr001, username=User001, email=user001@fitdroid.com, plan_activo=MENSUAL, dispositivo=android14, preferencias=null]
2025-12-17 13:43:50.667 [main] INFO  controlador.GestionaUsuarios - Usuario [id=usr002, username=User002, email=user002@fitdroid.com, plan_activo=MENSUAL, dispositivo=android11, preferencias=null]
2025-12-17 13:43:50.667 [main] INFO  controlador.GestionaUsuarios - Usuario [id=usr003, username=User003, email=user003@fitdroid.com, plan_activo=TRIMESTRAL, dispositivo=android12, preferencias=null]
2025-12-17 13:43:50.667 [main] INFO  controlador.GestionaUsuarios - Usuario [id=usr004, username=User004, email=user004@fitdroid.com, plan_activo=ANUAL, dispositivo=iphone16, preferencias=null]
2025-12-17 13:43:50.667 [main] INFO  controlador.GestionaUsuarios - Usuario [id=usr005, username=User005, email=user005@fitdroid.com, plan_activo=MENSUAL, dispositivo=android14, preferencias=null]
2025-12-17 13:43:50.667 [main] INFO  controlador.GestionaUsuarios - Usuario [id=usr006, username=User006, email=user006@fitdroid.com, plan_activo=FREE, dispositivo=android13, preferencias=null]
2025-12-17 13:43:50.667 [main] INFO  controlador.GestionaUsuarios - Usuario [id=usr007, username=User007, email=user007@fitdroid.com, plan_activo=MENSUAL, dispositivo=android11, preferencias=null]
2025-12-17 13:43:50.667 [main] INFO  controlador.GestionaUsuarios - Usuario [id=usr008, username=User008, email=user008@fitdroid.com, plan_activo=TRIMESTRAL, dispositivo=android11, preferencias=null]
2025-12-17 13:43:50.667 [main] INFO  controlador.GestionaUsuarios - Usuario [id=usr009, username=User009, email=user009@fitdroid.com, plan_activo=ANUAL, dispositivo=android12, preferencias=null]
2025-12-17 13:43:50.668 [main] INFO  controlador.GestionaUsuarios - Usuario [id=usr010, username=User010, email=user010@fitdroid.com, plan_activo=VIP, dispositivo=android13, preferencias=null]
2025-12-17 13:43:50.668 [main] INFO  controlador.GestionaUsuarios - Usuario [id=usr011, username=User011, email=user011@fitdroid.com, plan_activo=FREE, dispositivo=android13, preferencias=null]
2025-12-17 13:43:50.668 [main] INFO  controlador.GestionaUsuarios - Usuario [id=usr012, username=User012, email=user012@fitdroid.com, plan_activo=MENSUAL, dispositivo=iphone17, preferencias=null]
2025-12-17 13:43:50.669 [main] INFO  controlador.GestionaUsuarios - Usuario [id=usr013, username=User013, email=user013@fitdroid.com, plan_activo=TRIMESTRAL, dispositivo=android12, preferencias=null]
2025-12-17 13:43:50.669 [main] INFO  controlador.GestionaUsuarios - Usuario [id=usr014, username=User014, email=user014@fitdroid.com, plan_activo=ANUAL, dispositivo=android11, preferencias=null]
2025-12-17 13:43:50.669 [main] INFO  controlador.GestionaUsuarios - Usuario [id=usr015, username=User015, email=user015@fitdroid.com, plan_activo=VIP, dispositivo=android13, preferencias=null]
2025-12-17 13:43:50.669 [main] INFO  controlador.GestionaUsuarios - Usuario [id=usr016, username=User016, email=user016@fitdroid.com, plan_activo=FREE, dispositivo=iphone16, preferencias=null]
2025-12-17 13:43:50.669 [main] INFO  controlador.GestionaUsuarios - Usuario [id=usr017, username=User017, email=user017@fitdroid.com, plan_activo=MENSUAL, dispositivo=android13, preferencias=null]
2025-12-17 13:43:50.669 [main] INFO  controlador.GestionaUsuarios - Usuario [id=usr018, username=User018, email=user018@fitdroid.com, plan_activo=TRIMESTRAL, dispositivo=iphone16, preferencias=null]
2025-12-17 13:43:50.669 [main] INFO  controlador.GestionaUsuarios - Usuario [id=usr019, username=User019, email=user019@fitdroid.com, plan_activo=ANUAL, dispositivo=android11, preferencias=null]
2025-12-17 13:43:50.669 [main] INFO  controlador.GestionaUsuarios - Usuario [id=usr020, username=User020, email=user020@fitdroid.com, plan_activo=VIP, dispositivo=iphone17, preferencias=null]
2025-12-17 13:43:50.669 [main] INFO  controlador.GestionaUsuarios - Usuario [id=usr021, username=User021, email=user021@fitdroid.com, plan_activo=FREE, dispositivo=android11, preferencias=null]
2025-12-17 13:43:50.669 [main] INFO  controlador.GestionaUsuarios - Usuario [id=usr022, username=User022, email=user022@fitdroid.com, plan_activo=MENSUAL, dispositivo=iphone17, preferencias=null]
2025-12-17 13:43:50.670 [main] INFO  controlador.GestionaUsuarios - Usuario [id=usr023, username=User023, email=user023@fitdroid.com, plan_activo=MENSUAL, dispositivo=android14, preferencias=null]
2025-12-17 13:43:50.670 [main] INFO  controlador.GestionaUsuarios - Usuario [id=usr024, username=User024, email=user024@fitdroid.com, plan_activo=ANUAL, dispositivo=android13, preferencias=null]
2025-12-17 13:43:50.670 [main] INFO  controlador.GestionaUsuarios - Usuario [id=usr025, username=User025, email=user025@fitdroid.com, plan_activo=VIP, dispositivo=iphone15, preferencias=null]
2025-12-17 13:43:50.670 [main] INFO  controlador.GestionaUsuarios - Usuario [id=usr026, username=User026, email=user026@fitdroid.com, plan_activo=FREE, dispositivo=iphone14, preferencias=null]
2025-12-17 13:43:50.670 [main] INFO  controlador.GestionaUsuarios - Usuario [id=usr027, username=User027, email=user027@fitdroid.com, plan_activo=MENSUAL, dispositivo=iphone17, preferencias=null]
2025-12-17 13:43:50.670 [main] INFO  controlador.GestionaUsuarios - Usuario [id=usr028, username=User028, email=user028@fitdroid.com, plan_activo=TRIMESTRAL, dispositivo=android13, preferencias=null]
2025-12-17 13:43:50.670 [main] INFO  controlador.GestionaUsuarios - Usuario [id=usr029, username=User029, email=user029@fitdroid.com, plan_activo=ANUAL, dispositivo=android14, preferencias=null]
2025-12-17 13:43:50.670 [main] INFO  controlador.GestionaUsuarios - Usuario [id=usr030, username=User030, email=user030@fitdroid.com, plan_activo=VIP, dispositivo=android11, preferencias=null]
2025-12-17 13:43:50.670 [main] INFO  controlador.GestionaUsuarios - Usuario [id=usr031, username=User031, email=user031@fitdroid.com, plan_activo=FREE, dispositivo=iphone15, preferencias=null]
2025-12-17 13:43:50.671 [main] INFO  controlador.GestionaUsuarios - Usuario [id=usr032, username=User032, email=user032@fitdroid.com, plan_activo=MENSUAL, dispositivo=android12, preferencias=null]
2025-12-17 13:43:50.671 [main] INFO  controlador.GestionaUsuarios - Usuario [id=usr033, username=User033, email=user033@fitdroid.com, plan_activo=TRIMESTRAL, dispositivo=android14, preferencias=null]
2025-12-17 13:43:50.671 [main] INFO  controlador.GestionaUsuarios - Usuario [id=usr034, username=User034, email=user034@fitdroid.com, plan_activo=ANUAL, dispositivo=iphone15, preferencias=null]
2025-12-17 13:43:50.671 [main] INFO  controlador.GestionaUsuarios - Usuario [id=usr035, username=User035, email=user035@fitdroid.com, plan_activo=VIP, dispositivo=iphone17, preferencias=null]
2025-12-17 13:43:50.671 [main] INFO  controlador.GestionaUsuarios - Usuario [id=usr036, username=User036, email=user036@fitdroid.com, plan_activo=FREE, dispositivo=android13, preferencias=null]
2025-12-17 13:43:50.671 [main] INFO  controlador.GestionaUsuarios - Usuario [id=usr037, username=User037, email=user037@fitdroid.com, plan_activo=MENSUAL, dispositivo=android13, preferencias=null]
2025-12-17 13:43:50.672 [main] INFO  controlador.GestionaUsuarios - Usuario [id=usr038, username=User038, email=user038@fitdroid.com, plan_activo=TRIMESTRAL, dispositivo=iphone14, preferencias=null]
2025-12-17 13:43:50.672 [main] INFO  controlador.GestionaUsuarios - Usuario [id=usr039, username=User039, email=user039@fitdroid.com, plan_activo=ANUAL, dispositivo=android14, preferencias=null]
2025-12-17 13:43:50.672 [main] INFO  controlador.GestionaUsuarios - Usuario [id=usr040, username=User040, email=user040@fitdroid.com, plan_activo=VIP, dispositivo=android14, preferencias=null]
2025-12-17 13:43:50.719 [main] INFO  controlador.GestionaUsuarios - 0
2025-12-17 13:45:45.188 [main] INFO  controlador.GestionaUsuarios - Usuario [id=1513461346, username=134613461436, email=134613461377546, plan_activo=ANUAL, dispositivo=134614364136134, preferencias=null]
2025-12-17 13:45:45.190 [main] INFO  controlador.GestionaUsuarios - Usuario [id=1947, username=12515, email=3457375, plan_activo=ANUAL, dispositivo=34563457, preferencias=null]
2025-12-17 13:45:45.190 [main] INFO  controlador.GestionaUsuarios - Usuario [id=3457347534, username=125124824575, email=247245724724, plan_activo=ANUAL, dispositivo=247272457, preferencias=null]
2025-12-17 13:45:45.190 [main] INFO  controlador.GestionaUsuarios - Usuario [id=asfsfd, username=adsfahga, email=adthdfasdf, plan_activo=ANUAL, dispositivo=adhadt, preferencias=null]
2025-12-17 13:45:45.190 [main] INFO  controlador.GestionaUsuarios - Usuario [id=usr00040, username=usr00040, email=lasjf, plan_activo=ANUAL, dispositivo=android, preferencias=null]
2025-12-17 13:45:45.190 [main] INFO  controlador.GestionaUsuarios - Usuario [id=usr001, username=User001, email=user001@fitdroid.com, plan_activo=MENSUAL, dispositivo=android14, preferencias=null]
2025-12-17 13:45:45.190 [main] INFO  controlador.GestionaUsuarios - Usuario [id=usr002, username=User002, email=user002@fitdroid.com, plan_activo=MENSUAL, dispositivo=android11, preferencias=null]
2025-12-17 13:45:45.191 [main] INFO  controlador.GestionaUsuarios - Usuario [id=usr003, username=User003, email=user003@fitdroid.com, plan_activo=TRIMESTRAL, dispositivo=android12, preferencias=null]
2025-12-17 13:45:45.191 [main] INFO  controlador.GestionaUsuarios - Usuario [id=usr004, username=User004, email=user004@fitdroid.com, plan_activo=ANUAL, dispositivo=iphone16, preferencias=null]
2025-12-17 13:45:45.191 [main] INFO  controlador.GestionaUsuarios - Usuario [id=usr005, username=User005, email=user005@fitdroid.com, plan_activo=MENSUAL, dispositivo=android14, preferencias=null]
2025-12-17 13:45:45.191 [main] INFO  controlador.GestionaUsuarios - Usuario [id=usr006, username=User006, email=user006@fitdroid.com, plan_activo=FREE, dispositivo=android13, preferencias=null]
2025-12-17 13:45:45.191 [main] INFO  controlador.GestionaUsuarios - Usuario [id=usr007, username=User007, email=user007@fitdroid.com, plan_activo=MENSUAL, dispositivo=android11, preferencias=null]
2025-12-17 13:45:45.191 [main] INFO  controlador.GestionaUsuarios - Usuario [id=usr008, username=User008, email=user008@fitdroid.com, plan_activo=TRIMESTRAL, dispositivo=android11, preferencias=null]
2025-12-17 13:45:45.191 [main] INFO  controlador.GestionaUsuarios - Usuario [id=usr009, username=User009, email=user009@fitdroid.com, plan_activo=ANUAL, dispositivo=android12, preferencias=null]
2025-12-17 13:45:45.191 [main] INFO  controlador.GestionaUsuarios - Usuario [id=usr010, username=User010, email=user010@fitdroid.com, plan_activo=VIP, dispositivo=android13, preferencias=null]
2025-12-17 13:45:45.191 [main] INFO  controlador.GestionaUsuarios - Usuario [id=usr011, username=User011, email=user011@fitdroid.com, plan_activo=FREE, dispositivo=android13, preferencias=null]
2025-12-17 13:45:45.191 [main] INFO  controlador.GestionaUsuarios - Usuario [id=usr012, username=User012, email=user012@fitdroid.com, plan_activo=MENSUAL, dispositivo=iphone17, preferencias=null]
2025-12-17 13:45:45.192 [main] INFO  controlador.GestionaUsuarios - Usuario [id=usr013, username=User013, email=user013@fitdroid.com, plan_activo=TRIMESTRAL, dispositivo=android12, preferencias=null]
2025-12-17 13:45:45.192 [main] INFO  controlador.GestionaUsuarios - Usuario [id=usr014, username=User014, email=user014@fitdroid.com, plan_activo=ANUAL, dispositivo=android11, preferencias=null]
2025-12-17 13:45:45.192 [main] INFO  controlador.GestionaUsuarios - Usuario [id=usr015, username=User015, email=user015@fitdroid.com, plan_activo=VIP, dispositivo=android13, preferencias=null]
2025-12-17 13:45:45.192 [main] INFO  controlador.GestionaUsuarios - Usuario [id=usr016, username=User016, email=user016@fitdroid.com, plan_activo=FREE, dispositivo=iphone16, preferencias=null]
2025-12-17 13:45:45.192 [main] INFO  controlador.GestionaUsuarios - Usuario [id=usr017, username=User017, email=user017@fitdroid.com, plan_activo=MENSUAL, dispositivo=android13, preferencias=null]
2025-12-17 13:45:45.192 [main] INFO  controlador.GestionaUsuarios - Usuario [id=usr018, username=User018, email=user018@fitdroid.com, plan_activo=TRIMESTRAL, dispositivo=iphone16, preferencias=null]
2025-12-17 13:45:45.192 [main] INFO  controlador.GestionaUsuarios - Usuario [id=usr019, username=User019, email=user019@fitdroid.com, plan_activo=ANUAL, dispositivo=android11, preferencias=null]
2025-12-17 13:45:45.192 [main] INFO  controlador.GestionaUsuarios - Usuario [id=usr020, username=User020, email=user020@fitdroid.com, plan_activo=VIP, dispositivo=iphone17, preferencias=null]
2025-12-17 13:45:45.192 [main] INFO  controlador.GestionaUsuarios - Usuario [id=usr021, username=User021, email=user021@fitdroid.com, plan_activo=FREE, dispositivo=android11, preferencias=null]
2025-12-17 13:45:45.192 [main] INFO  controlador.GestionaUsuarios - Usuario [id=usr022, username=User022, email=user022@fitdroid.com, plan_activo=MENSUAL, dispositivo=iphone17, preferencias=null]
2025-12-17 13:45:45.192 [main] INFO  controlador.GestionaUsuarios - Usuario [id=usr023, username=User023, email=user023@fitdroid.com, plan_activo=MENSUAL, dispositivo=android14, preferencias=null]
2025-12-17 13:45:45.193 [main] INFO  controlador.GestionaUsuarios - Usuario [id=usr024, username=User024, email=user024@fitdroid.com, plan_activo=ANUAL, dispositivo=android13, preferencias=null]
2025-12-17 13:45:45.193 [main] INFO  controlador.GestionaUsuarios - Usuario [id=usr025, username=User025, email=user025@fitdroid.com, plan_activo=VIP, dispositivo=iphone15, preferencias=null]
2025-12-17 13:45:45.193 [main] INFO  controlador.GestionaUsuarios - Usuario [id=usr026, username=User026, email=user026@fitdroid.com, plan_activo=FREE, dispositivo=iphone14, preferencias=null]
2025-12-17 13:45:45.193 [main] INFO  controlador.GestionaUsuarios - Usuario [id=usr027, username=User027, email=user027@fitdroid.com, plan_activo=MENSUAL, dispositivo=iphone17, preferencias=null]
2025-12-17 13:45:45.193 [main] INFO  controlador.GestionaUsuarios - Usuario [id=usr028, username=User028, email=user028@fitdroid.com, plan_activo=TRIMESTRAL, dispositivo=android13, preferencias=null]
2025-12-17 13:45:45.193 [main] INFO  controlador.GestionaUsuarios - Usuario [id=usr029, username=User029, email=user029@fitdroid.com, plan_activo=ANUAL, dispositivo=android14, preferencias=null]
2025-12-17 13:45:45.193 [main] INFO  controlador.GestionaUsuarios - Usuario [id=usr030, username=User030, email=user030@fitdroid.com, plan_activo=VIP, dispositivo=android11, preferencias=null]
2025-12-17 13:45:45.193 [main] INFO  controlador.GestionaUsuarios - Usuario [id=usr031, username=User031, email=user031@fitdroid.com, plan_activo=FREE, dispositivo=iphone15, preferencias=null]
2025-12-17 13:45:45.193 [main] INFO  controlador.GestionaUsuarios - Usuario [id=usr032, username=User032, email=user032@fitdroid.com, plan_activo=MENSUAL, dispositivo=android12, preferencias=null]
2025-12-17 13:45:45.193 [main] INFO  controlador.GestionaUsuarios - Usuario [id=usr033, username=User033, email=user033@fitdroid.com, plan_activo=TRIMESTRAL, dispositivo=android14, preferencias=null]
2025-12-17 13:45:45.193 [main] INFO  controlador.GestionaUsuarios - Usuario [id=usr034, username=User034, email=user034@fitdroid.com, plan_activo=ANUAL, dispositivo=iphone15, preferencias=null]
2025-12-17 13:45:45.194 [main] INFO  controlador.GestionaUsuarios - Usuario [id=usr035, username=User035, email=user035@fitdroid.com, plan_activo=VIP, dispositivo=iphone17, preferencias=null]
2025-12-17 13:45:45.194 [main] INFO  controlador.GestionaUsuarios - Usuario [id=usr036, username=User036, email=user036@fitdroid.com, plan_activo=FREE, dispositivo=android13, preferencias=null]
2025-12-17 13:45:45.194 [main] INFO  controlador.GestionaUsuarios - Usuario [id=usr037, username=User037, email=user037@fitdroid.com, plan_activo=MENSUAL, dispositivo=android13, preferencias=null]
2025-12-17 13:45:45.194 [main] INFO  controlador.GestionaUsuarios - Usuario [id=usr038, username=User038, email=user038@fitdroid.com, plan_activo=TRIMESTRAL, dispositivo=iphone14, preferencias=null]
2025-12-17 13:45:45.194 [main] INFO  controlador.GestionaUsuarios - Usuario [id=usr039, username=User039, email=user039@fitdroid.com, plan_activo=ANUAL, dispositivo=android14, preferencias=null]
2025-12-17 13:45:45.194 [main] INFO  controlador.GestionaUsuarios - Usuario [id=usr040, username=User040, email=user040@fitdroid.com, plan_activo=VIP, dispositivo=android14, preferencias=null]
2025-12-17 13:45:45.216 [main] INFO  controlador.GestionaUsuarios - Usuario [id=usr002, username=User002, email=user002@fitdroid.com, plan_activo=MENSUAL, dispositivo=android11, preferencias=Preferencias [tema_oscuro=false, idioma=ES, notificaciones_push=true, limite_datos_moviles=false]]
2025-12-17 13:45:45.226 [main] INFO  repositorio.UsuarioRepositorio - SELECT email,dispositivo FROM parradomanuel.usuarios where plan_activo= ANUAL
2025-12-17 13:45:45.228 [main] INFO  controlador.GestionaUsuarios - Usuario [id=1513461346, username=134613461436, email=134613461377546, plan_activo=ANUAL, dispositivo=134614364136134, preferencias=null]
2025-12-17 13:45:45.228 [main] INFO  controlador.GestionaUsuarios - Usuario [id=1947, username=12515, email=3457375, plan_activo=ANUAL, dispositivo=34563457, preferencias=null]
2025-12-17 13:45:45.229 [main] INFO  controlador.GestionaUsuarios - Usuario [id=3457347534, username=125124824575, email=247245724724, plan_activo=ANUAL, dispositivo=247272457, preferencias=null]
2025-12-17 13:45:45.229 [main] INFO  controlador.GestionaUsuarios - Usuario [id=asfsfd, username=adsfahga, email=adthdfasdf, plan_activo=ANUAL, dispositivo=adhadt, preferencias=null]
2025-12-17 13:45:45.229 [main] INFO  controlador.GestionaUsuarios - Usuario [id=usr00040, username=usr00040, email=lasjf, plan_activo=ANUAL, dispositivo=android, preferencias=null]
2025-12-17 13:45:45.229 [main] INFO  controlador.GestionaUsuarios - Usuario [id=usr001, username=User001, email=user001@fitdroid.com, plan_activo=MENSUAL, dispositivo=android14, preferencias=null]
2025-12-17 13:45:45.229 [main] INFO  controlador.GestionaUsuarios - Usuario [id=usr002, username=User002, email=user002@fitdroid.com, plan_activo=MENSUAL, dispositivo=android11, preferencias=null]
2025-12-17 13:45:45.229 [main] INFO  controlador.GestionaUsuarios - Usuario [id=usr003, username=User003, email=user003@fitdroid.com, plan_activo=TRIMESTRAL, dispositivo=android12, preferencias=null]
2025-12-17 13:45:45.229 [main] INFO  controlador.GestionaUsuarios - Usuario [id=usr004, username=User004, email=user004@fitdroid.com, plan_activo=ANUAL, dispositivo=iphone16, preferencias=null]
2025-12-17 13:45:45.229 [main] INFO  controlador.GestionaUsuarios - Usuario [id=usr005, username=User005, email=user005@fitdroid.com, plan_activo=MENSUAL, dispositivo=android14, preferencias=null]
2025-12-17 13:45:45.229 [main] INFO  controlador.GestionaUsuarios - Usuario [id=usr006, username=User006, email=user006@fitdroid.com, plan_activo=FREE, dispositivo=android13, preferencias=null]
2025-12-17 13:45:45.229 [main] INFO  controlador.GestionaUsuarios - Usuario [id=usr007, username=User007, email=user007@fitdroid.com, plan_activo=MENSUAL, dispositivo=android11, preferencias=null]
2025-12-17 13:45:45.229 [main] INFO  controlador.GestionaUsuarios - Usuario [id=usr008, username=User008, email=user008@fitdroid.com, plan_activo=TRIMESTRAL, dispositivo=android11, preferencias=null]
2025-12-17 13:45:45.230 [main] INFO  controlador.GestionaUsuarios - Usuario [id=usr009, username=User009, email=user009@fitdroid.com, plan_activo=ANUAL, dispositivo=android12, preferencias=null]
2025-12-17 13:45:45.230 [main] INFO  controlador.GestionaUsuarios - Usuario [id=usr010, username=User010, email=user010@fitdroid.com, plan_activo=VIP, dispositivo=android13, preferencias=null]
2025-12-17 13:45:45.230 [main] INFO  controlador.GestionaUsuarios - Usuario [id=usr011, username=User011, email=user011@fitdroid.com, plan_activo=FREE, dispositivo=android13, preferencias=null]
2025-12-17 13:45:45.230 [main] INFO  controlador.GestionaUsuarios - Usuario [id=usr012, username=User012, email=user012@fitdroid.com, plan_activo=MENSUAL, dispositivo=iphone17, preferencias=null]
2025-12-17 13:45:45.230 [main] INFO  controlador.GestionaUsuarios - Usuario [id=usr013, username=User013, email=user013@fitdroid.com, plan_activo=TRIMESTRAL, dispositivo=android12, preferencias=null]
2025-12-17 13:45:45.230 [main] INFO  controlador.GestionaUsuarios - Usuario [id=usr014, username=User014, email=user014@fitdroid.com, plan_activo=ANUAL, dispositivo=android11, preferencias=null]
2025-12-17 13:45:45.230 [main] INFO  controlador.GestionaUsuarios - Usuario [id=usr015, username=User015, email=user015@fitdroid.com, plan_activo=VIP, dispositivo=android13, preferencias=null]
2025-12-17 13:45:45.230 [main] INFO  controlador.GestionaUsuarios - Usuario [id=usr016, username=User016, email=user016@fitdroid.com, plan_activo=FREE, dispositivo=iphone16, preferencias=null]
2025-12-17 13:45:45.231 [main] INFO  controlador.GestionaUsuarios - Usuario [id=usr017, username=User017, email=user017@fitdroid.com, plan_activo=MENSUAL, dispositivo=android13, preferencias=null]
2025-12-17 13:45:45.231 [main] INFO  controlador.GestionaUsuarios - Usuario [id=usr018, username=User018, email=user018@fitdroid.com, plan_activo=TRIMESTRAL, dispositivo=iphone16, preferencias=null]
2025-12-17 13:45:45.231 [main] INFO  controlador.GestionaUsuarios - Usuario [id=usr019, username=User019, email=user019@fitdroid.com, plan_activo=ANUAL, dispositivo=android11, preferencias=null]
2025-12-17 13:45:45.231 [main] INFO  controlador.GestionaUsuarios - Usuario [id=usr020, username=User020, email=user020@fitdroid.com, plan_activo=VIP, dispositivo=iphone17, preferencias=null]
2025-12-17 13:45:45.231 [main] INFO  controlador.GestionaUsuarios - Usuario [id=usr021, username=User021, email=user021@fitdroid.com, plan_activo=FREE, dispositivo=android11, preferencias=null]
2025-12-17 13:45:45.231 [main] INFO  controlador.GestionaUsuarios - Usuario [id=usr022, username=User022, email=user022@fitdroid.com, plan_activo=MENSUAL, dispositivo=iphone17, preferencias=null]
2025-12-17 13:45:45.231 [main] INFO  controlador.GestionaUsuarios - Usuario [id=usr023, username=User023, email=user023@fitdroid.com, plan_activo=MENSUAL, dispositivo=android14, preferencias=null]
2025-12-17 13:45:45.231 [main] INFO  controlador.GestionaUsuarios - Usuario [id=usr024, username=User024, email=user024@fitdroid.com, plan_activo=ANUAL, dispositivo=android13, preferencias=null]
2025-12-17 13:45:45.231 [main] INFO  controlador.GestionaUsuarios - Usuario [id=usr025, username=User025, email=user025@fitdroid.com, plan_activo=VIP, dispositivo=iphone15, preferencias=null]
2025-12-17 13:45:45.231 [main] INFO  controlador.GestionaUsuarios - Usuario [id=usr026, username=User026, email=user026@fitdroid.com, plan_activo=FREE, dispositivo=iphone14, preferencias=null]
2025-12-17 13:45:45.231 [main] INFO  controlador.GestionaUsuarios - Usuario [id=usr027, username=User027, email=user027@fitdroid.com, plan_activo=MENSUAL, dispositivo=iphone17, preferencias=null]
2025-12-17 13:45:45.231 [main] INFO  controlador.GestionaUsuarios - Usuario [id=usr028, username=User028, email=user028@fitdroid.com, plan_activo=TRIMESTRAL, dispositivo=android13, preferencias=null]
2025-12-17 13:45:45.231 [main] INFO  controlador.GestionaUsuarios - Usuario [id=usr029, username=User029, email=user029@fitdroid.com, plan_activo=ANUAL, dispositivo=android14, preferencias=null]
2025-12-17 13:45:45.231 [main] INFO  controlador.GestionaUsuarios - Usuario [id=usr030, username=User030, email=user030@fitdroid.com, plan_activo=VIP, dispositivo=android11, preferencias=null]
2025-12-17 13:45:45.232 [main] INFO  controlador.GestionaUsuarios - Usuario [id=usr031, username=User031, email=user031@fitdroid.com, plan_activo=FREE, dispositivo=iphone15, preferencias=null]
2025-12-17 13:45:45.232 [main] INFO  controlador.GestionaUsuarios - Usuario [id=usr032, username=User032, email=user032@fitdroid.com, plan_activo=MENSUAL, dispositivo=android12, preferencias=null]
2025-12-17 13:45:45.232 [main] INFO  controlador.GestionaUsuarios - Usuario [id=usr033, username=User033, email=user033@fitdroid.com, plan_activo=TRIMESTRAL, dispositivo=android14, preferencias=null]
2025-12-17 13:45:45.232 [main] INFO  controlador.GestionaUsuarios - Usuario [id=usr034, username=User034, email=user034@fitdroid.com, plan_activo=ANUAL, dispositivo=iphone15, preferencias=null]
2025-12-17 13:45:45.232 [main] INFO  controlador.GestionaUsuarios - Usuario [id=usr035, username=User035, email=user035@fitdroid.com, plan_activo=VIP, dispositivo=iphone17, preferencias=null]
2025-12-17 13:45:45.232 [main] INFO  controlador.GestionaUsuarios - Usuario [id=usr036, username=User036, email=user036@fitdroid.com, plan_activo=FREE, dispositivo=android13, preferencias=null]
2025-12-17 13:45:45.232 [main] INFO  controlador.GestionaUsuarios - Usuario [id=usr037, username=User037, email=user037@fitdroid.com, plan_activo=MENSUAL, dispositivo=android13, preferencias=null]
2025-12-17 13:45:45.232 [main] INFO  controlador.GestionaUsuarios - Usuario [id=usr038, username=User038, email=user038@fitdroid.com, plan_activo=TRIMESTRAL, dispositivo=iphone14, preferencias=null]
2025-12-17 13:45:45.232 [main] INFO  controlador.GestionaUsuarios - Usuario [id=usr039, username=User039, email=user039@fitdroid.com, plan_activo=ANUAL, dispositivo=android14, preferencias=null]
2025-12-17 13:45:45.232 [main] INFO  controlador.GestionaUsuarios - Usuario [id=usr040, username=User040, email=user040@fitdroid.com, plan_activo=VIP, dispositivo=android14, preferencias=null]
2025-12-17 13:45:45.263 [main] INFO  controlador.GestionaUsuarios - 0
2025-12-17 13:49:21.489 [main] INFO  controlador.GestionaUsuarios - Usuario [id=1513461346, username=134613461436, email=134613461377546, plan_activo=ANUAL, dispositivo=134614364136134, preferencias=null]
2025-12-17 13:49:21.491 [main] INFO  controlador.GestionaUsuarios - Usuario [id=1947, username=12515, email=3457375, plan_activo=ANUAL, dispositivo=34563457, preferencias=null]
2025-12-17 13:49:21.492 [main] INFO  controlador.GestionaUsuarios - Usuario [id=3457347534, username=125124824575, email=247245724724, plan_activo=ANUAL, dispositivo=247272457, preferencias=null]
2025-12-17 13:49:21.492 [main] INFO  controlador.GestionaUsuarios - Usuario [id=asfsfd, username=adsfahga, email=adthdfasdf, plan_activo=ANUAL, dispositivo=adhadt, preferencias=null]
2025-12-17 13:49:21.492 [main] INFO  controlador.GestionaUsuarios - Usuario [id=usr00040, username=usr00040, email=lasjf, plan_activo=ANUAL, dispositivo=android, preferencias=null]
2025-12-17 13:49:21.492 [main] INFO  controlador.GestionaUsuarios - Usuario [id=usr001, username=User001, email=user001@fitdroid.com, plan_activo=MENSUAL, dispositivo=android14, preferencias=null]
2025-12-17 13:49:21.492 [main] INFO  controlador.GestionaUsuarios - Usuario [id=usr002, username=User002, email=user002@fitdroid.com, plan_activo=MENSUAL, dispositivo=android11, preferencias=null]
2025-12-17 13:49:21.492 [main] INFO  controlador.GestionaUsuarios - Usuario [id=usr003, username=User003, email=user003@fitdroid.com, plan_activo=TRIMESTRAL, dispositivo=android12, preferencias=null]
2025-12-17 13:49:21.492 [main] INFO  controlador.GestionaUsuarios - Usuario [id=usr004, username=User004, email=user004@fitdroid.com, plan_activo=ANUAL, dispositivo=iphone16, preferencias=null]
2025-12-17 13:49:21.492 [main] INFO  controlador.GestionaUsuarios - Usuario [id=usr005, username=User005, email=user005@fitdroid.com, plan_activo=MENSUAL, dispositivo=android14, preferencias=null]
2025-12-17 13:49:21.492 [main] INFO  controlador.GestionaUsuarios - Usuario [id=usr006, username=User006, email=user006@fitdroid.com, plan_activo=FREE, dispositivo=android13, preferencias=null]
2025-12-17 13:49:21.492 [main] INFO  controlador.GestionaUsuarios - Usuario [id=usr007, username=User007, email=user007@fitdroid.com, plan_activo=MENSUAL, dispositivo=android11, preferencias=null]
2025-12-17 13:49:21.492 [main] INFO  controlador.GestionaUsuarios - Usuario [id=usr008, username=User008, email=user008@fitdroid.com, plan_activo=TRIMESTRAL, dispositivo=android11, preferencias=null]
2025-12-17 13:49:21.493 [main] INFO  controlador.GestionaUsuarios - Usuario [id=usr009, username=User009, email=user009@fitdroid.com, plan_activo=ANUAL, dispositivo=android12, preferencias=null]
2025-12-17 13:49:21.493 [main] INFO  controlador.GestionaUsuarios - Usuario [id=usr010, username=User010, email=user010@fitdroid.com, plan_activo=VIP, dispositivo=android13, preferencias=null]
2025-12-17 13:49:21.493 [main] INFO  controlador.GestionaUsuarios - Usuario [id=usr011, username=User011, email=user011@fitdroid.com, plan_activo=FREE, dispositivo=android13, preferencias=null]
2025-12-17 13:49:21.493 [main] INFO  controlador.GestionaUsuarios - Usuario [id=usr012, username=User012, email=user012@fitdroid.com, plan_activo=MENSUAL, dispositivo=iphone17, preferencias=null]
2025-12-17 13:49:21.493 [main] INFO  controlador.GestionaUsuarios - Usuario [id=usr013, username=User013, email=user013@fitdroid.com, plan_activo=TRIMESTRAL, dispositivo=android12, preferencias=null]
2025-12-17 13:49:21.493 [main] INFO  controlador.GestionaUsuarios - Usuario [id=usr014, username=User014, email=user014@fitdroid.com, plan_activo=ANUAL, dispositivo=android11, preferencias=null]
2025-12-17 13:49:21.493 [main] INFO  controlador.GestionaUsuarios - Usuario [id=usr015, username=User015, email=user015@fitdroid.com, plan_activo=VIP, dispositivo=android13, preferencias=null]
2025-12-17 13:49:21.493 [main] INFO  controlador.GestionaUsuarios - Usuario [id=usr016, username=User016, email=user016@fitdroid.com, plan_activo=FREE, dispositivo=iphone16, preferencias=null]
2025-12-17 13:49:21.493 [main] INFO  controlador.GestionaUsuarios - Usuario [id=usr017, username=User017, email=user017@fitdroid.com, plan_activo=MENSUAL, dispositivo=android13, preferencias=null]
2025-12-17 13:49:21.493 [main] INFO  controlador.GestionaUsuarios - Usuario [id=usr018, username=User018, email=user018@fitdroid.com, plan_activo=TRIMESTRAL, dispositivo=iphone16, preferencias=null]
2025-12-17 13:49:21.493 [main] INFO  controlador.GestionaUsuarios - Usuario [id=usr019, username=User019, email=user019@fitdroid.com, plan_activo=ANUAL, dispositivo=android11, preferencias=null]
2025-12-17 13:49:21.494 [main] INFO  controlador.GestionaUsuarios - Usuario [id=usr020, username=User020, email=user020@fitdroid.com, plan_activo=VIP, dispositivo=iphone17, preferencias=null]
2025-12-17 13:49:21.494 [main] INFO  controlador.GestionaUsuarios - Usuario [id=usr021, username=User021, email=user021@fitdroid.com, plan_activo=FREE, dispositivo=android11, preferencias=null]
2025-12-17 13:49:21.494 [main] INFO  controlador.GestionaUsuarios - Usuario [id=usr022, username=User022, email=user022@fitdroid.com, plan_activo=MENSUAL, dispositivo=iphone17, preferencias=null]
2025-12-17 13:49:21.494 [main] INFO  controlador.GestionaUsuarios - Usuario [id=usr023, username=User023, email=user023@fitdroid.com, plan_activo=MENSUAL, dispositivo=android14, preferencias=null]
2025-12-17 13:49:21.494 [main] INFO  controlador.GestionaUsuarios - Usuario [id=usr024, username=User024, email=user024@fitdroid.com, plan_activo=ANUAL, dispositivo=android13, preferencias=null]
2025-12-17 13:49:21.494 [main] INFO  controlador.GestionaUsuarios - Usuario [id=usr025, username=User025, email=user025@fitdroid.com, plan_activo=VIP, dispositivo=iphone15, preferencias=null]
2025-12-17 13:49:21.494 [main] INFO  controlador.GestionaUsuarios - Usuario [id=usr026, username=User026, email=user026@fitdroid.com, plan_activo=FREE, dispositivo=iphone14, preferencias=null]
2025-12-17 13:49:21.494 [main] INFO  controlador.GestionaUsuarios - Usuario [id=usr027, username=User027, email=user027@fitdroid.com, plan_activo=MENSUAL, dispositivo=iphone17, preferencias=null]
2025-12-17 13:49:21.494 [main] INFO  controlador.GestionaUsuarios - Usuario [id=usr028, username=User028, email=user028@fitdroid.com, plan_activo=TRIMESTRAL, dispositivo=android13, preferencias=null]
2025-12-17 13:49:21.494 [main] INFO  controlador.GestionaUsuarios - Usuario [id=usr029, username=User029, email=user029@fitdroid.com, plan_activo=ANUAL, dispositivo=android14, preferencias=null]
2025-12-17 13:49:21.495 [main] INFO  controlador.GestionaUsuarios - Usuario [id=usr030, username=User030, email=user030@fitdroid.com, plan_activo=VIP, dispositivo=android11, preferencias=null]
2025-12-17 13:49:21.495 [main] INFO  controlador.GestionaUsuarios - Usuario [id=usr031, username=User031, email=user031@fitdroid.com, plan_activo=FREE, dispositivo=iphone15, preferencias=null]
2025-12-17 13:49:21.495 [main] INFO  controlador.GestionaUsuarios - Usuario [id=usr032, username=User032, email=user032@fitdroid.com, plan_activo=MENSUAL, dispositivo=android12, preferencias=null]
2025-12-17 13:49:21.495 [main] INFO  controlador.GestionaUsuarios - Usuario [id=usr033, username=User033, email=user033@fitdroid.com, plan_activo=TRIMESTRAL, dispositivo=android14, preferencias=null]
2025-12-17 13:49:21.495 [main] INFO  controlador.GestionaUsuarios - Usuario [id=usr034, username=User034, email=user034@fitdroid.com, plan_activo=ANUAL, dispositivo=iphone15, preferencias=null]
2025-12-17 13:49:21.495 [main] INFO  controlador.GestionaUsuarios - Usuario [id=usr035, username=User035, email=user035@fitdroid.com, plan_activo=VIP, dispositivo=iphone17, preferencias=null]
2025-12-17 13:49:21.495 [main] INFO  controlador.GestionaUsuarios - Usuario [id=usr036, username=User036, email=user036@fitdroid.com, plan_activo=FREE, dispositivo=android13, preferencias=null]
2025-12-17 13:49:21.495 [main] INFO  controlador.GestionaUsuarios - Usuario [id=usr037, username=User037, email=user037@fitdroid.com, plan_activo=MENSUAL, dispositivo=android13, preferencias=null]
2025-12-17 13:49:21.495 [main] INFO  controlador.GestionaUsuarios - Usuario [id=usr038, username=User038, email=user038@fitdroid.com, plan_activo=TRIMESTRAL, dispositivo=iphone14, preferencias=null]
2025-12-17 13:49:21.495 [main] INFO  controlador.GestionaUsuarios - Usuario [id=usr039, username=User039, email=user039@fitdroid.com, plan_activo=ANUAL, dispositivo=android14, preferencias=null]
2025-12-17 13:49:21.496 [main] INFO  controlador.GestionaUsuarios - Usuario [id=usr040, username=User040, email=user040@fitdroid.com, plan_activo=VIP, dispositivo=android14, preferencias=null]
2025-12-17 13:49:21.519 [main] INFO  controlador.GestionaUsuarios - Usuario [id=usr002, username=User002, email=user002@fitdroid.com, plan_activo=MENSUAL, dispositivo=android11, preferencias=Preferencias [tema_oscuro=false, idioma=ES, notificaciones_push=true, limite_datos_moviles=false]]
2025-12-17 13:49:21.528 [main] INFO  repositorio.UsuarioRepositorio - SELECT email,dispositivo FROM parradomanuel.usuarios where plan_activo= ? 
2025-12-17 13:49:21.550 [main] INFO  controlador.GestionaUsuarios - Usuario [id=1513461346, username=134613461436, email=134613461377546, plan_activo=ANUAL, dispositivo=134614364136134, preferencias=null]
2025-12-17 13:49:21.550 [main] INFO  controlador.GestionaUsuarios - Usuario [id=1947, username=12515, email=3457375, plan_activo=ANUAL, dispositivo=34563457, preferencias=null]
2025-12-17 13:49:21.550 [main] INFO  controlador.GestionaUsuarios - Usuario [id=3457347534, username=125124824575, email=247245724724, plan_activo=ANUAL, dispositivo=247272457, preferencias=null]
2025-12-17 13:49:21.550 [main] INFO  controlador.GestionaUsuarios - Usuario [id=asfsfd, username=adsfahga, email=adthdfasdf, plan_activo=ANUAL, dispositivo=adhadt, preferencias=null]
2025-12-17 13:49:21.550 [main] INFO  controlador.GestionaUsuarios - Usuario [id=usr00040, username=usr00040, email=lasjf, plan_activo=ANUAL, dispositivo=android, preferencias=null]
2025-12-17 13:49:21.550 [main] INFO  controlador.GestionaUsuarios - Usuario [id=usr001, username=User001, email=user001@fitdroid.com, plan_activo=MENSUAL, dispositivo=android14, preferencias=null]
2025-12-17 13:49:21.550 [main] INFO  controlador.GestionaUsuarios - Usuario [id=usr002, username=User002, email=user002@fitdroid.com, plan_activo=MENSUAL, dispositivo=android11, preferencias=null]
2025-12-17 13:49:21.551 [main] INFO  controlador.GestionaUsuarios - Usuario [id=usr003, username=User003, email=user003@fitdroid.com, plan_activo=TRIMESTRAL, dispositivo=android12, preferencias=null]
2025-12-17 13:49:21.551 [main] INFO  controlador.GestionaUsuarios - Usuario [id=usr004, username=User004, email=user004@fitdroid.com, plan_activo=ANUAL, dispositivo=iphone16, preferencias=null]
2025-12-17 13:49:21.551 [main] INFO  controlador.GestionaUsuarios - Usuario [id=usr005, username=User005, email=user005@fitdroid.com, plan_activo=MENSUAL, dispositivo=android14, preferencias=null]
2025-12-17 13:49:21.551 [main] INFO  controlador.GestionaUsuarios - Usuario [id=usr006, username=User006, email=user006@fitdroid.com, plan_activo=FREE, dispositivo=android13, preferencias=null]
2025-12-17 13:49:21.551 [main] INFO  controlador.GestionaUsuarios - Usuario [id=usr007, username=User007, email=user007@fitdroid.com, plan_activo=MENSUAL, dispositivo=android11, preferencias=null]
2025-12-17 13:49:21.551 [main] INFO  controlador.GestionaUsuarios - Usuario [id=usr008, username=User008, email=user008@fitdroid.com, plan_activo=TRIMESTRAL, dispositivo=android11, preferencias=null]
2025-12-17 13:49:21.551 [main] INFO  controlador.GestionaUsuarios - Usuario [id=usr009, username=User009, email=user009@fitdroid.com, plan_activo=ANUAL, dispositivo=android12, preferencias=null]
2025-12-17 13:49:21.551 [main] INFO  controlador.GestionaUsuarios - Usuario [id=usr010, username=User010, email=user010@fitdroid.com, plan_activo=VIP, dispositivo=android13, preferencias=null]
2025-12-17 13:49:21.551 [main] INFO  controlador.GestionaUsuarios - Usuario [id=usr011, username=User011, email=user011@fitdroid.com, plan_activo=FREE, dispositivo=android13, preferencias=null]
2025-12-17 13:49:21.551 [main] INFO  controlador.GestionaUsuarios - Usuario [id=usr012, username=User012, email=user012@fitdroid.com, plan_activo=MENSUAL, dispositivo=iphone17, preferencias=null]
2025-12-17 13:49:21.552 [main] INFO  controlador.GestionaUsuarios - Usuario [id=usr013, username=User013, email=user013@fitdroid.com, plan_activo=TRIMESTRAL, dispositivo=android12, preferencias=null]
2025-12-17 13:49:21.552 [main] INFO  controlador.GestionaUsuarios - Usuario [id=usr014, username=User014, email=user014@fitdroid.com, plan_activo=ANUAL, dispositivo=android11, preferencias=null]
2025-12-17 13:49:21.552 [main] INFO  controlador.GestionaUsuarios - Usuario [id=usr015, username=User015, email=user015@fitdroid.com, plan_activo=VIP, dispositivo=android13, preferencias=null]
2025-12-17 13:49:21.552 [main] INFO  controlador.GestionaUsuarios - Usuario [id=usr016, username=User016, email=user016@fitdroid.com, plan_activo=FREE, dispositivo=iphone16, preferencias=null]
2025-12-17 13:49:21.552 [main] INFO  controlador.GestionaUsuarios - Usuario [id=usr017, username=User017, email=user017@fitdroid.com, plan_activo=MENSUAL, dispositivo=android13, preferencias=null]
2025-12-17 13:49:21.552 [main] INFO  controlador.GestionaUsuarios - Usuario [id=usr018, username=User018, email=user018@fitdroid.com, plan_activo=TRIMESTRAL, dispositivo=iphone16, preferencias=null]
2025-12-17 13:49:21.552 [main] INFO  controlador.GestionaUsuarios - Usuario [id=usr019, username=User019, email=user019@fitdroid.com, plan_activo=ANUAL, dispositivo=android11, preferencias=null]
2025-12-17 13:49:21.552 [main] INFO  controlador.GestionaUsuarios - Usuario [id=usr020, username=User020, email=user020@fitdroid.com, plan_activo=VIP, dispositivo=iphone17, preferencias=null]
2025-12-17 13:49:21.552 [main] INFO  controlador.GestionaUsuarios - Usuario [id=usr021, username=User021, email=user021@fitdroid.com, plan_activo=FREE, dispositivo=android11, preferencias=null]
2025-12-17 13:49:21.552 [main] INFO  controlador.GestionaUsuarios - Usuario [id=usr022, username=User022, email=user022@fitdroid.com, plan_activo=MENSUAL, dispositivo=iphone17, preferencias=null]
2025-12-17 13:49:21.552 [main] INFO  controlador.GestionaUsuarios - Usuario [id=usr023, username=User023, email=user023@fitdroid.com, plan_activo=MENSUAL, dispositivo=android14, preferencias=null]
2025-12-17 13:49:21.552 [main] INFO  controlador.GestionaUsuarios - Usuario [id=usr024, username=User024, email=user024@fitdroid.com, plan_activo=ANUAL, dispositivo=android13, preferencias=null]
2025-12-17 13:49:21.553 [main] INFO  controlador.GestionaUsuarios - Usuario [id=usr025, username=User025, email=user025@fitdroid.com, plan_activo=VIP, dispositivo=iphone15, preferencias=null]
2025-12-17 13:49:21.553 [main] INFO  controlador.GestionaUsuarios - Usuario [id=usr026, username=User026, email=user026@fitdroid.com, plan_activo=FREE, dispositivo=iphone14, preferencias=null]
2025-12-17 13:49:21.553 [main] INFO  controlador.GestionaUsuarios - Usuario [id=usr027, username=User027, email=user027@fitdroid.com, plan_activo=MENSUAL, dispositivo=iphone17, preferencias=null]
2025-12-17 13:49:21.553 [main] INFO  controlador.GestionaUsuarios - Usuario [id=usr028, username=User028, email=user028@fitdroid.com, plan_activo=TRIMESTRAL, dispositivo=android13, preferencias=null]
2025-12-17 13:49:21.553 [main] INFO  controlador.GestionaUsuarios - Usuario [id=usr029, username=User029, email=user029@fitdroid.com, plan_activo=ANUAL, dispositivo=android14, preferencias=null]
2025-12-17 13:49:21.553 [main] INFO  controlador.GestionaUsuarios - Usuario [id=usr030, username=User030, email=user030@fitdroid.com, plan_activo=VIP, dispositivo=android11, preferencias=null]
2025-12-17 13:49:21.553 [main] INFO  controlador.GestionaUsuarios - Usuario [id=usr031, username=User031, email=user031@fitdroid.com, plan_activo=FREE, dispositivo=iphone15, preferencias=null]
2025-12-17 13:49:21.553 [main] INFO  controlador.GestionaUsuarios - Usuario [id=usr032, username=User032, email=user032@fitdroid.com, plan_activo=MENSUAL, dispositivo=android12, preferencias=null]
2025-12-17 13:49:21.553 [main] INFO  controlador.GestionaUsuarios - Usuario [id=usr033, username=User033, email=user033@fitdroid.com, plan_activo=TRIMESTRAL, dispositivo=android14, preferencias=null]
2025-12-17 13:49:21.554 [main] INFO  controlador.GestionaUsuarios - Usuario [id=usr034, username=User034, email=user034@fitdroid.com, plan_activo=ANUAL, dispositivo=iphone15, preferencias=null]
2025-12-17 13:49:21.554 [main] INFO  controlador.GestionaUsuarios - Usuario [id=usr035, username=User035, email=user035@fitdroid.com, plan_activo=VIP, dispositivo=iphone17, preferencias=null]
2025-12-17 13:49:21.554 [main] INFO  controlador.GestionaUsuarios - Usuario [id=usr036, username=User036, email=user036@fitdroid.com, plan_activo=FREE, dispositivo=android13, preferencias=null]
2025-12-17 13:49:21.554 [main] INFO  controlador.GestionaUsuarios - Usuario [id=usr037, username=User037, email=user037@fitdroid.com, plan_activo=MENSUAL, dispositivo=android13, preferencias=null]
2025-12-17 13:49:21.554 [main] INFO  controlador.GestionaUsuarios - Usuario [id=usr038, username=User038, email=user038@fitdroid.com, plan_activo=TRIMESTRAL, dispositivo=iphone14, preferencias=null]
2025-12-17 13:49:21.554 [main] INFO  controlador.GestionaUsuarios - Usuario [id=usr039, username=User039, email=user039@fitdroid.com, plan_activo=ANUAL, dispositivo=android14, preferencias=null]
2025-12-17 13:49:21.554 [main] INFO  controlador.GestionaUsuarios - Usuario [id=usr040, username=User040, email=user040@fitdroid.com, plan_activo=VIP, dispositivo=android14, preferencias=null]
2025-12-17 13:49:21.564 [main] INFO  controlador.GestionaUsuarios - 0
